claim_id	lane	file	line	kind	token	in_fence	verbatim	proposed_check	verdict	evidence	severity	settled_by	quotable	blind_verdict	blind_evidence	disposition	mech_verdict	mech_evidence	fix_status	ext_verdict	ext_evidence	tiebreak
C0001-f951b14b	P0	.ai-docs/TEE_Attestation_Architecture.md	44	repo_path	blockchainapi/model_tags.go	0	- `IsTeeModel()` helper for on-chain tag detection — **DONE** (`blockchainapi/model_tags.go`)		TRUE	resolves to proxy-router/internal/blockchainapi/model_tags.go	-	script	yes									
C0002-33448f3f	P0	.ai-docs/TEE_Attestation_Architecture.md	45	repo_path	attestation/verifier.go	0	- Consumer-side attestation verification before session creation (fetches quote from SecretVM host endpoint at `:29343`, verifies via SecretAI portal, compares to manifest) — **DONE** (`attestation/ve		TRUE	resolves to proxy-router/internal/attestation/verifier.go	-	script	yes									
C0003-6501e022	P0	.ai-docs/TEE_Attestation_Architecture.md	45	repo_path	blockchainapi/service.go	0	- Consumer-side attestation verification before session creation (fetches quote from SecretVM host endpoint at `:29343`, verifies via SecretAI portal, compares to manifest) — **DONE** (`attestation/ve		TRUE	resolves to proxy-router/internal/blockchainapi/service.go	-	script	yes									
C0004-917e94c4	P0	.ai-docs/TEE_Attestation_Architecture.md	45	repo_path	proxyapi/proxy_sender.go	0	- Consumer-side attestation verification before session creation (fetches quote from SecretVM host endpoint at `:29343`, verifies via SecretAI portal, compares to manifest) — **DONE** (`attestation/ve		TRUE	resolves to proxy-router/internal/proxyapi/proxy_sender.go	-	script	yes									
C0005-45ffc3e9	P0	.ai-docs/TEE_Attestation_Architecture.md	65	env	ARTIFACT_REGISTRY_URL	0	- Artifact registry auto-refresh (`ArtifactRegistry`) — **DONE** (configurable via `ARTIFACT_REGISTRY_URL`, `ARTIFACT_REGISTRY_REFRESH_INTERVAL`)		TRUE	proxy-router/internal/config/config.go:101	-	script	yes									
C0006-6417ac4c	P0	.ai-docs/TEE_Attestation_Architecture.md	65	env	ARTIFACT_REGISTRY_REFRESH_INTERVAL	0	- Artifact registry auto-refresh (`ArtifactRegistry`) — **DONE** (configurable via `ARTIFACT_REGISTRY_URL`, `ARTIFACT_REGISTRY_REFRESH_INTERVAL`)		TRUE	proxy-router/internal/config/config.go:103	-	script	yes									
C0007-49e23b88	P0	.ai-docs/TEE_Attestation_Architecture.md	74	env	SECRETVM_TEST_SEV_VM_UUID	0	- Auto-deploy + RTMR3-style verification for an SEV test VM (TDX-only today; needs SEV-flavoured offsets and a separate `SECRETVM_TEST_SEV_VM_UUID`)		TRUE	verifier.go/backend_verifier.go show TDX-only support today; doc explicitly frames SECRETVM_TEST_SEV_VM_UUID as a future TODO need, matching reality that it doesn't exist yet.	-	L7-tee	yes									
C0008-86380416	P0	.ai-docs/TEE_Attestation_Architecture.md	101	env	TEE_PORTAL_URL	0	| **Quote parse API (TDX)** | `POST https://secretai.scrtlabs.com/api/quote-parse` | Parse Intel TDX quotes (hex) into human-readable fields. Default `TEE_PORTAL_URL`. |		TRUE	proxy-router/internal/config/config.go:99	-	script	yes									
C0009-9e72d04e	P0	.ai-docs/TEE_Attestation_Architecture.md	104	external_url	https://github.com/scrtlabs/reproduce-mr	0	| **`reproduce-mr` tool** | [github.com/scrtlabs/reproduce-mr](https://github.com/scrtlabs/reproduce-mr) | Compute expected RTMR values (Intel TDX) from VM artifacts + docker-compose. CI uses our stan		UNVERIFIABLE-IN-REPO	external URL — out of scope (in-repo reach)	-	script	yes									
C0010-189e8745	P0	.ai-docs/TEE_Attestation_Architecture.md	105	external_url	https://github.com/scrtlabs/secretvm-verify	0	| **SecretVM SEV verifier** | [github.com/scrtlabs/secretvm-verify](https://github.com/scrtlabs/secretvm-verify) | TypeScript reference verifier; the Go port lives at `proxy-router/internal/attestatio		UNVERIFIABLE-IN-REPO	external URL — out of scope (in-repo reach)	-	script	yes									
C0011-ef298433	P0	.ai-docs/TEE_Attestation_Architecture.md	105	repo_path	proxy-router/internal/attestation/sev_*.go	0	| **SecretVM SEV verifier** | [github.com/scrtlabs/secretvm-verify](https://github.com/scrtlabs/secretvm-verify) | TypeScript reference verifier; the Go port lives at `proxy-router/internal/attestatio		TRUE	Glob resolves to real files: attestation/sev_gctx.go (CalcSevMeasurement), sev_workload.go (VerifySevWorkload), sev_registry.go — the Go port of secretvm-verify's SEV path.	-	L7-tee	yes									
C0012-63f35ebb	P0	.ai-docs/TEE_Attestation_Architecture.md	108	external_url	https://github.com/scrtlabs/secret-vm-build/releases	0	| **SecretVM build artifacts** | [github.com/scrtlabs/secret-vm-build/releases](https://github.com/scrtlabs/secret-vm-build/releases) | Firmware (ovmf.fd), kernel (bzImage), initramfs, rootfs — needed		UNVERIFIABLE-IN-REPO	external URL — out of scope (in-repo reach)	-	script	yes									
C0013-b3986610	P0	.ai-docs/TEE_Attestation_Architecture.md	111	external_url	https://docs.scrt.network/secret-network-documentation/secretvm-confidential-virtual-machines/secretvm-cli	0	| **SecretVM CLI** | `npm install --global secretvm-cli` / [CLI docs](https://docs.scrt.network/secret-network-documentation/secretvm-confidential-virtual-machines/secretvm-cli) | CLI tool for provisi		UNVERIFIABLE-IN-REPO	external URL — out of scope (in-repo reach)	-	script	yes									
C0014-6613e855	P0	.ai-docs/TEE_Attestation_Architecture.md	116	external_url	https://github.com/MorpheusAIs/Morpheus-Lumerin-Node/pull/652	0	Two ways to deploy a TEE VM on SecretVM (contributed by SCRT Labs via [PR #652](https://github.com/MorpheusAIs/Morpheus-Lumerin-Node/pull/652)):		UNVERIFIABLE-IN-REPO	external URL — out of scope (in-repo reach)	-	script	yes									
C0015-0c5335fe	P0	.ai-docs/TEE_Attestation_Architecture.md	267	external_url	https://github.com/MorpheusAIs/Morpheus-Lumerin-Node/actions/runs/22920492249	0	First successful run: [#22920492249](https://github.com/MorpheusAIs/Morpheus-Lumerin-Node/actions/runs/22920492249)		UNVERIFIABLE-IN-REPO	external URL — out of scope (in-repo reach)	-	script	yes									
C0016-869f5855	P0	.ai-docs/TEE_Attestation_Architecture.md	295	repo_path	.ai-docs/TEE_CICD_Supply_Chain_Hardening.md	0	| Supply-chain hardening deep-dive doc | `.ai-docs/TEE_CICD_Supply_Chain_Hardening.md` in Morpheus-Lumerin-Node |		TRUE	.ai-docs/TEE_CICD_Supply_Chain_Hardening.md exists	-	script	yes									
C0017-faccc6dc	P0	.ai-docs/TEE_Attestation_Architecture.md	296	repo_path	docs/02.3-proxy-router-tee.md	0	| Provider setup & consumer verification guide | `docs/02.3-proxy-router-tee.md` in Morpheus-Lumerin-Node |		STALE	docs/02.3-proxy-router-tee.md does not exist; docs/ is now Mintlify .mdx. Confirmed-dead cross-reference per task scope note.	S3	L7-tee	yes									
C0018-002cd9ea	P0	.ai-docs/TEE_Attestation_Architecture.md	316	address	addr#acb3e366	1	"DIAMOND_CONTRACT_ADDRESS": "0x<redacted>",		TRUE	matches an address in .env.example / smart-contracts/deploy/data (value withheld)	-	script	yes									
C0019-73124f6d	P0	.ai-docs/TEE_Attestation_Architecture.md	317	address	addr#56f99c5e	1	"MOR_TOKEN_ADDRESS": "0x<redacted>",		TRUE	matches an address in .env.example / smart-contracts/deploy/data (value withheld)	-	script	yes									
C0020-ac60d949	P0	.ai-docs/TEE_Attestation_Architecture.md	352	repo_path	cicd/scrt-generate-rtmr3	0	**Implementation (branch `cicd/scrt-generate-rtmr3`):**		UNVERIFIABLE-IN-REPO	looks like an external owner/repo reference	-	script	yes									
C0021-9479b2db	P0	.ai-docs/TEE_Attestation_Architecture.md	354	repo_path	proxy-router/scripts/compute-rtmr3.py	0	1. **Standalone computation script:** `proxy-router/scripts/compute-rtmr3.py`		TRUE	proxy-router/scripts/compute-rtmr3.py exists	-	script	yes									
C0022-71780a94	P0	.ai-docs/TEE_Attestation_Architecture.md	355	external_url	https://github.com/scrtlabs/reproduce-mr	0	- Matches the `replayRTMR` algorithm from [scrtlabs/reproduce-mr](https://github.com/scrtlabs/reproduce-mr) (internal/mr.go lines 642-657)		UNVERIFIABLE-IN-REPO	external URL — out of scope (in-repo reach)	-	script	yes									
C0023-2b16e258	P0	.ai-docs/TEE_Attestation_Architecture.md	360	repo_path	.github/tee/secretvm.env	0	2. **SecretVM artifact config:** `.github/tee/secretvm.env`		TRUE	.github/tee/secretvm.env exists	-	script	yes									
C0024-7adbb028	P0	.ai-docs/TEE_Attestation_Architecture.md	363	env	SECRETVM_SEV_REGISTRY_URL	0	- Pins the SEV artifact registry URL (`SECRETVM_SEV_REGISTRY_URL`) and the registry vm_type (`SECRETVM_SEV_REGISTRY_VM_TYPE=prod`) — used by `compute-sev-measurement.py` to find the right entry		TRUE	.github/tee/secretvm.env:29-30 defines SECRETVM_SEV_REGISTRY_URL and SECRETVM_SEV_REGISTRY_VM_TYPE=prod exactly as described; build.yml passes vm_type to compute-sev-measurement.py --vm-type.	-	L7-tee	yes									
C0025-f94c1cd2	P0	.ai-docs/TEE_Attestation_Architecture.md	364	env_negated	SECRETVM_ROOTFS_VARIANT	0	- All pipeline references to rootfs filenames are derived from `SECRETVM_ROOTFS_VARIANT` (no hardcoded filenames in `build.yml`); the platform suffix (`-tdx` / `-sev`) is appended at use site		TRUE	doc asserts this name does NOT exist, and it does not exist in the repo	-	script	yes									
C0026-55d69f8f	P0	.ai-docs/TEE_Attestation_Architecture.md	443	repo_path	proxy-router/Dockerfile.tee	0	The `baked_env.LOG_LEVEL_*` fields are extracted from `proxy-router/Dockerfile.tee` at manifest-generation time. The pipeline hard-fails the build if any of `LOG_LEVEL_APP`/`LOG_LEVEL_TCP`/`LOG_LEVEL_		TRUE	proxy-router/Dockerfile.tee exists	-	script	yes									
C0027-95796ce9	P0	.ai-docs/TEE_Attestation_Architecture.md	443	env_negated	LOG_LEVEL_APP	0	The `baked_env.LOG_LEVEL_*` fields are extracted from `proxy-router/Dockerfile.tee` at manifest-generation time. The pipeline hard-fails the build if any of `LOG_LEVEL_APP`/`LOG_LEVEL_TCP`/`LOG_LEVEL_		TRUE	.github/workflows/build.yml:797-823 hard-fails (exit 1) if LOG_LEVEL_APP is missing from Dockerfile.tee, matching the claim; config.go:55 also defines the runtime env tag.	-	L7-tee	yes									
C0028-7c12e5d1	P0	.ai-docs/TEE_Attestation_Architecture.md	443	env_negated	LOG_LEVEL_TCP	0	The `baked_env.LOG_LEVEL_*` fields are extracted from `proxy-router/Dockerfile.tee` at manifest-generation time. The pipeline hard-fails the build if any of `LOG_LEVEL_APP`/`LOG_LEVEL_TCP`/`LOG_LEVEL_		TRUE	build.yml:797-823 hard-fails if LOG_LEVEL_TCP is missing from Dockerfile.tee (loop over the 4 vars at line 814).	-	L7-tee	yes									
C0029-ac6b1a32	P0	.ai-docs/TEE_Attestation_Architecture.md	443	env_negated	LOG_LEVEL_ETH_RPC	0	The `baked_env.LOG_LEVEL_*` fields are extracted from `proxy-router/Dockerfile.tee` at manifest-generation time. The pipeline hard-fails the build if any of `LOG_LEVEL_APP`/`LOG_LEVEL_TCP`/`LOG_LEVEL_		TRUE	build.yml:797-823 hard-fails if LOG_LEVEL_ETH_RPC is missing from Dockerfile.tee (loop over the 4 vars at line 814).	-	L7-tee	yes									
C0030-f8b7974e	P0	.ai-docs/TEE_Attestation_Architecture.md	443	env_negated	LOG_LEVEL_STORAGE	0	The `baked_env.LOG_LEVEL_*` fields are extracted from `proxy-router/Dockerfile.tee` at manifest-generation time. The pipeline hard-fails the build if any of `LOG_LEVEL_APP`/`LOG_LEVEL_TCP`/`LOG_LEVEL_		TRUE	build.yml:797-823 hard-fails if LOG_LEVEL_STORAGE is missing from Dockerfile.tee (loop over the 4 vars at line 814).	-	L7-tee	yes									
C0031-5e6ecd94	P0	.ai-docs/TEE_Attestation_Architecture.md	472	repo_path	proxy-router/scripts/compute-sev-measurement.py	0	1. **Standalone Python script:** `proxy-router/scripts/compute-sev-measurement.py`		TRUE	proxy-router/scripts/compute-sev-measurement.py exists	-	script	yes									
C0032-1c320fbe	P0	.ai-docs/TEE_Attestation_Architecture.md	473	repo_path	proxy-router/internal/attestation/sev_gctx.go::CalcSevMeasurement	0	- Byte-for-byte port of `proxy-router/internal/attestation/sev_gctx.go::CalcSevMeasurement` (the runtime source-of-truth introduced in PR #718).		TRUE	proxy-router/internal/attestation/sev_gctx.go exists	-	script	yes									
C0033-2e540f2b	P0	.ai-docs/TEE_Attestation_Architecture.md	477	repo_path	internal/attestation/sev_python_parity_test.go	0	- Parity-tested against the Go runtime via `internal/attestation/sev_python_parity_test.go` (uses `t.TempDir()` + a frozen fixture snapshotted from the v0.0.31 prod registry entry; the test runs the P		TRUE	resolves to proxy-router/internal/attestation/sev_python_parity_test.go	-	script	yes									
C0034-c96b1ab8	P0	.ai-docs/TEE_Attestation_Architecture.md	481	repo_path	scrtlabs/secretvm-verify	0	- `Fetch SecretVM SEV artifact registry` step pulls `sev.json` from `scrtlabs/secretvm-verify` and records its SHA-256 in the manifest.		UNVERIFIABLE-IN-REPO	looks like an external owner/repo reference	-	script	yes									
C0035-85541dc0	P0	.ai-docs/TEE_Attestation_Architecture.md	491	repo_path	.github/tee/secretvm.env	0	**Implementation:** `.github/tee/secretvm.env` pins the release version, rootfs variant, and BOTH the TDX and SEV rootfs URLs + SHA-256s. The pipeline derives all artifact filenames, cache keys, and d		TRUE	.github/tee/secretvm.env exists	-	script	yes									
C0036-110723fb	P0	.ai-docs/TEE_Attestation_Architecture.md	491	env	SECRETVM_RELEASE	0	**Implementation:** `.github/tee/secretvm.env` pins the release version, rootfs variant, and BOTH the TDX and SEV rootfs URLs + SHA-256s. The pipeline derives all artifact filenames, cache keys, and d		TRUE	.github/tee/secretvm.env:22 SECRETVM_RELEASE=v0.0.31, correctly framed as a CI pin file, not proxy-router runtime config.	-	L7-tee	yes									
C0037-2494bae9	P0	.ai-docs/TEE_Attestation_Architecture.md	491	env	SECRETVM_ROOTFS_VARIANT	0	**Implementation:** `.github/tee/secretvm.env` pins the release version, rootfs variant, and BOTH the TDX and SEV rootfs URLs + SHA-256s. The pipeline derives all artifact filenames, cache keys, and d		TRUE	.github/tee/secretvm.env:23 SECRETVM_ROOTFS_VARIANT=rootfs-prod, correctly framed as CI pin.	-	L7-tee	yes									
C0038-27c9aee6	P0	.ai-docs/TEE_Attestation_Architecture.md	497	env	SECRETVM_RELEASE	0	1. Update `SECRETVM_RELEASE` in `.github/tee/secretvm.env`.		TRUE	.github/tee/secretvm.env:22 SECRETVM_RELEASE is exactly the var to edit for a release bump, as instructed.	-	L7-tee	yes									
C0039-af2d51d7	P0	.ai-docs/TEE_Attestation_Architecture.md	497	repo_path	.github/tee/secretvm.env	0	1. Update `SECRETVM_RELEASE` in `.github/tee/secretvm.env`.		TRUE	.github/tee/secretvm.env exists	-	script	yes									
C0040-b76b97b2	P0	.ai-docs/TEE_Attestation_Architecture.md	498	env	SECRETVM_ROOTFS_TDX_URL	0	2. Update both `SECRETVM_ROOTFS_TDX_URL` and `SECRETVM_ROOTFS_SEV_URL`. Clear the corresponding `*_SHA256` lines.		TRUE	.github/tee/secretvm.env:35 SECRETVM_ROOTFS_TDX_URL present alongside SECRETVM_ROOTFS_TDX_SHA256:36, matching the upgrade instruction.	-	L7-tee	yes									
C0041-00ade08c	P0	.ai-docs/TEE_Attestation_Architecture.md	498	env	SECRETVM_ROOTFS_SEV_URL	0	2. Update both `SECRETVM_ROOTFS_TDX_URL` and `SECRETVM_ROOTFS_SEV_URL`. Clear the corresponding `*_SHA256` lines.		TRUE	.github/tee/secretvm.env:40 SECRETVM_ROOTFS_SEV_URL present alongside SECRETVM_ROOTFS_SEV_SHA256:41, matching the upgrade instruction.	-	L7-tee	yes									
C0042-39b1c000	P0	.ai-docs/TEE_Attestation_Architecture.md	501	repo_path	scrtlabs/secretvm-verify/artifacts_registry/sev.json	0	5. Confirm the SEV registry (`scrtlabs/secretvm-verify/artifacts_registry/sev.json`) has been updated with the new release's `(vm_type, artifacts_ver)` entry — without it the SEV measurement compute w		UNVERIFIABLE-IN-REPO	path inside an external package	-	script	yes									
C0043-7809afcd	P0	.ai-docs/TEE_Attestation_Architecture.md	503	repo_path	/releases/latest	0	**Version detection:** There is no SCRT Labs push notification or dedicated API for new releases. The authoritative signal is the **SecretVM portal's Production "Artifacts version"** — pin whatever it		UNVERIFIABLE-IN-REPO	looks like an external owner/repo reference	-	script	yes									
C0044-4931e69e	P0	.ai-docs/TEE_Attestation_Architecture.md	511	chain_id	84532	0	**Network-aware builds:** The TEE image built for the `test` branch uses **testnet** values (Base Sepolia — chain ID 84532, testnet contracts) sourced from `.github/workflows/test.env`. The `main` bra		TRUE	ui-desktop/.env.example:17 declares this chain id	-	script	yes									
C0045-cd688b47	P0	.ai-docs/TEE_Attestation_Architecture.md	511	chain_id	8453	0	**Network-aware builds:** The TEE image built for the `test` branch uses **testnet** values (Base Sepolia — chain ID 84532, testnet contracts) sourced from `.github/workflows/test.env`. The `main` bra		TRUE	ui-desktop/.env.example:5 declares this chain id	-	script	yes									
C0046-45bfca95	P0	.ai-docs/TEE_Attestation_Architecture.md	511	repo_path	.github/workflows/test.env	0	**Network-aware builds:** The TEE image built for the `test` branch uses **testnet** values (Base Sepolia — chain ID 84532, testnet contracts) sourced from `.github/workflows/test.env`. The `main` bra		TRUE	.github/workflows/test.env exists	-	script	yes									
C0047-fa0004b0	P0	.ai-docs/TEE_Attestation_Architecture.md	511	repo_path	.github/workflows/main.env	0	**Network-aware builds:** The TEE image built for the `test` branch uses **testnet** values (Base Sepolia — chain ID 84532, testnet contracts) sourced from `.github/workflows/test.env`. The `main` bra		TRUE	.github/workflows/main.env exists	-	script	yes									
C0048-48ec180b	P0	.ai-docs/TEE_Attestation_Architecture.md	519	env	SECRETVM_API_KEY	0	| `SECRETVM_API_KEY` | SCRT Labs API key (from portal account settings) |		TRUE	build.yml:1035 SECRETVM_API_KEY: ${{ secrets.SECRETVM_API_KEY }} in the 'Deploy to SecretVM test instance' step; correctly framed as a GH Actions secret.	-	L7-tee	yes									
C0049-47b4c434	P0	.ai-docs/TEE_Attestation_Architecture.md	520	env	SECRETVM_TEST_VM_UUID	0	| `SECRETVM_TEST_VM_UUID` | UUID of the test VM to update |		TRUE	build.yml:1036 SECRETVM_TEST_VM_UUID: ${{ secrets.SECRETVM_TEST_VM_UUID }}, correctly framed as a GH Actions secret for the test deploy.	-	L7-tee	yes									
C0050-9d930a8c	P0	.ai-docs/TEE_Attestation_Architecture.md	521	env	SECRETVM_TEST_ENV	0	| `SECRETVM_TEST_ENV` | The 5 runtime secrets as a `.env` file, base64-encoded |		TRUE	build.yml:1037 SECRETVM_TEST_ENV_B64: ${{ secrets.SECRETVM_TEST_ENV }}, correctly framed as a GH Actions secret for the test deploy.	-	L7-tee	yes									
C0051-0e4ce062	P0	.ai-docs/TEE_Attestation_Architecture.md	527	shell_var	WALLET_PRIVATE_KEY	1	WALLET_PRIVATE_KEY=0x...		TRUE	proxy-router/internal/config/config.go:48 (also a config env var)	-	script	yes									
C0052-698d981b	P0	.ai-docs/TEE_Attestation_Architecture.md	528	shell_var	ETH_NODE_ADDRESS	1	ETH_NODE_ADDRESS=wss://base-mainnet.g.alchemy.com/v2/YOUR_KEY		TRUE	proxy-router/internal/config/config.go:29 (also a config env var)	-	script	yes									
C0053-789ed11e	P0	.ai-docs/TEE_Attestation_Architecture.md	529	shell_var	MODELS_CONFIG_CONTENT	1	MODELS_CONFIG_CONTENT={"models":[...]}		TRUE	proxy-router/internal/config/config.go:68 (also a config env var)	-	script	yes									
C0054-ba00a0f6	P0	.ai-docs/TEE_Attestation_Architecture.md	530	shell_var	WEB_PUBLIC_URL	1	WEB_PUBLIC_URL=https://your-domain:8082		TRUE	proxy-router/internal/config/config.go:107 (also a config env var)	-	script	yes									
C0055-d15f8816	P0	.ai-docs/TEE_Attestation_Architecture.md	531	shell_var	COOKIE_CONTENT	1	COOKIE_CONTENT=admin:yourpassword		TRUE	proxy-router/internal/config/config.go:72 (also a config env var)	-	script	yes									
C0056-65746bb2	P0	.ai-docs/TEE_Attestation_Architecture.md	567	env	SECRETVM_API_KEY	0	| `SECRETVM_API_KEY` | SCRT Labs API key (same account as test is fine) |		TRUE	build.yml:1155 area reuses SECRETVM_API_KEY secret for the prod deploy step, matching the doc's 'same account is fine' framing.	-	L7-tee	yes									
C0057-6553f730	P0	.ai-docs/TEE_Attestation_Architecture.md	568	env	SECRETVM_PROD_VM_UUID	0	| `SECRETVM_PROD_VM_UUID` | UUID of the production SecretVM |		TRUE	build.yml:1155 SECRETVM_PROD_VM_UUID: ${{ secrets.SECRETVM_PROD_VM_UUID }} in the 'Deploy to SecretVM prod instance' step.	-	L7-tee	yes									
C0058-8994e88f	P0	.ai-docs/TEE_Attestation_Architecture.md	569	env	SECRETVM_PROD_ENV	0	| `SECRETVM_PROD_ENV` | The 5 runtime secrets as a `.env` file, base64-encoded |		TRUE	build.yml:1156 SECRETVM_PROD_ENV_B64: ${{ secrets.SECRETVM_PROD_ENV }} in the prod deploy step.	-	L7-tee	yes									
C0059-1538980a	P0	.ai-docs/TEE_Attestation_Architecture.md	581	external_url	https://github.com/aquasecurity/trivy	0	**Approach:** Add [Trivy](https://github.com/aquasecurity/trivy) or [Grype](https://github.com/anchore/grype) to the TEE job as a non-blocking advisory step initially.		UNVERIFIABLE-IN-REPO	external URL — out of scope (in-repo reach)	-	script	yes									
C0060-61000c4a	P0	.ai-docs/TEE_Attestation_Architecture.md	581	external_url	https://github.com/anchore/grype	0	**Approach:** Add [Trivy](https://github.com/aquasecurity/trivy) or [Grype](https://github.com/anchore/grype) to the TEE job as a non-blocking advisory step initially.		UNVERIFIABLE-IN-REPO	external URL — out of scope (in-repo reach)	-	script	yes									
C0061-7d8fd2d4	P0	.ai-docs/TEE_Attestation_Architecture.md	591	api_path	/healthcheck	0	### ~~7.1 Extend `/healthcheck` with TEE metadata~~ — DROPPED		TRUE	proxy-router/docs/swagger.yaml:2471	-	script	yes									
C0062-27bd50b4	P0	.ai-docs/TEE_Attestation_Architecture.md	593	api_path	/healthcheck	0	**Reason:** Not required. The consumer discovers TEE capability from the on-chain `"tee"` model tag (see §7.3). The image digest is available in the cosign-signed attestation manifest on GHCR, and the		TRUE	proxy-router/docs/swagger.yaml:2471	-	script	yes									
C0063-06854345	P0	.ai-docs/TEE_Attestation_Architecture.md	595	repo_path	/attestation/quote	0	### ~~7.2 Add `/attestation/quote` proxy endpoint~~ — DROPPED		UNVERIFIABLE-IN-REPO	looks like an external owner/repo reference	-	script	yes									
C0064-98579a24	P0	.ai-docs/TEE_Attestation_Architecture.md	603	api_path	/healthcheck	0	**Port security note:** This design has a beneficial side-effect for providers. The management API on port 8082 (which includes `/healthcheck`, wallet config, session management) can be firewalled off		TRUE	proxy-router/docs/swagger.yaml:2471	-	script	yes									
C0065-6a3d0350	P0	.ai-docs/TEE_Attestation_Architecture.md	612	repo_path	proxy-router/internal/blockchainapi/model_tags.go	0	**File:** `proxy-router/internal/blockchainapi/model_tags.go`		TRUE	proxy-router/internal/blockchainapi/model_tags.go exists	-	script	yes									
C0066-164c1ea5	P0	.ai-docs/TEE_Attestation_Architecture.md	635	repo_path	proxy-router/internal/attestation/verifier.go	0	- `proxy-router/internal/attestation/verifier.go` — core `Verifier`, `VerifyProvider` (full), `VerifyProviderQuick` (fast path)		TRUE	proxy-router/internal/attestation/verifier.go exists	-	script	yes									
C0067-2d667be9	P0	.ai-docs/TEE_Attestation_Architecture.md	636	repo_path	proxy-router/internal/blockchainapi/service.go	0	- `proxy-router/internal/blockchainapi/service.go` — calls `VerifyProvider` from `tryOpenSession` when `IsTeeSession` is true		TRUE	proxy-router/internal/blockchainapi/service.go exists	-	script	yes									
C0068-48ad3fd1	P0	.ai-docs/TEE_Attestation_Architecture.md	637	repo_path	proxy-router/internal/proxyapi/proxy_sender.go	0	- `proxy-router/internal/proxyapi/proxy_sender.go` — calls `verifyTEEAttestation` (→ `VerifyProviderQuick`) before every `SendPrompt`, `SendTranscription`, `SendSpeech`, and session-init handshake		TRUE	proxy-router/internal/proxyapi/proxy_sender.go exists	-	script	yes									
C0069-8a59fb7c	P0	.ai-docs/TEE_Attestation_Architecture.md	672	repo_path	github.com/sigstore/cosign/v2/pkg/cosign	0	- `github.com/sigstore/cosign/v2/pkg/cosign` — in-process Go verification, no shell-out, no binary added to image. Binary size impact acceptable for the `-tee` image (consumer proxy-router uses the sa		UNVERIFIABLE-IN-REPO	looks like an external Go import path	-	script	yes									
C0070-643c5376	P0	.ai-docs/TEE_Attestation_Architecture.md	673	go_version	1.25	0	- Go 1.25.x (per CI/CD)		TRUE	proxy-router/go.mod (go 1.25.0)	-	script	yes									
C0071-773212ac	P0	.ai-docs/TEE_Attestation_Architecture.md	679	repo_path	ui-desktop/src/renderer/src/components/	0	**File:** `ui-desktop/src/renderer/src/components/` (model list, session views)		TRUE	ui-desktop/src/renderer/src/components exists	-	script	yes									
C0072-58b38006	P0	.ai-docs/TEE_Attestation_Architecture.md	707	repo_path	proxy-router/internal/attestation/	0	**Files (all under `proxy-router/internal/attestation/`):**		TRUE	proxy-router/internal/attestation exists	-	script	yes									
C0073-d6050406	P0	.ai-docs/TEE_Attestation_Architecture.md	710	env	ARTIFACT_REGISTRY_URL	0	- `artifacts_registry.go` — downloads and caches the SecretVM TDX artifact registry CSV on a configurable interval (`ARTIFACT_REGISTRY_URL`, `ARTIFACT_REGISTRY_REFRESH_INTERVAL`)		TRUE	proxy-router/internal/config/config.go:101	-	script	yes									
C0074-fdffa0ce	P0	.ai-docs/TEE_Attestation_Architecture.md	710	env	ARTIFACT_REGISTRY_REFRESH_INTERVAL	0	- `artifacts_registry.go` — downloads and caches the SecretVM TDX artifact registry CSV on a configurable interval (`ARTIFACT_REGISTRY_URL`, `ARTIFACT_REGISTRY_REFRESH_INTERVAL`)		TRUE	proxy-router/internal/config/config.go:103	-	script	yes									
C0075-4fe3f165	P0	.ai-docs/TEE_Attestation_Architecture.md	716	repo_path	proxy-router/cmd/main.go	0	- `proxy-router/cmd/main.go` — wires `BackendVerifier` into startup; calls `AttestBackend` once per `tee`-tagged model		TRUE	proxy-router/cmd/main.go exists	-	script	yes									
C0076-b889c1ba	P0	.ai-docs/TEE_Attestation_Architecture.md	717	repo_path	proxy-router/internal/proxyapi/proxy_receiver.go	0	- `proxy-router/internal/proxyapi/proxy_receiver.go` — calls `FastVerifyBackend` in `SessionPrompt` before forwarding any inference for `tee`-tagged model sessions (hot path)		TRUE	proxy-router/internal/proxyapi/proxy_receiver.go exists	-	script	yes									
C0077-7c82fa4e	P0	.ai-docs/TEE_Attestation_Architecture.md	718	repo_path	proxy-router/internal/aiengine/ai_engine.go	0	- `proxy-router/internal/aiengine/ai_engine.go` — returns a `PinnedHTTPClient` for TEE models; the client's `VerifyPeerCertificate` callback refuses any onward TLS cert whose SHA-256 doesn't match the		FALSE	defined proxy-router/internal/attestation/backend_verifier.go:418; 0 non-test callers (3 test refs) — doc asserts it is in use	S2	script+mechanized+scout-confirmed	yes				FALSE	defined proxy-router/internal/attestation/backend_verifier.go:418; 0 non-test callers (3 test refs) — doc asserts it is in use	FIXED: corrected: ai_engine passes nil, gets a default client			
C0078-fac50ca7	P0	.ai-docs/TEE_Attestation_Architecture.md	719	repo_path	proxy-router/internal/proxyapi/controller_http.go	0	- `proxy-router/internal/proxyapi/controller_http.go` — `GET /v1/models/attestation` returns per-model attestation state (verified / pending / failed + workload-match / last-success timestamp / error		TRUE	proxy-router/internal/proxyapi/controller_http.go exists	-	script	yes									
C0079-3c6c463a	P0	.ai-docs/TEE_Attestation_Architecture.md	789	external_url	https://nodedocs.mor.org/providers/full/tee-backend-verification	0	See also: [TEE backend verification](https://nodedocs.mor.org/providers/full/tee-backend-verification) (developer reference with mermaid sequence + trust-chain diagrams; source at `docs/providers/full		UNVERIFIABLE-IN-REPO	external URL — out of scope (in-repo reach)	-	script	yes									
C0080-f3f65b27	P0	.ai-docs/TEE_Attestation_Architecture.md	789	repo_path	docs/providers/full/tee-backend-verification.mdx	0	See also: [TEE backend verification](https://nodedocs.mor.org/providers/full/tee-backend-verification) (developer reference with mermaid sequence + trust-chain diagrams; source at `docs/providers/full		TRUE	docs/providers/full/tee-backend-verification.mdx exists	-	script	yes									
C0081-380e2f54	P0	.ai-docs/TEE_Attestation_Architecture.md	795	external_url	https://github.com/scrtlabs/secret-vm-build/releases	0	1. **~~`reproduce-mr` artifact availability~~** — **RESOLVED.** Artifacts are publicly downloadable from [secret-vm-build/releases](https://github.com/scrtlabs/secret-vm-build/releases). Rootfs is ~46		UNVERIFIABLE-IN-REPO	external URL — out of scope (in-repo reach)	-	script	yes									
C0082-fd3a3e8e	P0	.ai-docs/TEE_Attestation_Architecture.md	797	repo_path	.github/tee/secretvm.env	0	2. **~~SecretVM release pinning~~** — **RESOLVED.** Pinned in `.github/tee/secretvm.env`. Attestation manifest includes `secretvm_release` and `rootfs_sha256`. Providers must deploy on the matching re		TRUE	.github/tee/secretvm.env exists	-	script	yes									
C0083-4777c258	P0	.ai-docs/TEE_Attestation_Architecture.md	803	repo_path	github.com/sigstore/cosign/v2/pkg/cosign	0	4. **~~Cosign verification in Go~~** — **RESOLVED.** `github.com/sigstore/cosign/v2/pkg/cosign` is compiled into the proxy-router binary (Go 1.25.x). Binary-size impact accepted. Used both for consume		UNVERIFIABLE-IN-REPO	looks like an external Go import path	-	script	yes									
C0084-1a51add0	P0	.ai-docs/TEE_Attestation_Architecture.md	803	go_version	1.25	0	4. **~~Cosign verification in Go~~** — **RESOLVED.** `github.com/sigstore/cosign/v2/pkg/cosign` is compiled into the proxy-router binary (Go 1.25.x). Binary-size impact accepted. Used both for consume		TRUE	proxy-router/go.mod (go 1.25.0)	-	script	yes									
C0085-db2e683e	P0	.ai-docs/TEE_Attestation_Architecture.md	830	repo_path	.github/tee/secretvm.env	0	| 1.11 | SecretVM artifact config (`.github/tee/secretvm.env`) | S | **DONE** | Pins v0.0.25 prod rootfs; variant + version fully variablized |		TRUE	.github/tee/secretvm.env exists	-	script	yes									
C0086-bd2caebd	P0	.ai-docs/TEE_Attestation_Architecture.md	835	env_negated	SECRETVM_ROOTFS_VARIANT	0	| 1.13c | Variablize rootfs config — no hardcoded filenames in pipeline | S | **DONE** | `SECRETVM_ROOTFS_VARIANT` flows to cache key, download, RTMR3 compute, attestation manifest |		TRUE	doc asserts this name does NOT exist, and it does not exist in the repo	-	script	yes									
C0087-47bc4f04	P0	.ai-docs/TEE_Attestation_Architecture.md	837	repo_path	docs/02.3-proxy-router-tee.md	0	| 1.13e | Document upgrade procedure for SecretVM releases | S | **DONE** | `docs/02.3-proxy-router-tee.md` § "Upgrading SecretVM Artifacts" |		STALE	docs/02.3-proxy-router-tee.md does not exist; docs/ is now Mintlify .mdx. Confirmed-dead cross-reference per task scope note.	S3	L7-tee	yes									
C0088-7ed25f73	P0	.ai-docs/TEE_Attestation_Architecture.md	842	env	SECRETVM_TEST_SEV_VM_UUID	0	| 1.15 | Auto-deploy + RTMR3-verify for an SEV test VM | S | TODO | TDX-only today; needs SEV-flavoured offsets, `SECRETVM_TEST_SEV_VM_UUID`, parallel `Deploy-SecretVM-Test-SEV` job |		TRUE	Table explicitly marks this row TODO; SECRETVM_TEST_SEV_VM_UUID genuinely doesn't exist anywhere in repo, consistent with it being unbuilt future work, not a false claim of existence.	-	L7-tee	yes									
C0089-c8fe067b	P0	.ai-docs/TEE_Attestation_Architecture.md	854	api_path	/healthcheck	0	| ~~1.15~~ | ~~Extend `/healthcheck` with TEE metadata~~ | ~~S~~ | **DROPPED** | Not needed; TEE capability discovered via on-chain tag |		TRUE	proxy-router/docs/swagger.yaml:2471	-	script	yes									
C0090-3fd58fb4	P0	.ai-docs/TEE_Attestation_Architecture.md	855	repo_path	/attestation/quote	0	| ~~1.16~~ | ~~Add `/attestation/quote` proxy endpoint~~ | ~~M~~ | **DROPPED** | Not needed; SecretVM host already exposes `:29343/cpu` |		UNVERIFIABLE-IN-REPO	looks like an external owner/repo reference	-	script	yes									
C0091-0d5553de	P0	.ai-docs/TEE_Attestation_Architecture.md	857	repo_path	attestation/verifier.go	0	| 1.18 | Consumer-side attestation verification in session flow | L | **DONE** | §7.4 — `attestation/verifier.go`, called from `blockchainapi/service.go` + `proxyapi/proxy_sender.go` |		TRUE	resolves to proxy-router/internal/attestation/verifier.go	-	script	yes									
C0092-f01cec72	P0	.ai-docs/TEE_Attestation_Architecture.md	857	repo_path	blockchainapi/service.go	0	| 1.18 | Consumer-side attestation verification in session flow | L | **DONE** | §7.4 — `attestation/verifier.go`, called from `blockchainapi/service.go` + `proxyapi/proxy_sender.go` |		TRUE	resolves to proxy-router/internal/blockchainapi/service.go	-	script	yes									
C0093-3dc40a01	P0	.ai-docs/TEE_Attestation_Architecture.md	857	repo_path	proxyapi/proxy_sender.go	0	| 1.18 | Consumer-side attestation verification in session flow | L | **DONE** | §7.4 — `attestation/verifier.go`, called from `blockchainapi/service.go` + `proxyapi/proxy_sender.go` |		TRUE	resolves to proxy-router/internal/proxyapi/proxy_sender.go	-	script	yes									
C0094-5fe3fb56	P0	.ai-docs/TEE_Attestation_Architecture.md	867	repo_path	attestation/backend_verifier.go	0	| 2a.1 | `BackendVerifier` — full `AttestBackend` at startup | L | **DONE** | `attestation/backend_verifier.go`; PR #699 |		TRUE	resolves to proxy-router/internal/attestation/backend_verifier.go	-	script	yes									
C0095-21a2a7fc	P0	.ai-docs/TEE_Attestation_Architecture.md	869	repo_path	attestation/workload_verifier.go	0	| 2a.3 | `WorkloadVerifier` — MRTD + RTMR0-2 registry lookup, RTMR3 replay | M | **DONE** | `attestation/workload_verifier.go`, `rtmr.go`, `tdx_quote.go` |		TRUE	resolves to proxy-router/internal/attestation/workload_verifier.go	-	script	yes									
C0096-acb28675	P0	.ai-docs/TEE_Attestation_Architecture.md	870	repo_path	attestation/artifacts_registry.go	0	| 2a.4 | `ArtifactRegistry` — download + cache SecretVM TDX artifact CSV | S | **DONE** | `attestation/artifacts_registry.go`; configurable interval |		TRUE	resolves to proxy-router/internal/attestation/artifacts_registry.go	-	script	yes									
C0097-2068a254	P0	.ai-docs/TEE_Attestation_Architecture.md	871	repo_path	attestation/nras_verifier.go	0	| 2a.5 | `NrasVerifier` — NVIDIA NRAS v4 evidence submission + JWT EAT validation | M | **DONE** | `attestation/nras_verifier.go` |		TRUE	resolves to proxy-router/internal/attestation/nras_verifier.go	-	script	yes									
C0098-008b7e19	P0	.ai-docs/TEE_Attestation_Architecture.md	873	repo_path	proxyapi/controller_http.go	0	| 2a.7 | Health endpoint `GET /v1/models/attestation` | S | **DONE** | `proxyapi/controller_http.go` |		TRUE	resolves to proxy-router/internal/proxyapi/controller_http.go	-	script	yes									
C0099-f5967bc8	P0	.ai-docs/TEE_Attestation_Architecture.md	874	env	TEE_PORTAL_URL	0	| 2a.8 | New env config: `TEE_PORTAL_URL`, `TEE_IMAGE_REPO`, `ARTIFACT_REGISTRY_URL`, `ARTIFACT_REGISTRY_REFRESH_INTERVAL` | S | **DONE** | `config/config.go` (§7.7) |		TRUE	proxy-router/internal/config/config.go:99	-	script	yes									
C0100-f144dcf1	P0	.ai-docs/TEE_Attestation_Architecture.md	874	env	TEE_IMAGE_REPO	0	| 2a.8 | New env config: `TEE_PORTAL_URL`, `TEE_IMAGE_REPO`, `ARTIFACT_REGISTRY_URL`, `ARTIFACT_REGISTRY_REFRESH_INTERVAL` | S | **DONE** | `config/config.go` (§7.7) |		TRUE	proxy-router/internal/config/config.go:100	-	script	yes									
C0101-c4037ded	P0	.ai-docs/TEE_Attestation_Architecture.md	874	env	ARTIFACT_REGISTRY_URL	0	| 2a.8 | New env config: `TEE_PORTAL_URL`, `TEE_IMAGE_REPO`, `ARTIFACT_REGISTRY_URL`, `ARTIFACT_REGISTRY_REFRESH_INTERVAL` | S | **DONE** | `config/config.go` (§7.7) |		TRUE	proxy-router/internal/config/config.go:101	-	script	yes									
C0102-64e05953	P0	.ai-docs/TEE_Attestation_Architecture.md	874	env	ARTIFACT_REGISTRY_REFRESH_INTERVAL	0	| 2a.8 | New env config: `TEE_PORTAL_URL`, `TEE_IMAGE_REPO`, `ARTIFACT_REGISTRY_URL`, `ARTIFACT_REGISTRY_REFRESH_INTERVAL` | S | **DONE** | `config/config.go` (§7.7) |		TRUE	proxy-router/internal/config/config.go:103	-	script	yes									
C0103-3989a04d	P0	.ai-docs/TEE_Attestation_Architecture.md	874	repo_path	config/config.go	0	| 2a.8 | New env config: `TEE_PORTAL_URL`, `TEE_IMAGE_REPO`, `ARTIFACT_REGISTRY_URL`, `ARTIFACT_REGISTRY_REFRESH_INTERVAL` | S | **DONE** | `config/config.go` (§7.7) |		TRUE	resolves to proxy-router/internal/config/config.go	-	script	yes									
C0104-fbe8cd24	P0	.ai-docs/TEE_Attestation_Architecture.md	887	repo_path	attestation/sev_workload.go	0	| 2c.6 | Pass correct VMType for SEV in workload result | XS | **DONE** — PR #720 | `attestation/sev_workload.go` |		TRUE	resolves to proxy-router/internal/attestation/sev_workload.go	-	script	yes									
C0105-23771ae6	P0	.ai-docs/TEE_Attestation_Architecture.md	888	repo_path	cmd/main.go	0	| 2c.7 | Wire `SevArtifactRegistry` into `BackendVerifier` constructor + `cmd/main.go` | S | **DONE** — PR #718 | `cmd/main.go` (~line 328); new env var `SEV_ARTIFACT_REGISTRY_URL` in `config/config.g		TRUE	resolves to 2 paths, e.g. launcher/cmd/main.go	-	script	yes									
C0107-6cebfe91	P0	.ai-docs/TEE_Attestation_Architecture.md	888	env	SEV_ARTIFACT_REGISTRY_URL	0	| 2c.7 | Wire `SevArtifactRegistry` into `BackendVerifier` constructor + `cmd/main.go` | S | **DONE** — PR #718 | `cmd/main.go` (~line 328); new env var `SEV_ARTIFACT_REGISTRY_URL` in `config/config.g		TRUE	proxy-router/internal/config/config.go:102	-	script	yes									
C0108-68280150	P0	.ai-docs/TEE_Attestation_Architecture.md	888	repo_path	config/config.go	0	| 2c.7 | Wire `SevArtifactRegistry` into `BackendVerifier` constructor + `cmd/main.go` | S | **DONE** — PR #718 | `cmd/main.go` (~line 328); new env var `SEV_ARTIFACT_REGISTRY_URL` in `config/config.g		TRUE	resolves to proxy-router/internal/config/config.go	-	script	yes									
C0109-ed8ac7ce	P0	.ai-docs/TEE_Attestation_Architecture.md	911	repo_path	Morpheus-Lumerin-Node/.ai-docs/TEE_CICD_Supply_Chain_Hardening.md	0	| Supply-chain hardening doc (in LMN) | `Morpheus-Lumerin-Node/.ai-docs/TEE_CICD_Supply_Chain_Hardening.md` |		TRUE	.ai-docs/TEE_CICD_Supply_Chain_Hardening.md exists	-	script	yes									
C0110-3e0edd71	P0	.ai-docs/TEE_Attestation_Architecture.md	912	repo_path	Morpheus-Lumerin-Node/docs/02.3-proxy-router-tee.md	0	| Provider/consumer TEE guide (in LMN) | `Morpheus-Lumerin-Node/docs/02.3-proxy-router-tee.md` |		STALE	Morpheus-Lumerin-Node/docs/02.3-proxy-router-tee.md does not exist; docs/ is now Mintlify .mdx. Confirmed-dead cross-reference.	S3	L7-tee	yes									
C0111-72272756	P0	.ai-docs/TEE_Attestation_Architecture.md	913	repo_path	Morpheus-Lumerin-Node/docs/02.4-proxy-router-secretvm-quickstart.md	0	| SecretVM provider quick-start (in LMN) | `Morpheus-Lumerin-Node/docs/02.4-proxy-router-secretvm-quickstart.md` |		STALE	Morpheus-Lumerin-Node/docs/02.4-proxy-router-secretvm-quickstart.md does not exist; docs/ is now Mintlify .mdx. Confirmed-dead cross-reference.	S3	L7-tee	yes									
C0112-d6830aa4	P0	.ai-docs/TEE_Attestation_Architecture.md	914	repo_path	Morpheus-Lumerin-Node/docs/providers/full/tee-backend-verification.mdx	0	| **Phase 2 developer reference (in LMN)** | `Morpheus-Lumerin-Node/docs/providers/full/tee-backend-verification.mdx` (published at https://nodedocs.mor.org/providers/full/tee-backend-verification) |		TRUE	docs/providers/full/tee-backend-verification.mdx exists	-	script	yes									
C0113-4de75da5	P0	.ai-docs/TEE_Attestation_Architecture.md	950	repo_path	proxy-router/internal/system/controller.go:72-101	0	| Healthcheck handler | `proxy-router/internal/system/controller.go:72-101` |		TRUE	proxy-router/internal/system/controller.go exists	-	script	yes									
C0114-a178091f	P0	.ai-docs/TEE_Attestation_Architecture.md	951	repo_path	proxy-router/internal/system/structs.go:19-24	0	| Healthcheck response struct | `proxy-router/internal/system/structs.go:19-24` |		TRUE	proxy-router/internal/system/structs.go exists	-	script	yes									
C0115-4f13a42f	P0	.ai-docs/TEE_Attestation_Architecture.md	952	repo_path	proxy-router/internal/blockchainapi/model_tags.go	0	| Model tags detection (`IsTeeModel`) | `proxy-router/internal/blockchainapi/model_tags.go` |		TRUE	proxy-router/internal/blockchainapi/model_tags.go exists	-	script	yes									
C0116-940404cf	P0	.ai-docs/TEE_Attestation_Architecture.md	953	repo_path	proxy-router/internal/blockchainapi/service.go	0	| Session creation flow + TEE branch | `proxy-router/internal/blockchainapi/service.go` (`OpenSessionByModelId`, `tryOpenSession`, sets `IsTee` on session) |		TRUE	proxy-router/internal/blockchainapi/service.go exists	-	script	yes									
C0117-96e9effd	P0	.ai-docs/TEE_Attestation_Architecture.md	954	repo_path	proxy-router/internal/proxyapi/proxy_sender.go	0	| InitiateSession handshake + `VerifyProviderQuick` callsites | `proxy-router/internal/proxyapi/proxy_sender.go`, `proxy_receiver.go` |		TRUE	proxy-router/internal/proxyapi/proxy_sender.go exists	-	script	yes									
C0118-7037e679	P0	.ai-docs/TEE_Attestation_Architecture.md	955	repo_path	proxy-router/internal/attestation/verifier.go	0	| **Phase 1 consumer verifier** | `proxy-router/internal/attestation/verifier.go` (`Verifier`, `VerifyProvider`, `VerifyProviderQuick`) |		TRUE	proxy-router/internal/attestation/verifier.go exists	-	script	yes									
C0119-91638b1e	P0	.ai-docs/TEE_Attestation_Architecture.md	956	repo_path	proxy-router/internal/attestation/backend_verifier.go	0	| **Phase 2 backend verifier** | `proxy-router/internal/attestation/backend_verifier.go` (`BackendVerifier.AttestBackend`, `FastVerifyBackend`) |		TRUE	proxy-router/internal/attestation/backend_verifier.go exists	-	script	yes									
C0120-0c5b8283	P0	.ai-docs/TEE_Attestation_Architecture.md	957	repo_path	proxy-router/internal/attestation/workload_verifier.go	0	| **Phase 2 workload verifier (TDX RTMR3 replay)** | `proxy-router/internal/attestation/workload_verifier.go`, `rtmr.go`, `tdx_quote.go` |		TRUE	proxy-router/internal/attestation/workload_verifier.go exists	-	script	yes									
C0121-ab6d063d	P0	.ai-docs/TEE_Attestation_Architecture.md	958	repo_path	proxy-router/internal/attestation/sev_gctx.go	0	| **Phase 2 SEV launch-digest replay (PR #718)** | `proxy-router/internal/attestation/sev_gctx.go`, `sev_workload.go`, `sev_registry.go` |		TRUE	proxy-router/internal/attestation/sev_gctx.go exists	-	script	yes									
C0122-58326f07	P0	.ai-docs/TEE_Attestation_Architecture.md	959	repo_path	proxy-router/internal/attestation/artifacts_registry.go	0	| **Phase 2 TDX artifact registry** | `proxy-router/internal/attestation/artifacts_registry.go` |		TRUE	proxy-router/internal/attestation/artifacts_registry.go exists	-	script	yes									
C0123-0f5406fc	P0	.ai-docs/TEE_Attestation_Architecture.md	960	repo_path	proxy-router/internal/attestation/sev_registry.go	0	| **Phase 2 SEV artifact registry** | `proxy-router/internal/attestation/sev_registry.go` (default URL `https://raw.githubusercontent.com/scrtlabs/secretvm-verify/main/artifacts_registry/sev.json`) |		TRUE	proxy-router/internal/attestation/sev_registry.go exists	-	script	yes									
C0124-171d995f	P0	.ai-docs/TEE_Attestation_Architecture.md	961	repo_path	proxy-router/internal/attestation/nras_verifier.go	0	| **Phase 2 NVIDIA NRAS client** | `proxy-router/internal/attestation/nras_verifier.go` |		TRUE	proxy-router/internal/attestation/nras_verifier.go exists	-	script	yes									
C0125-48710c2d	P0	.ai-docs/TEE_Attestation_Architecture.md	962	repo_path	proxy-router/internal/aiengine/ai_engine.go	0	| **Phase 2 pinned TLS client** | `proxy-router/internal/aiengine/ai_engine.go` (returns `PinnedHTTPClient` for TEE models) |		TRUE	proxy-router/internal/aiengine/ai_engine.go exists	-	script	yes									
C0126-01964afe	P0	.ai-docs/TEE_Attestation_Architecture.md	963	repo_path	proxy-router/internal/proxyapi/controller_http.go	0	| **Phase 2 health endpoint** | `proxy-router/internal/proxyapi/controller_http.go` (`GET /v1/models/attestation`) |		TRUE	proxy-router/internal/proxyapi/controller_http.go exists	-	script	yes									
C0127-687fe15f	P0	.ai-docs/TEE_Attestation_Architecture.md	964	repo_path	proxy-router/internal/attestation/golden.go	0	| **Phase 1 cosign manifest parser (TDX + SEV per-template)** | `proxy-router/internal/attestation/golden.go` — `TEEMeasurements`, `SEVMeasurements`, `GoldenValues.MatchSEVMeasurement` |		TRUE	proxy-router/internal/attestation/golden.go exists	-	script	yes									
C0128-b7b36327	P0	.ai-docs/TEE_Attestation_Architecture.md	965	repo_path	proxy-router/scripts/compute-sev-measurement.py	0	| **Pipeline SEV measurement compute** | `proxy-router/scripts/compute-sev-measurement.py` (parity-tested in `internal/attestation/sev_python_parity_test.go`) |		TRUE	proxy-router/scripts/compute-sev-measurement.py exists	-	script	yes									
C0129-52a74387	P0	.ai-docs/TEE_Attestation_Architecture.md	965	repo_path	internal/attestation/sev_python_parity_test.go	0	| **Pipeline SEV measurement compute** | `proxy-router/scripts/compute-sev-measurement.py` (parity-tested in `internal/attestation/sev_python_parity_test.go`) |		TRUE	resolves to proxy-router/internal/attestation/sev_python_parity_test.go	-	script	yes									
C0130-fe866b9b	P0	.ai-docs/TEE_Attestation_Architecture.md	966	repo_path	proxy-router/scripts/compute-rtmr3.py	0	| **Pipeline TDX RTMR3 compute** | `proxy-router/scripts/compute-rtmr3.py` |		TRUE	proxy-router/scripts/compute-rtmr3.py exists	-	script	yes									
C0131-9deafd66	P0	.ai-docs/TEE_Attestation_Architecture.md	967	repo_path	.github/tee/secretvm.env	0	| **SecretVM artifact pin** | `.github/tee/secretvm.env` |		TRUE	.github/tee/secretvm.env exists	-	script	yes									
C0132-226d5f6c	P0	.ai-docs/TEE_Attestation_Architecture.md	968	repo_path	proxy-router/internal/config/config.go	0	| TEE config struct | `proxy-router/internal/config/config.go` — `TEE` section (`PortalURL`, `ImageRepo`, `ArtifactRegistryURL`, **`SevArtifactRegistryURL`** added by PR #718, `ArtifactRegistryRefresh		TRUE	proxy-router/internal/config/config.go exists	-	script	yes									
C0133-9909c039	P0	.ai-docs/TEE_Attestation_Architecture.md	969	repo_path	proxy-router/internal/repositories/session/session_model.go	0	| Session repository (tracks `IsTee`) | `proxy-router/internal/repositories/session/session_model.go`, `session_repo.go` |		TRUE	proxy-router/internal/repositories/session/session_model.go exists	-	script	yes									
C0134-c97c1d8f	P0	.ai-docs/TEE_Attestation_Architecture.md	970	repo_path	smart-contracts/contracts/diamond/facets/ModelRegistry.sol	0	| ModelRegistry contract | `smart-contracts/contracts/diamond/facets/ModelRegistry.sol` |		TRUE	smart-contracts/contracts/diamond/facets/ModelRegistry.sol exists	-	script	yes									
C0135-c0211552	P0	.ai-docs/TEE_Attestation_Architecture.md	971	repo_path	smart-contracts/contracts/interfaces/storage/IModelStorage.sol	0	| Model struct (with tags) | `smart-contracts/contracts/interfaces/storage/IModelStorage.sol` |		TRUE	smart-contracts/contracts/interfaces/storage/IModelStorage.sol exists	-	script	yes									
C0136-0c718ea2	P0	.ai-docs/TEE_CICD_Supply_Chain_Hardening.md	4	external_url	https://github.com/MorpheusAIs/Morpheus-Lumerin-Node/actions/runs/22920492249	0	**First successful run (Phase 1a — signing):** [#22920492249](https://github.com/MorpheusAIs/Morpheus-Lumerin-Node/actions/runs/22920492249)		UNVERIFIABLE-IN-REPO	external URL — out of scope (in-repo reach)	-	script	yes									
C0137-ccf35de0	P0	.ai-docs/TEE_CICD_Supply_Chain_Hardening.md	5	external_url	https://github.com/MorpheusAIs/Morpheus-Lumerin-Node/actions/runs/22969993910	0	**First end-to-end run (Phase 1b — deploy + verify):** [#22969993910](https://github.com/MorpheusAIs/Morpheus-Lumerin-Node/actions/runs/22969993910)		UNVERIFIABLE-IN-REPO	external URL — out of scope (in-repo reach)	-	script	yes									
C0138-88cdf3d9	P0	.ai-docs/TEE_CICD_Supply_Chain_Hardening.md	7	doc_link	TEE_Attestation_Architecture.md	0	> **v7.x release status (with AMD SEV-SNP).** The CI/CD hardening described here is the foundation that every downstream trust check depends on. Both **Phase 1c** (consumer-side proxy-router verificat		TRUE	.ai-docs/TEE_Attestation_Architecture.md exists	-	script	yes									
C0139-7ec637e8	P0	.ai-docs/TEE_CICD_Supply_Chain_Hardening.md	51	external_url	https://github.com/sigstore/cosign	0	We use [Sigstore cosign](https://github.com/sigstore/cosign) in **keyless mode**. There is no signing key to manage, rotate, or protect. Instead:		UNVERIFIABLE-IN-REPO	external URL — out of scope (in-repo reach)	-	script	yes									
C0140-fd4df865	P0	.ai-docs/TEE_CICD_Supply_Chain_Hardening.md	54	external_url	https://docs.sigstore.dev/fulcio/overview/	0	2. Cosign exchanges it for a short-lived certificate from [Fulcio](https://docs.sigstore.dev/fulcio/overview/) (Sigstore's certificate authority)		UNVERIFIABLE-IN-REPO	external URL — out of scope (in-repo reach)	-	script	yes									
C0141-2339ea17	P0	.ai-docs/TEE_CICD_Supply_Chain_Hardening.md	56	external_url	https://docs.sigstore.dev/rekor/overview/	0	4. The signature is recorded in [Rekor](https://docs.sigstore.dev/rekor/overview/) (Sigstore's public transparency log) — immutable and publicly auditable		UNVERIFIABLE-IN-REPO	external URL — out of scope (in-repo reach)	-	script	yes									
C0142-71ba1a82	P0	.ai-docs/TEE_CICD_Supply_Chain_Hardening.md	68	shell_var	DIGEST	1	DIGEST=$(jq -r '.["containerimage.digest"]' /tmp/build-metadata.json)		N/A	shell variable local to a fenced example, not repo config	-	script	yes									
C0143-82c9d7d2	P0	.ai-docs/TEE_CICD_Supply_Chain_Hardening.md	80	external_url	https://github.com/anchore/syft	0	We generate an SBOM for the TEE image using [syft](https://github.com/anchore/syft) in SPDX JSON format:		UNVERIFIABLE-IN-REPO	external URL — out of scope (in-repo reach)	-	script	yes									
C0144-ef99ea7d	P0	.ai-docs/TEE_CICD_Supply_Chain_Hardening.md	123	address	addr#acb3e366	1	"DIAMOND_CONTRACT_ADDRESS": "0x<redacted>",		TRUE	matches an address in .env.example / smart-contracts/deploy/data (value withheld)	-	script	yes									
C0145-b708b463	P0	.ai-docs/TEE_CICD_Supply_Chain_Hardening.md	124	address	addr#56f99c5e	1	"MOR_TOKEN_ADDRESS": "0x<redacted>",		TRUE	matches an address in .env.example / smart-contracts/deploy/data (value withheld)	-	script	yes									
C0146-1df82775	P0	.ai-docs/TEE_CICD_Supply_Chain_Hardening.md	180	chain_id	8453	0	- The `network` field ("mainnet" or "testnet") and corresponding blockchain values (contract addresses, chain ID, blockscout URL) are set at build time based on the branch: `main` → mainnet (Base Main		TRUE	ui-desktop/.env.example:5 declares this chain id	-	script	yes									
C0147-6a98aeb6	P0	.ai-docs/TEE_CICD_Supply_Chain_Hardening.md	180	chain_id	84532	0	- The `network` field ("mainnet" or "testnet") and corresponding blockchain values (contract addresses, chain ID, blockscout URL) are set at build time based on the branch: `main` → mainnet (Base Main		TRUE	ui-desktop/.env.example:17 declares this chain id	-	script	yes									
C0148-d31f5b56	P0	.ai-docs/TEE_CICD_Supply_Chain_Hardening.md	302	repo_path	.github/workflows/build.yml	0	| `.github/workflows/build.yml` | Cosign signing, digest capture, SBOM, attestation manifest, RTMR3 computation, **SEV-SNP measurement compute (per template) + SEV registry fetch + baked-loglevel extr		TRUE	.github/workflows/build.yml exists	-	script	yes									
C0149-8c6fcd6d	P0	.ai-docs/TEE_CICD_Supply_Chain_Hardening.md	302	node_version	24	0	| `.github/workflows/build.yml` | Cosign signing, digest capture, SBOM, attestation manifest, RTMR3 computation, **SEV-SNP measurement compute (per template) + SEV registry fetch + baked-loglevel extr		UNVERIFIABLE-IN-REPO	build.yml uses actions/checkout@v6, upload-artifact@v6, download-artifact@v7 (recent majors) and setup-node@v5 w/ node-version:20 for JS toolchain; whether those action majors run on a Node24 GHA runtime is external to this repo.	S3	L7-tee	yes									
C0150-177a2e6a	P0	.ai-docs/TEE_CICD_Supply_Chain_Hardening.md	303	repo_path	.github/tee/secretvm.env	0	| `.github/tee/secretvm.env` | Pins SecretVM release version (currently `v0.0.31` — the portal's Production "Artifacts version"; GitHub still labels it pre-release), rootfs variant (`rootfs-prod`), **		TRUE	.github/tee/secretvm.env exists	-	script	yes									
C0151-f5bbb772	P0	.ai-docs/TEE_CICD_Supply_Chain_Hardening.md	304	repo_path	proxy-router/scripts/compute-rtmr3.py	0	| `proxy-router/scripts/compute-rtmr3.py` | Standalone RTMR3 computation script matching the `reproduce-mr` algorithm. Can be run locally for independent verification. |		TRUE	proxy-router/scripts/compute-rtmr3.py exists	-	script	yes									
C0152-7eb41b75	P0	.ai-docs/TEE_CICD_Supply_Chain_Hardening.md	305	repo_path	proxy-router/scripts/compute-sev-measurement.py	0	| `proxy-router/scripts/compute-sev-measurement.py` | **NEW** — Standalone SEV-SNP launch-digest computation script. Byte-for-byte port of `attestation/sev_gctx.go::CalcSevMeasurement`. Computes one m		TRUE	proxy-router/scripts/compute-sev-measurement.py exists	-	script	yes									
C0153-d734751b	P0	.ai-docs/TEE_CICD_Supply_Chain_Hardening.md	305	repo_path	internal/attestation/sev_python_parity_test.go	0	| `proxy-router/scripts/compute-sev-measurement.py` | **NEW** — Standalone SEV-SNP launch-digest computation script. Byte-for-byte port of `attestation/sev_gctx.go::CalcSevMeasurement`. Computes one m		TRUE	resolves to proxy-router/internal/attestation/sev_python_parity_test.go	-	script	yes									
C0154-7585d400	P0	.ai-docs/TEE_CICD_Supply_Chain_Hardening.md	306	repo_path	proxy-router/internal/attestation/sev_python_parity_test.go	0	| `proxy-router/internal/attestation/sev_python_parity_test.go` | **NEW** — Hermetic regression guard: runs `compute-sev-measurement.py` as a subprocess against a frozen fixture (snapshotted from the		TRUE	proxy-router/internal/attestation/sev_python_parity_test.go exists	-	script	yes									
C0155-77fa6243	P0	.ai-docs/TEE_CICD_Supply_Chain_Hardening.md	307	repo_path	proxy-router/internal/attestation/golden.go	0	| `proxy-router/internal/attestation/golden.go` | Renamed JSON tag `amd_sev` → `amd_sev_snp` to align with the manifest schema; added `SEVMeasurements.PerTemplate map[string]string`, `GoldenValues.SEV		TRUE	proxy-router/internal/attestation/golden.go exists	-	script	yes									
C0156-5c7496f0	P0	.ai-docs/TEE_CICD_Supply_Chain_Hardening.md	308	repo_path	proxy-router/Dockerfile.tee	0	| `proxy-router/Dockerfile.tee` | Bakes immutable ENV config into the TEE image. Blockchain values are parameterized via `ARG` with mainnet defaults; overridden via `--build-arg` for testnet builds. *		TRUE	proxy-router/Dockerfile.tee exists	-	script	yes									
C0157-cbb19e36	P0	.ai-docs/TEE_CICD_Supply_Chain_Hardening.md	309	repo_path	proxy-router/docker-compose.tee.yml	0	| `proxy-router/docker-compose.tee.yml` | Canonical compose template for TEE deployment with 5 runtime secrets. |		TRUE	proxy-router/docker-compose.tee.yml exists	-	script	yes									
C0158-44862127	P0	.ai-docs/TEE_CICD_Supply_Chain_Hardening.md	310	repo_path	docs/02.3-proxy-router-tee.md	0	| `docs/02.3-proxy-router-tee.md` | Provider setup and consumer verification guide. |		STALE	docs/02.3-proxy-router-tee.md does not exist; docs/ is now Mintlify .mdx. Confirmed-dead cross-reference per task scope note.	S3	L7-tee	yes									
C0159-f08ce244	P0	.ai-docs/TEE_CICD_Supply_Chain_Hardening.md	332	repo_path	attestation/verifier.go	0	| **Consumer-side verification** | Fetch attestation from `:29343`, verify quote via SecretAI portal, compare RTMR3 against signed manifest, pin TLS cert — all before opening session | **Done** (`atte		TRUE	resolves to proxy-router/internal/attestation/verifier.go	-	script	yes									
C0160-d1560b5f	P0	.ai-docs/TEE_CICD_Supply_Chain_Hardening.md	346	env	TEE_PORTAL_URL	0	| **New env vars** | `TEE_PORTAL_URL`, `TEE_IMAGE_REPO`, `ARTIFACT_REGISTRY_URL`, `ARTIFACT_REGISTRY_REFRESH_INTERVAL` | **Done** — PR #699 |		TRUE	proxy-router/internal/config/config.go:99	-	script	yes									
C0161-cd751101	P0	.ai-docs/TEE_CICD_Supply_Chain_Hardening.md	346	env	TEE_IMAGE_REPO	0	| **New env vars** | `TEE_PORTAL_URL`, `TEE_IMAGE_REPO`, `ARTIFACT_REGISTRY_URL`, `ARTIFACT_REGISTRY_REFRESH_INTERVAL` | **Done** — PR #699 |		TRUE	proxy-router/internal/config/config.go:100	-	script	yes									
C0162-c88d95fb	P0	.ai-docs/TEE_CICD_Supply_Chain_Hardening.md	346	env	ARTIFACT_REGISTRY_URL	0	| **New env vars** | `TEE_PORTAL_URL`, `TEE_IMAGE_REPO`, `ARTIFACT_REGISTRY_URL`, `ARTIFACT_REGISTRY_REFRESH_INTERVAL` | **Done** — PR #699 |		TRUE	proxy-router/internal/config/config.go:101	-	script	yes									
C0163-64cac8f5	P0	.ai-docs/TEE_CICD_Supply_Chain_Hardening.md	346	env	ARTIFACT_REGISTRY_REFRESH_INTERVAL	0	| **New env vars** | `TEE_PORTAL_URL`, `TEE_IMAGE_REPO`, `ARTIFACT_REGISTRY_URL`, `ARTIFACT_REGISTRY_REFRESH_INTERVAL` | **Done** — PR #699 |		TRUE	proxy-router/internal/config/config.go:103	-	script	yes									
C0164-e892ee67	P0	.ai-docs/TEE_CICD_Supply_Chain_Hardening.md	352	repo_path	.github/tee/secretvm.env	0	| **SecretVM `v0.0.27` pin** | TDX + SEV rootfs URLs and SHA-256s pinned in `.github/tee/secretvm.env` (GitHub latest stable Production release; portal UI may lag) | **Done** |		TRUE	.github/tee/secretvm.env exists	-	script	yes									
C0165-edb317a5	P0	.ai-docs/TEE_CICD_Supply_Chain_Hardening.md	354	repo_path	scrtlabs/secretvm-verify	0	| **SEV artifact registry fetch** | `Fetch SecretVM SEV artifact registry` step downloads `sev.json` from `scrtlabs/secretvm-verify` and records its SHA-256 in the manifest | **Done** |		UNVERIFIABLE-IN-REPO	looks like an external owner/repo reference	-	script	yes									
C0166-72018481	P0	.ai-docs/TEE_CICD_Supply_Chain_Hardening.md	357	env	LOG_COLOR	0	| **Baked log-level fields in `baked_env`** | `Extract baked log levels from Dockerfile.tee` step reads the four `LOG_LEVEL_*` ENV lines plus `LOG_COLOR`/`LOG_JSON`/`LOG_IS_PROD` and writes them to th		TRUE	proxy-router/internal/config/config.go:51	-	script	yes									
C0167-2b3d66c6	P0	.ai-docs/TEE_CICD_Supply_Chain_Hardening.md	357	env	LOG_JSON	0	| **Baked log-level fields in `baked_env`** | `Extract baked log levels from Dockerfile.tee` step reads the four `LOG_LEVEL_*` ENV lines plus `LOG_COLOR`/`LOG_JSON`/`LOG_IS_PROD` and writes them to th		TRUE	proxy-router/internal/config/config.go:54	-	script	yes									
C0168-5c8e4aa0	P0	.ai-docs/TEE_CICD_Supply_Chain_Hardening.md	357	env	LOG_IS_PROD	0	| **Baked log-level fields in `baked_env`** | `Extract baked log levels from Dockerfile.tee` step reads the four `LOG_LEVEL_*` ENV lines plus `LOG_COLOR`/`LOG_JSON`/`LOG_IS_PROD` and writes them to th		TRUE	proxy-router/internal/config/config.go:53	-	script	yes									
C0169-d58ad161	P0	.ai-docs/TEE_CICD_Supply_Chain_Hardening.md	358	repo_path	internal/attestation/golden.go	0	| **Consumer parser update** | `internal/attestation/golden.go` renamed `amd_sev` → `amd_sev_snp` JSON tag, added `PerTemplate` map and `MatchSEVMeasurement` lookup helper | **Done** |		FALSE	defined proxy-router/internal/attestation/golden.go:98; 0 non-test callers (0 test refs) — doc asserts it is in use	S2	script+mechanized+scout-confirmed	yes				FALSE	defined proxy-router/internal/attestation/golden.go:98; 0 non-test callers (0 test refs) — doc asserts it is in use	FIXED: Done -> Partially wired			
C0170-64d412d6	P0	.ai-docs/TEE_CICD_Supply_Chain_Hardening.md	359	repo_path	internal/attestation/sev_python_parity_test.go	0	| **Python ↔ Go parity regression test** | `internal/attestation/sev_python_parity_test.go` runs `compute-sev-measurement.py` as a subprocess and asserts identical hex output to `CalcSevMeasurement` f		TRUE	resolves to proxy-router/internal/attestation/sev_python_parity_test.go	-	script	yes									
C0171-563f30ac	P0	.ai-docs/TEE_CICD_Supply_Chain_Hardening.md	366	env	SECRETVM_TEST_SEV_VM_UUID	0	| CI/CD | Auto-deploy + post-deploy verification for an SEV test VM (TDX-only today; needs SEV-flavoured offsets, separate `SECRETVM_TEST_SEV_VM_UUID`, parallel `Deploy-SecretVM-Test-SEV` job) | TODO		TRUE	Row explicitly marked TODO in the doc's own table; SECRETVM_TEST_SEV_VM_UUID genuinely absent from repo, consistent with being an acknowledged future need, not a false claim.	-	L7-tee	yes									
C0172-7e56e26f	P0	.ai-docs/TEE_CICD_Supply_Chain_Hardening.md	368	repo_path	secretvm-verify/artifacts_registry/sev.json	0	| CI/CD | Scheduled monitor that polls `secret-vm-build` releases AND `secretvm-verify/artifacts_registry/sev.json` for new versions, opens an issue/PR | TODO |		UNVERIFIABLE-IN-REPO	path inside an external package	-	script	yes									
C0173-c8471b8a	P0	.claude/skills/frontend-verify/SKILL.md	8	runtime_path	~/brain/outputs/claude-code-frontend-process-2026-07-11.md	0	Compiling is not rendering: green typecheck/build was the sole verification for 11 of the 12 defects shipped in the 2026-07 re-skin session (the 12th shipped on visible red). This skill exercises the		N/A	runtime/OS path — not expected to exist in the repo	-	script	yes									
C0174-127dc51a	P0	.claude/skills/frontend-verify/SKILL.md	16	npm_script	build	0	1. **Build current code** if the renderer changed since last build: `cd ui-desktop && npm run build` (the runner launches `out/`, not source).		TRUE	ui-desktop/package.json scripts.build	-	script	yes									
C0175-0d0461cc	P0	.claude/skills/frontend-verify/SKILL.md	27	repo_path	verify/<branch>-<stagedDiffHash>.md	0	- It launches the REAL Electron app (real IPC), fails loudly on empty shells (sentinel) and wrong screens (identity), runs the computed-style audit (contrast pairs, hard corners, hue-band leftovers, d		TRUE	run.js:113 _electron.launch; :160 empty-shell sentinel fail; :170 IDENTITY FAIL; :213 audit rules contrast/hard-corner/palette-leftover/dead-scroll; :281 writes verify/<branch>-<diffHash>.md (verify/stake-duration-112587d8.md)	-	L6-repo	yes									
C0176-14df780b	P0	.claude/skills/frontend-verify/SKILL.md	37	repo_path	out/main/index.mjs	0	- Sentinel failure ("empty shell") → the app surface isn't live: check the build (`out/main/index.mjs` fresh?), or the screen needs main-process services this environment can't start — say so explicit		N/A	ui-desktop/out/main/index.mjs exists on disk (build/runtime artifact, untracked)	-	script	yes									
C0177-09ec6f1e	P0	AGENTS.md	8	external_url	https://nodedocs.mor.org/llms-full.txt	0	2. **[`llms-full.txt`](https://nodedocs.mor.org/llms-full.txt)** — **fetch this** for the complete documentation corpus as plain markdown (~350 KB). Every page title in the export matches a `# Heading		UNVERIFIABLE-IN-REPO	external URL — out of scope (in-repo reach)	-	script	yes									
C0178-21fbd446	P0	AGENTS.md	9	external_url	https://nodedocs.mor.org/llms.txt	0	3. **[`llms.txt`](https://nodedocs.mor.org/llms.txt)** — lightweight page index (title, description, URL per page). Links point at per-page `.md` files.		UNVERIFIABLE-IN-REPO	external URL — out of scope (in-repo reach)	-	script	yes									
C0179-6532cc7f	P0	AGENTS.md	10	external_url	https://nodedocs.mor.org/ai/myths.md	0	4. **Page URLs are agent-readable for non-browsers** — CloudFront serves clean Markdown when `Accept` does not include `text/html` (bare `curl`, most agent HTTP clients). Browsers still get the Mintli		UNVERIFIABLE-IN-REPO	external URL — out of scope (in-repo reach)	-	script	yes									
C0180-041657b4	P0	AGENTS.md	10	external_url	https://nodedocs.mor.org/mcp	0	4. **Page URLs are agent-readable for non-browsers** — CloudFront serves clean Markdown when `Accept` does not include `text/html` (bare `curl`, most agent HTTP clients). Browsers still get the Mintli		UNVERIFIABLE-IN-REPO	external URL — out of scope (in-repo reach)	-	script	yes									
C0181-98c683ee	P0	AGENTS.md	10	repo_path	text/html	0	4. **Page URLs are agent-readable for non-browsers** — CloudFront serves clean Markdown when `Accept` does not include `text/html` (bare `curl`, most agent HTTP clients). Browsers still get the Mintli		UNVERIFIABLE-IN-REPO	looks like an external owner/repo reference	-	script	yes									
C0182-21f87230	P0	AGENTS.md	13	external_url	https://nodedocs.mor.org	0	Published site: [nodedocs.mor.org](https://nodedocs.mor.org). Source files live in `/docs/` and are built with Mintlify.		UNVERIFIABLE-IN-REPO	external URL — out of scope (in-repo reach)	-	script	yes									
C0183-c0fdbbe9	P0	AGENTS.md	13	repo_path	/docs/	0	Published site: [nodedocs.mor.org](https://nodedocs.mor.org). Source files live in `/docs/` and are built with Mintlify.		TRUE	docs exists	-	script	yes									
C0184-90c23504	P0	AGENTS.md	21	repo_path	ai/myths	0	| Myths and corrections | `ai/myths` | https://nodedocs.mor.org/ai/myths |		TRUE	docs/ai/myths.mdx exists (page slug)	-	script	yes									
C0185-a4d4ca13	P0	AGENTS.md	22	repo_path	ai/where-is-my-mor	0	| Where is my MOR? | `ai/where-is-my-mor` | https://nodedocs.mor.org/ai/where-is-my-mor |		TRUE	docs/ai/where-is-my-mor.mdx exists (page slug)	-	script	yes									
C0186-e738c839	P0	AGENTS.md	23	repo_path	ai/session-states-open-close-recover	0	| Session states (open, close, recover) | `ai/session-states-open-close-recover` | https://nodedocs.mor.org/ai/session-states-open-close-recover |		TRUE	docs/ai/session-states-open-close-recover.mdx exists (page slug)	-	script	yes									
C0187-f0c8be4d	P0	AGENTS.md	24	repo_path	ai/why-locked-in-contract	0	| Why is my MOR locked? | `ai/why-locked-in-contract` | https://nodedocs.mor.org/ai/why-locked-in-contract |		TRUE	docs/ai/why-locked-in-contract.mdx exists (page slug)	-	script	yes									
C0188-4d015c80	P0	AGENTS.md	25	repo_path	ai/local-vs-blockchain-models	0	| Local vs blockchain models | `ai/local-vs-blockchain-models` | https://nodedocs.mor.org/ai/local-vs-blockchain-models |		TRUE	docs/ai/local-vs-blockchain-models.mdx exists (page slug)	-	script	yes									
C0189-b318db2a	P0	AGENTS.md	26	repo_path	ai/llm-prompt-cheatsheet	0	| LLM prompt cheatsheet | `ai/llm-prompt-cheatsheet` | https://nodedocs.mor.org/ai/llm-prompt-cheatsheet |		TRUE	docs/ai/llm-prompt-cheatsheet.mdx exists (page slug)	-	script	yes									
C0190-a644a151	P0	AGENTS.md	32	repo_path	concepts/architecture	0	| Architecture | `concepts/architecture` | https://nodedocs.mor.org/concepts/architecture |		TRUE	docs/concepts/architecture.mdx exists (page slug)	-	script	yes									
C0191-5de714f4	P0	AGENTS.md	33	repo_path	concepts/sessions-stake-close-recover	0	| Sessions, stake, close, recover | `concepts/sessions-stake-close-recover` | https://nodedocs.mor.org/concepts/sessions-stake-close-recover |		TRUE	docs/concepts/sessions-stake-close-recover.mdx exists (page slug)	-	script	yes									
C0192-f34cafc1	P0	AGENTS.md	34	repo_path	concepts/local-vs-onchain-models	0	| Local vs on-chain models | `concepts/local-vs-onchain-models` | https://nodedocs.mor.org/concepts/local-vs-onchain-models |		TRUE	docs/concepts/local-vs-onchain-models.mdx exists (page slug)	-	script	yes									
C0193-23b9b013	P0	AGENTS.md	35	repo_path	concepts/tee-overview	0	| TEE overview | `concepts/tee-overview` | https://nodedocs.mor.org/concepts/tee-overview |		TRUE	docs/concepts/tee-overview.mdx exists (page slug)	-	script	yes									
C0194-f5380166	P0	AGENTS.md	36	repo_path	concepts/tokens-and-fees	0	| Tokens and fees | `concepts/tokens-and-fees` | https://nodedocs.mor.org/concepts/tokens-and-fees |		TRUE	docs/concepts/tokens-and-fees.mdx exists (page slug)	-	script	yes									
C0195-34c25219	P0	AGENTS.md	37	repo_path	get-started/networks-and-tokens	0	| Networks and tokens | `get-started/networks-and-tokens` | https://nodedocs.mor.org/get-started/networks-and-tokens |		TRUE	docs/get-started/networks-and-tokens.mdx exists (page slug)	-	script	yes									
C0196-b2a1ab08	P0	AGENTS.md	38	repo_path	reference/glossary	0	| Glossary | `reference/glossary` | https://nodedocs.mor.org/reference/glossary |		TRUE	docs/reference/glossary.mdx exists (page slug)	-	script	yes									
C0197-185a05ba	P0	AGENTS.md	44	repo_path	inference-api/overview	0	| API user (no node, hosted OpenAI-compatible) | `inference-api/overview` | https://nodedocs.mor.org/inference-api/overview |		TRUE	docs/inference-api/overview.mdx exists (page slug)	-	script	yes									
C0198-d5190f2a	P0	AGENTS.md	45	repo_path	consumers/quickstart	0	| Consumer | `consumers/quickstart` | https://nodedocs.mor.org/consumers/quickstart |		TRUE	docs/consumers/quickstart.mdx exists (page slug)	-	script	yes									
C0199-17c61f71	P0	AGENTS.md	46	repo_path	prosumers/overview	0	| Prosumer (agents) | `prosumers/overview` | https://nodedocs.mor.org/prosumers/overview |		TRUE	docs/prosumers/overview.mdx exists (page slug)	-	script	yes									
C0200-43cff738	P0	AGENTS.md	47	repo_path	providers/full/quickstart	0	| Provider — Full P-Node | `providers/full/quickstart` | https://nodedocs.mor.org/providers/full/quickstart |		TRUE	docs/providers/full/quickstart.mdx exists (page slug)	-	script	yes									
C0201-dd9a4663	P0	AGENTS.md	48	repo_path	providers/full/secretvm-quickstart	0	| Provider — TEE / SecretVM | `providers/full/secretvm-quickstart` | https://nodedocs.mor.org/providers/full/secretvm-quickstart |		TRUE	docs/providers/full/secretvm-quickstart.mdx exists (page slug)	-	script	yes									
C0202-370e901c	P0	AGENTS.md	49	repo_path	providers/resale/overview	0	| Provider — Resale | `providers/resale/overview` | https://nodedocs.mor.org/providers/resale/overview |		TRUE	docs/providers/resale/overview.mdx exists (page slug)	-	script	yes									
C0203-b83d65e9	P0	AGENTS.md	50	repo_path	reference/api-overview	0	| Developer (proxy-router API) | `reference/api-overview` | https://nodedocs.mor.org/reference/api-overview |		TRUE	docs/reference/api-overview.mdx exists (page slug)	-	script	yes									
C0204-dfecf4b9	P0	AGENTS.md	54	doc_link	proxy-router/docs/swagger.yaml	0	- API: [`proxy-router/docs/swagger.yaml`](proxy-router/docs/swagger.yaml). The Mintlify site auto-generates the API Reference tab from this file.		TRUE	proxy-router/docs/swagger.yaml exists	-	script	yes									
C0205-e319e4df	P0	AGENTS.md	55	doc_link	proxy-router/internal/config/models-config-schema.json	0	- Models config schema: [`proxy-router/internal/config/models-config-schema.json`](proxy-router/internal/config/models-config-schema.json).		TRUE	proxy-router/internal/config/models-config-schema.json exists	-	script	yes									
C0206-90d24fb7	P0	AGENTS.md	56	doc_link	proxy-router/internal/rating/rating-config-schema.json	0	- Rating config schema: [`proxy-router/internal/rating/rating-config-schema.json`](proxy-router/internal/rating/rating-config-schema.json).		TRUE	proxy-router/internal/rating/rating-config-schema.json exists	-	script	yes									
C0207-286e6798	P0	AGENTS.md	60	port	8082	0	0. **Never confuse the proxy-router HTTP API with the hosted Morpheus Inference API.** The proxy-router API is documented locally at `http://localhost:8082/swagger/index.html` and in [`proxy-router/do		TRUE	ui-desktop/.env.example:33 (PROXY_WEB_DEFAULT_PORT)	-	script	yes									
C0208-c2a3f595	P0	AGENTS.md	60	doc_link	proxy-router/docs/swagger.yaml	0	0. **Never confuse the proxy-router HTTP API with the hosted Morpheus Inference API.** The proxy-router API is documented locally at `http://localhost:8082/swagger/index.html` and in [`proxy-router/do		TRUE	proxy-router/docs/swagger.yaml exists	-	script	yes									
C0209-acd2e562	P0	AGENTS.md	60	external_url	https://apidocs.mor.org	0	0. **Never confuse the proxy-router HTTP API with the hosted Morpheus Inference API.** The proxy-router API is documented locally at `http://localhost:8082/swagger/index.html` and in [`proxy-router/do		UNVERIFIABLE-IN-REPO	external URL — out of scope (in-repo reach)	-	script	yes									
C0210-d38db86a	P0	AGENTS.md	60	repo_path	inference-api/overview	0	0. **Never confuse the proxy-router HTTP API with the hosted Morpheus Inference API.** The proxy-router API is documented locally at `http://localhost:8082/swagger/index.html` and in [`proxy-router/do		TRUE	docs/inference-api/overview.mdx exists (page slug)	-	script	yes									
C0211-ed2901b4	P0	AGENTS.md	61	repo_path	get-started/networks-and-tokens	0	1. **Never invent contract addresses, chain IDs, or token addresses.** Use only what's in slug `get-started/networks-and-tokens` or release notes.		TRUE	docs/get-started/networks-and-tokens.mdx exists (page slug)	-	script	yes									
C0212-456eb4df	P0	AGENTS.md	76	external_url	https://app.mor.org	0	| "How do I use Morpheus without running a node?" | `inference-api/overview` | https://nodedocs.mor.org/inference-api/overview — or [app.mor.org](https://app.mor.org) |		UNVERIFIABLE-IN-REPO	external URL — out of scope (in-repo reach)	-	script	yes									
C0213-22c420f0	P0	AGENTS.md	76	repo_path	inference-api/overview	0	| "How do I use Morpheus without running a node?" | `inference-api/overview` | https://nodedocs.mor.org/inference-api/overview — or [app.mor.org](https://app.mor.org) |		TRUE	docs/inference-api/overview.mdx exists (page slug)	-	script	yes									
C0214-edfe5eb3	P0	AGENTS.md	77	repo_path	ai/where-is-my-mor	0	| "Where is my MOR?" | `ai/where-is-my-mor` | https://nodedocs.mor.org/ai/where-is-my-mor |		TRUE	docs/ai/where-is-my-mor.mdx exists (page slug)	-	script	yes									
C0215-507270e2	P0	AGENTS.md	78	repo_path	ai/why-locked-in-contract	0	| "Why is MOR locked in the contract?" | `ai/why-locked-in-contract` | https://nodedocs.mor.org/ai/why-locked-in-contract |		TRUE	docs/ai/why-locked-in-contract.mdx exists (page slug)	-	script	yes									
C0216-b118fab3	P0	AGENTS.md	79	repo_path	ai/session-states-open-close-recover	0	| "What does open/close/recover mean?" | `ai/session-states-open-close-recover` | https://nodedocs.mor.org/ai/session-states-open-close-recover |		TRUE	docs/ai/session-states-open-close-recover.mdx exists (page slug)	-	script	yes									
C0217-07dc850a	P0	AGENTS.md	80	repo_path	ai/local-vs-blockchain-models	0	| "Is the local model real Morpheus?" | `ai/local-vs-blockchain-models` | https://nodedocs.mor.org/ai/local-vs-blockchain-models |		TRUE	docs/ai/local-vs-blockchain-models.mdx exists (page slug)	-	script	yes									
C0218-a03c5034	P0	AGENTS.md	81	repo_path	consumers/quickstart	0	| "How do I install as a consumer?" | `consumers/quickstart` | https://nodedocs.mor.org/consumers/quickstart |		TRUE	docs/consumers/quickstart.mdx exists (page slug)	-	script	yes									
C0219-d78f716b	P0	AGENTS.md	82	repo_path	get-started/quickstart-provider	0	| "How do I become a provider?" | `get-started/quickstart-provider` | https://nodedocs.mor.org/get-started/quickstart-provider |		TRUE	docs/get-started/quickstart-provider.mdx exists (page slug)	-	script	yes									
C0220-f06701e8	P0	AGENTS.md	83	repo_path	providers/full/secretvm-quickstart	0	| "How do I run TEE?" | `providers/full/secretvm-quickstart` | https://nodedocs.mor.org/providers/full/secretvm-quickstart |		TRUE	docs/providers/full/secretvm-quickstart.mdx exists (page slug)	-	script	yes									
C0221-9650472b	P0	AGENTS.md	84	repo_path	get-started/networks-and-tokens	0	| "What contract address?" | `get-started/networks-and-tokens` | https://nodedocs.mor.org/get-started/networks-and-tokens |		TRUE	docs/get-started/networks-and-tokens.mdx exists (page slug)	-	script	yes									
C0222-34c877f0	P0	AGENTS.md	91	external_url	https://nodedocs.mor.org/llms-full.txt	0	1. Fetch [`llms-full.txt`](https://nodedocs.mor.org/llms-full.txt) and search for the relevant `# Heading` section (use [`llms.txt`](https://nodedocs.mor.org/llms.txt) to find the slug first if needed		UNVERIFIABLE-IN-REPO	external URL — out of scope (in-repo reach)	-	script	yes									
C0223-f908ce0a	P0	AGENTS.md	91	external_url	https://nodedocs.mor.org/llms.txt	0	1. Fetch [`llms-full.txt`](https://nodedocs.mor.org/llms-full.txt) and search for the relevant `# Heading` section (use [`llms.txt`](https://nodedocs.mor.org/llms.txt) to find the slug first if needed		UNVERIFIABLE-IN-REPO	external URL — out of scope (in-repo reach)	-	script	yes									
C0224-fcef9178	P0	AGENTS.md	92	doc_link	proxy-router/docs/swagger.yaml	0	2. Search [`proxy-router/docs/swagger.yaml`](proxy-router/docs/swagger.yaml) for endpoint shape.		TRUE	proxy-router/docs/swagger.yaml exists	-	script	yes									
C0225-d71619d7	P0	AGENTS.md	93	repo_path	proxy-router/	0	3. Search the codebase under `proxy-router/`.		TRUE	proxy-router exists	-	script	yes									
C0226-fb536b6f	P0	AGENTS.md	94	external_url	https://gitbook.mor.org	0	4. **Dynamic query the broader Morpheus docs hub.** [gitbook.mor.org](https://gitbook.mor.org) supports an `?ask=<question>` HTTP query that returns a natural-language answer plus sources. Example:		UNVERIFIABLE-IN-REPO	external URL — out of scope (in-repo reach)	-	script	yes									
C0227-c3b30b9e	P0	AGENTS.md	103	repo_path	proxy-router/docs/swagger.yaml	0	- Use the API documented in `proxy-router/docs/swagger.yaml`.		TRUE	proxy-router/docs/swagger.yaml exists	-	script	yes									
C0228-dbaeb889	P0	AGENTS.md	104	repo_path	reference/api-auth	0	- Auth is **HTTP Basic Auth** — slug `reference/api-auth`.		TRUE	docs/reference/api-auth.mdx exists (page slug)	-	script	yes									
C0229-c593bdb4	P0	AGENTS.md	105	api_path	/v1/*	0	- Set the `session_id` header on `/v1/*` calls when targeting a remote (Morpheus) model. Omit it for the local model.		AMBIGUOUS	refers to a family of routes, not one path	-	script	yes									
C0230-b2606460	P0	AGENTS.md	110	external_url	https://mintlify.com	0	- Source lives under `/docs` and is built with [Mintlify](https://mintlify.com); the published site is [nodedocs.mor.org](https://nodedocs.mor.org).		UNVERIFIABLE-IN-REPO	external URL — out of scope (in-repo reach)	-	script	yes									
C0231-8f38df07	P0	AGENTS.md	110	external_url	https://nodedocs.mor.org	0	- Source lives under `/docs` and is built with [Mintlify](https://mintlify.com); the published site is [nodedocs.mor.org](https://nodedocs.mor.org).		UNVERIFIABLE-IN-REPO	external URL — out of scope (in-repo reach)	-	script	yes									
C0232-d9532355	P0	AGENTS.md	112	doc_link	docs/docs.json	0	- Navigation is in [`docs/docs.json`](docs/docs.json). Add new pages there.		TRUE	docs/docs.json exists	-	script	yes									
C0233-32297e53	P0	AGENTS.md	117	doc_link	CONTRIBUTING.md	0	- **Default PR base is `dev`**, not `main`. See [`CONTRIBUTING.md`](CONTRIBUTING.md).		TRUE	CONTRIBUTING.md exists	-	script	yes									
C0234-a431ef61	P0	AGENTS.md	123	repo_path	proxy-router/	0	- `proxy-router/` — Go service: the consumer/provider router. Hosts the HTTP API.		TRUE	proxy-router exists	-	script	yes									
C0235-205a61ee	P0	AGENTS.md	124	repo_path	ui-desktop/	0	- `ui-desktop/` — Electron consumer GUI (product name **MorpheusUI**).		TRUE	ui-desktop exists	-	script	yes									
C0236-42db8015	P0	AGENTS.md	125	repo_path	cli/	0	- `cli/` — Go CLI client.		TRUE	cli exists	-	script	yes									
C0237-d465230e	P0	AGENTS.md	126	repo_path	smart-contracts/	0	- `smart-contracts/` — Solidity contracts (Diamond marketplace).		TRUE	smart-contracts exists	-	script	yes									
C0238-e2da2028	P0	AGENTS.md	127	repo_path	agents/	0	- `agents/` — agent reference implementations.		TRUE	agents exists	-	script	yes									
C0239-ee16a6f3	P0	AGENTS.md	128	repo_path	docs/	0	- `docs/` — Mintlify documentation site (this is the doc system).		TRUE	docs exists	-	script	yes									
C0240-5141d036	P0	CLAUDE.md	11	repo_path	github.com/cowboycoderhq/morpheus-lumerin-node-staging	0	`github.com/cowboycoderhq/morpheus-lumerin-node-staging`, branch `pr3-reskin`,		UNVERIFIABLE-IN-REPO	looks like an external Go import path	-	script	yes									
C0241-a3bf19cc	P0	CLAUDE.md	14	repo_path	ui-desktop/node_modules	0	- **Deps**: in the operator's checkout `ui-desktop/node_modules` is a SYMLINK to the		TRUE	ui-desktop/node_modules exists	-	script	yes									
C0242-432b1d56	P0	CLAUDE.md	15	repo_path	Morpheus-Lumerin-Node/ui-desktop/node_modules	0	sibling clone (`Morpheus-Lumerin-Node/ui-desktop/node_modules`) — it is machine-local		TRUE	ui-desktop/node_modules exists	-	script	yes									
C0243-6b22ed31	P0	CLAUDE.md	24	npm_script	dev	0	- dev: `npm run dev` (Vite + Electron; kill orphans first: `lsof -ti:5173 | xargs kill`)		TRUE	docs/package.json scripts.dev (+1 more)	-	script	yes									
C0244-0d5169d4	P0	CLAUDE.md	25	npm_script	typecheck	0	- check: `npm run typecheck` · build: `npm run build` (build includes typecheck)		TRUE	ui-desktop/package.json scripts.typecheck	-	script	yes									
C0245-0f691359	P0	CLAUDE.md	25	npm_script	build	0	- check: `npm run typecheck` · build: `npm run build` (build includes typecheck)		TRUE	ui-desktop/package.json scripts.build	-	script	yes									
C0246-df8ddffb	P0	CLAUDE.md	26	npm_script	lint	0	- **lint is real but the codebase is not clean**: `npm run lint` runs (its config was		TRUE	smart-contracts/package.json scripts.lint (+1 more)	-	script	yes									
C0247-910f93fa	P0	CLAUDE.md	33	npm_script	verify	0	- `ui-desktop/tools/ui-verify` (`npm run verify`) — logic checks, the **frozen-value		TRUE	smart-contracts/package.json scripts.verify (+2 more)	-	script	yes									
C0248-93a56c8f	P0	CLAUDE.md	33	repo_path	ui-desktop/tools/ui-verify	0	- `ui-desktop/tools/ui-verify` (`npm run verify`) — logic checks, the **frozen-value		TRUE	ui-desktop/tools/ui-verify exists	-	script	yes									
C0249-f63cc38a	P0	CLAUDE.md	35	npm_script	frozen	0	- `npm run frozen` — every colour-valued declaration must derive from `props.theme`.		TRUE	ui-desktop/tools/ui-verify/package.json scripts.frozen	-	script	yes									
C0250-c18d2d87	P0	CLAUDE.md	39	npm_script	isolate	0	- `npm run isolate` — the cases pin things reasoning got wrong: the two-consent		TRUE	ui-desktop/tools/ui-verify/package.json scripts.isolate	-	script	yes									
C0251-23d1d998	P0	CLAUDE.md	42	repo_path	tools/ui-verify	0	- `tools/ui-verify` (repo root, from crypto-version) — computed-style audit across		TRUE	tools/ui-verify exists	-	script	yes									
C0252-dfe4d3a5	P0	CLAUDE.md	51	repo_path	verify/<branch>-<stagedDiffHash>.md	0	unless `verify/<branch>-<stagedDiffHash>.md` exists. Skipping is allowed only by		AMBIGUOUS	token contains a glob or placeholder	-	script	yes									
C0253-28ca720b	P0	CLAUDE.md	59	repo_path	ui/theme.tsx	0	- **Default theme is `classic`, and that is the whole argument.** `ui/theme.tsx`		TRUE	resolves to ui-desktop/src/renderer/src/ui/theme.tsx	-	script	yes									
C0254-0e1efdff	P0	CLAUDE.md	60	env	DEFAULT_VARIANT	0	`DEFAULT_VARIANT`. The picker only runs for a NEW wallet (Root sends an existing		AMBIGUOUS	identifier defined at ui-desktop/src/renderer/src/ui/ThemeVariantContext.tsx:10, but it is not a config env var — verify the doc's framing	-	script	yes									
C0255-32208984	P0	CLAUDE.md	72	repo_path	ui/theme.tsx	0	- **No colour literal outside `ui/theme.tsx`** — including `.html`. Named colours		TRUE	resolves to ui-desktop/src/renderer/src/ui/theme.tsx	-	script	yes									
C0256-530b1ff9	P0	CLAUDE.md	74	npm_script	frozen	0	count. `npm run frozen` enforces it.		TRUE	ui-desktop/tools/ui-verify/package.json scripts.frozen	-	script	yes									
C0257-554f1f5b	P0	CLAUDE.md	83	repo_path	src/main	0	store, `src/main`, `src/preload`, IPC, or wallet/client logic as part of a visual		TRUE	resolves to ui-desktop/src/main	-	script	yes									
C0258-19df9732	P0	CLAUDE.md	83	repo_path	src/preload	0	store, `src/main`, `src/preload`, IPC, or wallet/client logic as part of a visual		TRUE	resolves to ui-desktop/src/preload	-	script	yes									
C0259-f78d13ac	P0	CLAUDE.md	103	address	addr#acb3e366	0	Diamond `0x<redacted>` (Base, chainId 8453).		TRUE	matches an address in .env.example / smart-contracts/deploy/data (value withheld)	-	script	yes									
C0260-8b9cb1c5	P0	CLAUDE.md	103	chain_id	8453	0	Diamond `0x6aBE1d282f72B474E54527D93b979A4f64d3030a` (Base, chainId 8453).		TRUE	ui-desktop/.env.example:5 declares this chain id	-	script	yes									
C0261-ef2aa3bb	P0	CLAUDE.md	110	repo_path	tools/	0	`tools/`, orphaned `__tests__`) holds 40 frozen values and most of the lint debt.		TRUE	tools exists	-	script	yes									
C0262-b85c4a05	P0	CLAUDE.md	117	runtime_path	~/brain/outputs/morpheus-pr3-*.md	0	`~/brain/outputs/morpheus-pr3-*.md`. Reusable rules extracted from this work:		N/A	runtime/OS path — not expected to exist in the repo	-	script	yes									
C0263-77bf0bd4	P0	CLAUDE.md	118	runtime_path	~/brain/learnings/2026-07-16-*.md	0	`~/brain/learnings/2026-07-16-*.md`. Subagent/builder output goes through an		N/A	runtime/OS path — not expected to exist in the repo	-	script	yes									
C0264-7dcdf013	P0	CONTRIBUTING.md	53	repo_path	proxy-router/	0	| `proxy-router/` | Go service (consumer/provider router, HTTP API, TEE attestation) |		TRUE	proxy-router exists	-	script	yes									
C0265-3e1eac26	P0	CONTRIBUTING.md	54	repo_path	ui-desktop/	0	| `ui-desktop/` | Electron consumer GUI (product name **MorpheusUI**) |		TRUE	ui-desktop exists	-	script	yes									
C0266-4ac99c27	P0	CONTRIBUTING.md	55	repo_path	cli/	0	| `cli/` | Go CLI client |		TRUE	cli exists	-	script	yes									
C0267-6fadf225	P0	CONTRIBUTING.md	56	external_url	https://nodedocs.mor.org	0	| `docs/` | Mintlify site → [nodedocs.mor.org](https://nodedocs.mor.org) |		UNVERIFIABLE-IN-REPO	external URL — out of scope (in-repo reach)	-	script	yes									
C0268-532917e3	P0	CONTRIBUTING.md	56	repo_path	docs/	0	| `docs/` | Mintlify site → [nodedocs.mor.org](https://nodedocs.mor.org) |		TRUE	docs exists	-	script	yes									
C0269-db8374bf	P0	CONTRIBUTING.md	58	repo_path	proxy-router/docs/swagger.yaml	0	| `proxy-router/docs/swagger.yaml` | Proxy-router API schema (not the hosted Inference API) |		TRUE	proxy-router/docs/swagger.yaml exists	-	script	yes									
C0270-9989a3e6	P0	CONTRIBUTING.md	60	repo_path	docs/	0	## Docs changes (`docs/`)		TRUE	docs exists	-	script	yes									
C0271-6a7aadfc	P0	CONTRIBUTING.md	63	doc_link	docs/docs.json	0	- Add new pages to [`docs/docs.json`](docs/docs.json) navigation.		TRUE	docs/docs.json exists	-	script	yes									
C0272-a94f877b	P0	CONTRIBUTING.md	64	external_url	https://mintlify.com/docs/installation	0	- Preview locally: `cd docs && mint dev` (requires [Mintlify CLI](https://mintlify.com/docs/installation)).		UNVERIFIABLE-IN-REPO	external URL — out of scope (in-repo reach)	-	script	yes									
C0273-1025bca9	P0	CONTRIBUTING.md	65	external_url	https://active.mor.org	0	- Prefer linking to live status at [active.mor.org](https://active.mor.org) rather than inventing counts or prices.		UNVERIFIABLE-IN-REPO	external URL — out of scope (in-repo reach)	-	script	yes									
C0274-d7bd2728	P0	CONTRIBUTING.md	66	external_url	https://apidocs.mor.org	0	- Do not confuse the **proxy-router** API (this repo) with the hosted **Morpheus Inference API** ([apidocs.mor.org](https://apidocs.mor.org)).		UNVERIFIABLE-IN-REPO	external URL — out of scope (in-repo reach)	-	script	yes									
C0275-7e96606d	P0	CONTRIBUTING.md	70	external_url	https://nodedocs.mor.org/reference/api-auth	0	- Auth is HTTP Basic Auth; remote Morpheus models need a `session_id` header — see [API auth](https://nodedocs.mor.org/reference/api-auth).		UNVERIFIABLE-IN-REPO	external URL — out of scope (in-repo reach)	-	script	yes									
C0276-ca79f597	P0	CONTRIBUTING.md	72	repo_path	proxy-router/	0	- Run focused tests from `proxy-router/`:		TRUE	proxy-router exists	-	script	yes									
C0277-1a7da7ff	P0	CONTRIBUTING.md	86	external_url	https://nodedocs.mor.org	0	- Product / node docs: [nodedocs.mor.org](https://nodedocs.mor.org)		UNVERIFIABLE-IN-REPO	external URL — out of scope (in-repo reach)	-	script	yes									
C0278-5b42fcab	P0	CONTRIBUTING.md	87	external_url	https://gitbook.mor.org	0	- Broader ecosystem: [gitbook.mor.org](https://gitbook.mor.org)		UNVERIFIABLE-IN-REPO	external URL — out of scope (in-repo reach)	-	script	yes									
C0279-45f5e0c9	P0	CONTRIBUTING.md	88	doc_link	AGENTS.md	0	- AI assistants: start with [`AGENTS.md`](AGENTS.md)		TRUE	AGENTS.md exists	-	script	yes									
C0280-a4d2e400	P0	README.md	3	doc_link	docs/images/simple.png	0	![Simple-Overview](docs/images/simple.png)		TRUE	docs/images/simple.png exists	-	script	yes									
C0281-f46cd741	P0	README.md	12	external_url	https://nodedocs.mor.org/providers/full/tee-reference	0	> Because Phase 2 runs inside the attested P-Node, **any v6+ consumer is forward-compatible with a v7+ provider** and gains the Phase 2 guarantees automatically — no client-side upgrade required. See		UNVERIFIABLE-IN-REPO	external URL — out of scope (in-repo reach)	-	script	yes									
C0282-7df4344a	P0	README.md	12	external_url	https://nodedocs.mor.org/providers/full/secretvm-quickstart	0	> Because Phase 2 runs inside the attested P-Node, **any v6+ consumer is forward-compatible with a v7+ provider** and gains the Phase 2 guarantees automatically — no client-side upgrade required. See		UNVERIFIABLE-IN-REPO	external URL — out of scope (in-repo reach)	-	script	yes									
C0283-5ab6a976	P0	README.md	12	external_url	https://nodedocs.mor.org/providers/full/tee-backend-verification	0	> Because Phase 2 runs inside the attested P-Node, **any v6+ consumer is forward-compatible with a v7+ provider** and gains the Phase 2 guarantees automatically — no client-side upgrade required. See		UNVERIFIABLE-IN-REPO	external URL — out of scope (in-repo reach)	-	script	yes									
C0284-9314d5a7	P0	README.md	54	external_url	https://x.ai	0	- **[grok](https://x.ai) and [opencode](https://opencode.ai) integration** —		UNVERIFIABLE-IN-REPO	external URL — out of scope (in-repo reach)	-	script	yes									
C0285-de5edd4a	P0	README.md	54	external_url	https://opencode.ai	0	- **[grok](https://x.ai) and [opencode](https://opencode.ai) integration** —		UNVERIFIABLE-IN-REPO	external URL — out of scope (in-repo reach)	-	script	yes									
C0286-8894cdff	P0	README.md	67	doc_link	ui-desktop/src/shared/release-notes.ts	0	[`ui-desktop/src/shared/release-notes.ts`](ui-desktop/src/shared/release-notes.ts).		TRUE	ui-desktop/src/shared/release-notes.ts exists	-	script	yes									
C0287-92f1bfe0	P0	README.md	71	external_url	https://nodedocs.mor.org	0	The canonical documentation lives at **[nodedocs.mor.org](https://nodedocs.mor.org)**. Source files are in [`/docs`](docs/) and built with [Mintlify](https://mintlify.com). The site replaces the previ		UNVERIFIABLE-IN-REPO	external URL — out of scope (in-repo reach)	-	script	yes									
C0288-f6d66f9f	P0	README.md	71	doc_link	docs/	0	The canonical documentation lives at **[nodedocs.mor.org](https://nodedocs.mor.org)**. Source files are in [`/docs`](docs/) and built with [Mintlify](https://mintlify.com). The site replaces the previ		TRUE	docs/ exists	-	script	yes									
C0289-17878931	P0	README.md	71	external_url	https://mintlify.com	0	The canonical documentation lives at **[nodedocs.mor.org](https://nodedocs.mor.org)**. Source files are in [`/docs`](docs/) and built with [Mintlify](https://mintlify.com). The site replaces the previ		UNVERIFIABLE-IN-REPO	external URL — out of scope (in-repo reach)	-	script	yes									
C0290-f341d8a8	P0	README.md	71	doc_link	docs/docs.json	0	The canonical documentation lives at **[nodedocs.mor.org](https://nodedocs.mor.org)**. Source files are in [`/docs`](docs/) and built with [Mintlify](https://mintlify.com). The site replaces the previ		TRUE	docs/docs.json exists	-	script	yes									
C0291-85110d23	P0	README.md	73	external_url	https://nodedocs.mor.org/ai/myths	0	The site is structured around **role-based journeys** (consumer / prosumer / provider tiers), with anti-hallucination [AI knowledge](https://nodedocs.mor.org/ai/myths) pages and curated mirrors of the		UNVERIFIABLE-IN-REPO	external URL — out of scope (in-repo reach)	-	script	yes									
C0292-26be6f7a	P0	README.md	73	external_url	https://nodedocs.mor.org/ecosystem/overview	0	The site is structured around **role-based journeys** (consumer / prosumer / provider tiers), with anti-hallucination [AI knowledge](https://nodedocs.mor.org/ai/myths) pages and curated mirrors of the		UNVERIFIABLE-IN-REPO	external URL — out of scope (in-repo reach)	-	script	yes									
C0293-fe01018b	P0	README.md	73	external_url	https://mor.org	0	The site is structured around **role-based journeys** (consumer / prosumer / provider tiers), with anti-hallucination [AI knowledge](https://nodedocs.mor.org/ai/myths) pages and curated mirrors of the		UNVERIFIABLE-IN-REPO	external URL — out of scope (in-repo reach)	-	script	yes									
C0294-2a7cd523	P0	README.md	73	external_url	https://tech.mor.org	0	The site is structured around **role-based journeys** (consumer / prosumer / provider tiers), with anti-hallucination [AI knowledge](https://nodedocs.mor.org/ai/myths) pages and curated mirrors of the		UNVERIFIABLE-IN-REPO	external URL — out of scope (in-repo reach)	-	script	yes									
C0295-dded1111	P0	README.md	73	external_url	https://active.mor.org	0	The site is structured around **role-based journeys** (consumer / prosumer / provider tiers), with anti-hallucination [AI knowledge](https://nodedocs.mor.org/ai/myths) pages and curated mirrors of the		UNVERIFIABLE-IN-REPO	external URL — out of scope (in-repo reach)	-	script	yes									
C0296-ab5bf709	P0	README.md	73	external_url	https://myprovider.mor.org	0	The site is structured around **role-based journeys** (consumer / prosumer / provider tiers), with anti-hallucination [AI knowledge](https://nodedocs.mor.org/ai/myths) pages and curated mirrors of the		UNVERIFIABLE-IN-REPO	external URL — out of scope (in-repo reach)	-	script	yes									
C0297-81f8e28f	P0	README.md	73	external_url	https://everclaw.xyz	0	The site is structured around **role-based journeys** (consumer / prosumer / provider tiers), with anti-hallucination [AI knowledge](https://nodedocs.mor.org/ai/myths) pages and curated mirrors of the		UNVERIFIABLE-IN-REPO	external URL — out of scope (in-repo reach)	-	script	yes									
C0298-d15fe9b3	P0	README.md	73	external_url	https://nodeneo.io	0	The site is structured around **role-based journeys** (consumer / prosumer / provider tiers), with anti-hallucination [AI knowledge](https://nodedocs.mor.org/ai/myths) pages and curated mirrors of the		UNVERIFIABLE-IN-REPO	external URL — out of scope (in-repo reach)	-	script	yes									
C0299-eb721f7c	P0	README.md	73	external_url	https://app.mor.org	0	The site is structured around **role-based journeys** (consumer / prosumer / provider tiers), with anti-hallucination [AI knowledge](https://nodedocs.mor.org/ai/myths) pages and curated mirrors of the		UNVERIFIABLE-IN-REPO	external URL — out of scope (in-repo reach)	-	script	yes									
C0300-f467a70f	P0	README.md	78	repo_path	ui-desktop/	0	- `ui-desktop/` (**MorpheusUI**) — Electron desktop app for consumers. Release assets are `*-morpheus-app-*` installers (`.dmg` / `.AppImage` / portable `.exe`); on first launch the app downloads the		TRUE	ui-desktop exists	-	script	yes									
C0301-2fc3ed57	P0	README.md	79	repo_path	cli/	0	- `cli/` — CLI client (`*-morpheus-cli-*` release binaries; local builds produce `mor-cli`).		TRUE	cli exists	-	script	yes									
C0302-9cf59ac3	P0	README.md	96	chain_id	8453	0	| Chain ID | `8453` | `84532` |		TRUE	ui-desktop/.env.example:5 declares this chain id	-	script	yes									
C0303-89ff09b0	P0	README.md	96	chain_id	84532	0	| Chain ID | `8453` | `84532` |		TRUE	ui-desktop/.env.example:17 declares this chain id	-	script	yes									
C0304-ddb8bb27	P0	README.md	98	address	addr#56f99c5e	0	| MOR Token | `0x<redacted>` | `0x<redacted>` |		TRUE	matches an address in .env.example / smart-contracts/deploy/data (value withheld)	-	script	yes									
C0305-9f3b1e01	P0	README.md	98	address	addr#1781a01d	0	| MOR Token | `0x<redacted>` | `0x<redacted>` |		TRUE	matches an address in .env.example / smart-contracts/deploy/data (value withheld)	-	script	yes									
C0306-9cb62707	P0	README.md	99	address	addr#acb3e366	0	| Diamond Marketplace | `0x<redacted>` | `0x<redacted>` |		TRUE	matches an address in .env.example / smart-contracts/deploy/data (value withheld)	-	script	yes									
C0307-8eff078e	P0	README.md	99	address	addr#6e2daceb	0	| Diamond Marketplace | `0x<redacted>` | `0x<redacted>` |		TRUE	matches an address in .env.example / smart-contracts/deploy/data (value withheld)	-	script	yes									
C0308-03409d81	P0	README.md	110	external_url	https://github.com/cowboycoderhq/Morpheus-Lumerin-Node/releases/tag/desktop-v7.5.0-cc.1	0	([`desktop-v7.5.0-cc.1`](https://github.com/cowboycoderhq/Morpheus-Lumerin-Node/releases/tag/desktop-v7.5.0-cc.1))		UNVERIFIABLE-IN-REPO	external URL — out of scope (in-repo reach)	-	script	yes									
C0309-07b728cd	P0	README.md	118	external_url	https://nodedocs.mor.org/get-started/quickstart-consumer	0	| Consumer (chat) | [`yarn app`](#build-the-desktop-app-from-source), then the [Consumer quickstart](https://nodedocs.mor.org/get-started/quickstart-consumer) from "Onboard" onward |		UNVERIFIABLE-IN-REPO	external URL — out of scope (in-repo reach)	-	script	yes									
C0310-fb539461	P0	README.md	119	make_target	build	0	| Provider (host your own model) | `cd proxy-router && make build`, then the [Provider quickstart](https://nodedocs.mor.org/get-started/quickstart-provider) from "Configure" onward |		TRUE	cli/Makefile target build	-	script	yes									
C0311-cc16ccfa	P0	README.md	119	external_url	https://nodedocs.mor.org/get-started/quickstart-provider	0	| Provider (host your own model) | `cd proxy-router && make build`, then the [Provider quickstart](https://nodedocs.mor.org/get-started/quickstart-provider) from "Configure" onward |		UNVERIFIABLE-IN-REPO	external URL — out of scope (in-repo reach)	-	script	yes									
C0312-79bd2236	P0	README.md	120	external_url	https://nodedocs.mor.org/providers/full/secretvm-quickstart	0	| TEE provider (SecretVM) | [SecretVM quickstart](https://nodedocs.mor.org/providers/full/secretvm-quickstart) |		UNVERIFIABLE-IN-REPO	external URL — out of scope (in-repo reach)	-	script	yes									
C0313-11321b65	P0	README.md	121	external_url	https://nodedocs.mor.org/providers/resale/overview	0	| Resale provider | [Resale overview](https://nodedocs.mor.org/providers/resale/overview) |		UNVERIFIABLE-IN-REPO	external URL — out of scope (in-repo reach)	-	script	yes									
C0314-6eff6425	P0	README.md	122	external_url	https://nodedocs.mor.org/prosumers/overview	0	| Prosumer / agent | [Prosumer overview](https://nodedocs.mor.org/prosumers/overview) |		UNVERIFIABLE-IN-REPO	external URL — out of scope (in-repo reach)	-	script	yes									
C0315-9c6bc3e0	P0	README.md	123	external_url	https://nodedocs.mor.org/reference/api-overview	0	| Developer (API) | [API overview](https://nodedocs.mor.org/reference/api-overview) |		UNVERIFIABLE-IN-REPO	external URL — out of scope (in-repo reach)	-	script	yes									
C0316-4261ea93	P0	README.md	134	repo_path	ui-desktop/package.json	0	`npx` runs the exact Yarn release pinned in `ui-desktop/package.json`		TRUE	ui-desktop/package.json exists	-	script	yes									
C0317-e249c4f3	P0	README.md	137	npm_script	app	0	happens to already be on your machine. That single `yarn app` then installs		TRUE	ui-desktop/package.json scripts.app	-	script	yes									
C0318-97997b87	P0	README.md	140	runtime_path	~/Downloads	0	to `~/Downloads`. Nothing to choose and nothing to remember.		N/A	runtime/OS path — not expected to exist in the repo	-	script	yes									
C0319-b6513cca	P0	README.md	166	npm_script	build:mac-arm64	1	yarn build:mac-arm64        # or build:mac-x64 / build:win-x64 / build:linux-x64		TRUE	ui-desktop/package.json scripts.build:mac-arm64	-	script	yes									
C0320-1735c2d8	P0	README.md	169	repo_path	ui-desktop/dist/	0	The installer lands in `ui-desktop/dist/`. `scripts/release.sh` is the signed		TRUE	ui-desktop/dist exists	-	script	yes									
C0321-31e6fe03	P0	README.md	169	repo_path	scripts/release.sh	0	The installer lands in `ui-desktop/dist/`. `scripts/release.sh` is the signed		TRUE	resolves to ui-desktop/scripts/release.sh	-	script	yes									
C0322-9666230e	P0	README.md	177	npm_script	dev	1	cd ui-desktop && yarn dev		TRUE	docs/package.json scripts.dev (+1 more)	-	script	yes									
C0323-b4731319	P0	README.md	187	npm_script	typecheck	1	yarn typecheck                      # both tsconfigs		TRUE	ui-desktop/package.json scripts.typecheck	-	script	yes									
C0324-8ba5a911	P0	README.md	191	npm_script	logic	1	npm run logic                       # pure-logic + source invariants		TRUE	ui-desktop/tools/ui-verify/package.json scripts.logic	-	script	yes									
C0325-ea399aec	P0	README.md	192	npm_script	isolate	1	npm run isolate                     # mounts real components in a browser, screenshots		TRUE	ui-desktop/tools/ui-verify/package.json scripts.isolate	-	script	yes									
C0326-ab0d13b3	P0	README.md	193	npm_script	openai	1	npm run openai                      # drives the OpenAI-compatible endpoint end to end		TRUE	ui-desktop/tools/ui-verify/package.json scripts.openai	-	script	yes									
C0327-c7747676	P0	README.md	194	npm_script	frozen	1	npm run frozen                      # catches colours that cannot theme-swap		TRUE	ui-desktop/tools/ui-verify/package.json scripts.frozen	-	script	yes									
C0328-1b3993ca	P0	README.md	203	external_url	https://github.com/MorpheusAIs/Morpheus-Lumerin-Node/tree/dev	0	**PRs should target [`dev`](https://github.com/MorpheusAIs/Morpheus-Lumerin-Node/tree/dev), not `main`.** Changes promote `dev` → `test` → `main`.		UNVERIFIABLE-IN-REPO	external URL — out of scope (in-repo reach)	-	script	yes									
C0329-273d7928	P0	README.md	205	doc_link	CONTRIBUTING.md	0	See [`CONTRIBUTING.md`](CONTRIBUTING.md) for the branch model, PR checklist, and local docs/proxy-router tips. The GitHub PR template reminds you to pick the right base branch.		TRUE	CONTRIBUTING.md exists	-	script	yes									
C0330-c69f8005	P0	README.md	209	doc_link	AGENTS.md	0	**Start with [`AGENTS.md`](AGENTS.md)** — hard rules, quick lookup tables, and ingestion instructions.		TRUE	AGENTS.md exists	-	script	yes									
C0331-0b063d77	P0	README.md	215	external_url	https://nodedocs.mor.org/llms-full.txt	0	| Full corpus (preferred) | [`llms-full.txt`](https://nodedocs.mor.org/llms-full.txt) | Complete markdown export — primary ingestion path |		UNVERIFIABLE-IN-REPO	external URL — out of scope (in-repo reach)	-	script	yes									
C0332-2edd284f	P0	README.md	216	external_url	https://nodedocs.mor.org/llms.txt	0	| Page index | [`llms.txt`](https://nodedocs.mor.org/llms.txt) | Titles, descriptions, and per-page `.md` links |		UNVERIFIABLE-IN-REPO	external URL — out of scope (in-repo reach)	-	script	yes									
C0333-e68f4ca5	P0	README.md	217	repo_path	text/html	0	| Page Markdown | append `.md` or non-browser fetch | Same page URL returns clean Markdown when `Accept` lacks `text/html` |		UNVERIFIABLE-IN-REPO	looks like an external owner/repo reference	-	script	yes									
C0334-07444e16	P0	README.md	218	external_url	https://nodedocs.mor.org/mcp	0	| Docs MCP | [`/mcp`](https://nodedocs.mor.org/mcp) | Search / retrieve pages without scraping HTML |		UNVERIFIABLE-IN-REPO	external URL — out of scope (in-repo reach)	-	script	yes									
C0335-c0b4d823	P0	agents/readme.md	12	port	8082	0	(`http://localhost:8082/swagger/index.html#/auth/post_auth_users_confirm`).		TRUE	ui-desktop/.env.example:33 (PROXY_WEB_DEFAULT_PORT)	-	script	yes									
C0336-45b1f222	P0	docs/RELEASE_CHECKLIST.md	11	doc_link	get-started/networks-and-tokens.mdx	0	- [ ] [`docs/get-started/networks-and-tokens.mdx`](get-started/networks-and-tokens.mdx) — confirm chain IDs, MOR token, and Diamond addresses match the release. Bump `last_verified`.		TRUE	docs/get-started/networks-and-tokens.mdx exists and is in docs.json nav	-	script	yes									
C0337-2f52b5ed	P0	docs/RELEASE_CHECKLIST.md	12	external_url	https://github.com/MorpheusAIs/Morpheus-Lumerin-Node/blob/main/README.md	0	- [ ] [`README.md`](https://github.com/MorpheusAIs/Morpheus-Lumerin-Node/blob/main/README.md) — same table sanity-check.		UNVERIFIABLE-IN-REPO	external URL — out of scope (in-repo reach)	-	script	yes									
C0338-ca7afbe0	P0	docs/RELEASE_CHECKLIST.md	29	external_url	https://github.com/MorpheusAIs/Morpheus-Lumerin-Node/blob/main/proxy-router/docs/swagger.yaml	0	- [ ] Confirm [`proxy-router/docs/swagger.yaml`](https://github.com/MorpheusAIs/Morpheus-Lumerin-Node/blob/main/proxy-router/docs/swagger.yaml) is up to date (auto-regenerated by the CI/CD build pipel		UNVERIFIABLE-IN-REPO	external URL — out of scope (in-repo reach)	-	script	yes									
C0339-85c53e2f	P0	docs/RELEASE_CHECKLIST.md	30	doc_link	reference/api-endpoints.mdx	0	- [ ] If endpoint shapes changed, update the curated subset in [`docs/reference/api-endpoints.mdx`](reference/api-endpoints.mdx) and bump its `last_verified`.		TRUE	docs/reference/api-endpoints.mdx exists and is in docs.json nav	-	script	yes									
C0340-ce4377b0	P0	docs/RELEASE_CHECKLIST.md	31	external_url	https://apidocs.mor.org	0	- [ ] If the **hosted Morpheus Inference API** product (separate from this repo, documented at [apidocs.mor.org](https://apidocs.mor.org)) has shipped breaking changes, refresh [`docs/inference-api/ov		UNVERIFIABLE-IN-REPO	external URL — out of scope (in-repo reach)	-	script	yes									
C0341-211d9e7a	P0	docs/RELEASE_CHECKLIST.md	31	doc_link	inference-api/overview.mdx	0	- [ ] If the **hosted Morpheus Inference API** product (separate from this repo, documented at [apidocs.mor.org](https://apidocs.mor.org)) has shipped breaking changes, refresh [`docs/inference-api/ov		TRUE	docs/inference-api/overview.mdx exists and is in docs.json nav	-	script	yes									
C0342-90f7d521	P0	docs/RELEASE_CHECKLIST.md	35	repo_path	docs/ecosystem/	0	For each page under `docs/ecosystem/` whose `source_url` may have changed:		TRUE	docs/ecosystem exists	-	script	yes									
C0343-fa3bd5bc	P0	docs/RELEASE_CHECKLIST.md	40	doc_link	docs.json	0	- [ ] If the source has gone away: remove the page; add a redirect in [`docs.json`](docs.json).		TRUE	docs/docs.json exists	-	script	yes									
C0344-c6fd8471	P0	docs/RELEASE_CHECKLIST.md	46	external_url	https://github.com/MorpheusAIs/Morpheus-Lumerin-Node/blob/main/.github/workflows/docs.yml	0	- [ ] No pages have `last_verified` older than two minor releases (the [docs CI workflow](https://github.com/MorpheusAIs/Morpheus-Lumerin-Node/blob/main/.github/workflows/docs.yml) raises warnings).		UNVERIFIABLE-IN-REPO	external URL — out of scope (in-repo reach)	-	script	yes									
C0345-bfc002e6	P0	docs/RELEASE_CHECKLIST.md	50	doc_link	docs.json	0	- [ ] Every removed or renamed `.mdx` has a redirect entry in [`docs.json`](docs.json) `redirects`.		TRUE	docs/docs.json exists	-	script	yes									
C0346-bacc4862	P0	docs/RELEASE_CHECKLIST.md	55	external_url	https://github.com/MorpheusAIs/Morpheus-Lumerin-Node/blob/main/AGENTS.md	0	- [ ] [`AGENTS.md`](https://github.com/MorpheusAIs/Morpheus-Lumerin-Node/blob/main/AGENTS.md) lookup table still points at correct pages.		UNVERIFIABLE-IN-REPO	external URL — out of scope (in-repo reach)	-	script	yes									
C0347-46735bd7	P0	docs/RELEASE_CHECKLIST.md	56	external_url	https://github.com/MorpheusAIs/Morpheus-Lumerin-Node/blob/main/.cursor/rules/morpheus.mdc	0	- [ ] [`.cursor/rules/morpheus.mdc`](https://github.com/MorpheusAIs/Morpheus-Lumerin-Node/blob/main/.cursor/rules/morpheus.mdc) rules still reflect current behavior.		UNVERIFIABLE-IN-REPO	external URL — out of scope (in-repo reach)	-	script	yes									
C0348-6b57852a	P0	docs/ai/llm-prompt-cheatsheet.mdx	6	last_verified	v7.9.0	0	last_verified: "v7.9.0"		UNVERIFIABLE-IN-REPO	no tag v7.9.0 in this repo (282 tags; highest release tag v7.5.0) — may exist upstream	-	script	yes									
C0349-e61fbdc9	P0	docs/ai/llm-prompt-cheatsheet.mdx	1	frontmatter_keys	title,description,audience,product,last_verified	0	frontmatter keys: title, description, audience, product, last_verified		TRUE	title and description present	-	script	yes									
C0350-838c8204	P0	docs/ai/llm-prompt-cheatsheet.mdx	13	external_url	https://nodedocs.mor.org/llms-full.txt	0	- Prefer [`https://nodedocs.mor.org/llms-full.txt`](https://nodedocs.mor.org/llms-full.txt) for the full corpus, or [`llms.txt`](https://nodedocs.mor.org/llms.txt) for the index.		UNVERIFIABLE-IN-REPO	external URL — out of scope (in-repo reach)	-	script	yes									
C0351-105f9d49	P0	docs/ai/llm-prompt-cheatsheet.mdx	13	external_url	https://nodedocs.mor.org/llms.txt	0	- Prefer [`https://nodedocs.mor.org/llms-full.txt`](https://nodedocs.mor.org/llms-full.txt) for the full corpus, or [`llms.txt`](https://nodedocs.mor.org/llms.txt) for the index.		UNVERIFIABLE-IN-REPO	external URL — out of scope (in-repo reach)	-	script	yes									
C0352-f1764e12	P0	docs/ai/llm-prompt-cheatsheet.mdx	14	external_url	https://nodedocs.mor.org/mcp	0	- Non-browser fetches of any page URL return clean Markdown (no JS). Appending `.md` also works. Docs MCP: [`https://nodedocs.mor.org/mcp`](https://nodedocs.mor.org/mcp).		UNVERIFIABLE-IN-REPO	external URL — out of scope (in-repo reach)	-	script	yes									
C0353-de95646e	P0	docs/ai/llm-prompt-cheatsheet.mdx	19	doc_link	/get-started/networks-and-tokens	0	1. **Never invent contract addresses, chain IDs, or token addresses.** Always cite [Networks and tokens](/get-started/networks-and-tokens). If the user is on a different network than the canonical def		TRUE	docs/get-started/networks-and-tokens.mdx exists and is in docs.json nav	-	script	yes									
C0354-ce7da7b7	P0	docs/ai/llm-prompt-cheatsheet.mdx	20	external_url	https://active.mor.org	0	2. **Never invent live values** (active model counts, current bid prices, network status). Always link to [active.mor.org](https://active.mor.org) or the equivalent live source.		UNVERIFIABLE-IN-REPO	external URL — out of scope (in-repo reach)	-	script	yes									
C0355-23f4bad9	P0	docs/ai/llm-prompt-cheatsheet.mdx	22	doc_link	/ai/local-vs-blockchain-models	0	4. **Always disambiguate the local `llama.cpp` demo from real Morpheus models.** See [Local vs blockchain models](/ai/local-vs-blockchain-models).		TRUE	docs/ai/local-vs-blockchain-models.mdx exists and is in docs.json nav	-	script	yes									
C0356-00e881ec	P0	docs/ai/llm-prompt-cheatsheet.mdx	23	doc_link	/ai/where-is-my-mor	0	5. **Always treat "where is my MOR?" as a diagnostic, not as evidence of bugs.** Walk through [Where is my MOR?](/ai/where-is-my-mor).		TRUE	docs/ai/where-is-my-mor.mdx exists and is in docs.json nav	-	script	yes									
C0357-22a08fa1	P0	docs/ai/llm-prompt-cheatsheet.mdx	25	external_url	https://github.com/MorpheusAIs/Morpheus-Lumerin-Node/blob/main/proxy-router/docs/swagger.yaml	0	7. **Default to the canonical OpenAPI for endpoint shape.** [`proxy-router/docs/swagger.yaml`](https://github.com/MorpheusAIs/Morpheus-Lumerin-Node/blob/main/proxy-router/docs/swagger.yaml) is the sch		UNVERIFIABLE-IN-REPO	external URL — out of scope (in-repo reach)	-	script	yes									
C0358-5bcbcdf8	P0	docs/ai/llm-prompt-cheatsheet.mdx	25	doc_link	/reference/api-endpoints	0	7. **Default to the canonical OpenAPI for endpoint shape.** [`proxy-router/docs/swagger.yaml`](https://github.com/MorpheusAIs/Morpheus-Lumerin-Node/blob/main/proxy-router/docs/swagger.yaml) is the sch		TRUE	docs/reference/api-endpoints.mdx exists and is in docs.json nav	-	script	yes									
C0359-b9729525	P0	docs/ai/llm-prompt-cheatsheet.mdx	25	external_url	https://apidocs.mor.org	0	7. **Default to the canonical OpenAPI for endpoint shape.** [`proxy-router/docs/swagger.yaml`](https://github.com/MorpheusAIs/Morpheus-Lumerin-Node/blob/main/proxy-router/docs/swagger.yaml) is the sch		UNVERIFIABLE-IN-REPO	external URL — out of scope (in-repo reach)	-	script	yes									
C0360-30556de5	P0	docs/ai/llm-prompt-cheatsheet.mdx	25	doc_link	/inference-api/overview	0	7. **Default to the canonical OpenAPI for endpoint shape.** [`proxy-router/docs/swagger.yaml`](https://github.com/MorpheusAIs/Morpheus-Lumerin-Node/blob/main/proxy-router/docs/swagger.yaml) is the sch		TRUE	docs/inference-api/overview.mdx exists and is in docs.json nav	-	script	yes									
C0361-af70ff03	P0	docs/ai/llm-prompt-cheatsheet.mdx	26	doc_link	/concepts/tee-overview	0	8. **For TEE questions, distinguish Phase 1 from Phase 2.** See [TEE overview](/concepts/tee-overview).		TRUE	docs/concepts/tee-overview.mdx exists and is in docs.json nav	-	script	yes									
C0362-164a0646	P0	docs/ai/llm-prompt-cheatsheet.mdx	32	doc_link	/concepts/what-is-morpheus	0	| "What is Morpheus?" | [What is Morpheus?](/concepts/what-is-morpheus) |		TRUE	docs/concepts/what-is-morpheus.mdx exists and is in docs.json nav	-	script	yes									
C0363-5c818b4b	P0	docs/ai/llm-prompt-cheatsheet.mdx	33	doc_link	/concepts/architecture	0	| "How does it all fit together?" | [Architecture](/concepts/architecture) |		TRUE	docs/concepts/architecture.mdx exists and is in docs.json nav	-	script	yes									
C0364-f43dc0e4	P0	docs/ai/llm-prompt-cheatsheet.mdx	34	doc_link	/consumers/quickstart	0	| "How do I install as a consumer?" | [Consumer quickstart](/consumers/quickstart) |		TRUE	docs/consumers/quickstart.mdx exists and is in docs.json nav	-	script	yes									
C0365-89ce3578	P0	docs/ai/llm-prompt-cheatsheet.mdx	35	doc_link	/get-started/quickstart-provider	0	| "How do I become a provider?" | [Provider quickstart](/get-started/quickstart-provider) |		TRUE	docs/get-started/quickstart-provider.mdx exists and is in docs.json nav	-	script	yes									
C0366-2e6a4b98	P0	docs/ai/llm-prompt-cheatsheet.mdx	36	doc_link	/providers/full/secretvm-quickstart	0	| "How do I run TEE?" | [SecretVM quickstart](/providers/full/secretvm-quickstart) |		TRUE	docs/providers/full/secretvm-quickstart.mdx exists and is in docs.json nav	-	script	yes									
C0367-d5088656	P0	docs/ai/llm-prompt-cheatsheet.mdx	37	doc_link	/ai/where-is-my-mor	0	| "Where is my MOR?" | [Where is my MOR?](/ai/where-is-my-mor) |		TRUE	docs/ai/where-is-my-mor.mdx exists and is in docs.json nav	-	script	yes									
C0368-18b03429	P0	docs/ai/llm-prompt-cheatsheet.mdx	38	doc_link	/ai/session-states-open-close-recover	0	| "What does open/close/recover mean?" | [Session states](/ai/session-states-open-close-recover) |		TRUE	docs/ai/session-states-open-close-recover.mdx exists and is in docs.json nav	-	script	yes									
C0369-7e1aa91e	P0	docs/ai/llm-prompt-cheatsheet.mdx	39	doc_link	/ai/why-locked-in-contract	0	| "Why is MOR locked?" | [Why locked in contract](/ai/why-locked-in-contract) |		TRUE	docs/ai/why-locked-in-contract.mdx exists and is in docs.json nav	-	script	yes									
C0370-ba093349	P0	docs/ai/llm-prompt-cheatsheet.mdx	40	doc_link	/ai/local-vs-blockchain-models	0	| "What is the local model?" | [Local vs blockchain models](/ai/local-vs-blockchain-models) |		TRUE	docs/ai/local-vs-blockchain-models.mdx exists and is in docs.json nav	-	script	yes									
C0371-4f66f7b3	P0	docs/ai/llm-prompt-cheatsheet.mdx	41	doc_link	/reference/api-auth	0	| "What's the API auth?" | [API auth](/reference/api-auth) |		TRUE	docs/reference/api-auth.mdx exists and is in docs.json nav	-	script	yes									
C0372-83d87866	P0	docs/ai/llm-prompt-cheatsheet.mdx	42	doc_link	/reference/api-endpoints	0	| "What endpoints exist on the proxy-router?" | [API endpoints](/reference/api-endpoints) and [`proxy-router/docs/swagger.yaml`](https://github.com/MorpheusAIs/Morpheus-Lumerin-Node/blob/main/proxy-ro		TRUE	docs/reference/api-endpoints.mdx exists and is in docs.json nav	-	script	yes									
C0373-0c35e037	P0	docs/ai/llm-prompt-cheatsheet.mdx	42	external_url	https://github.com/MorpheusAIs/Morpheus-Lumerin-Node/blob/main/proxy-router/docs/swagger.yaml	0	| "What endpoints exist on the proxy-router?" | [API endpoints](/reference/api-endpoints) and [`proxy-router/docs/swagger.yaml`](https://github.com/MorpheusAIs/Morpheus-Lumerin-Node/blob/main/proxy-ro		UNVERIFIABLE-IN-REPO	external URL — out of scope (in-repo reach)	-	script	yes									
C0374-726cecb4	P0	docs/ai/llm-prompt-cheatsheet.mdx	43	doc_link	/inference-api/overview	0	| "How do I use the hosted Morpheus Inference API (no node)?" | [Inference API overview](/inference-api/overview) and [apidocs.mor.org](https://apidocs.mor.org) |		TRUE	docs/inference-api/overview.mdx exists and is in docs.json nav	-	script	yes									
C0375-fe316a83	P0	docs/ai/llm-prompt-cheatsheet.mdx	43	external_url	https://apidocs.mor.org	0	| "How do I use the hosted Morpheus Inference API (no node)?" | [Inference API overview](/inference-api/overview) and [apidocs.mor.org](https://apidocs.mor.org) |		UNVERIFIABLE-IN-REPO	external URL — out of scope (in-repo reach)	-	script	yes									
C0376-cf3e5606	P0	docs/ai/llm-prompt-cheatsheet.mdx	44	doc_link	/reference/models-config	0	| "What's `models-config.json`?" | [models-config.json](/reference/models-config) |		TRUE	docs/reference/models-config.mdx exists and is in docs.json nav	-	script	yes									
C0377-7491effe	P0	docs/ai/llm-prompt-cheatsheet.mdx	45	doc_link	/providers/resale/registering-bid	0	| "How do I price a bid?" | [Pricing a resale bid](/providers/resale/registering-bid) |		TRUE	docs/providers/resale/registering-bid.mdx exists and is in docs.json nav	-	script	yes									
C0378-c9d1cc4d	P0	docs/ai/llm-prompt-cheatsheet.mdx	50	external_url	https://apidocs.mor.org	0	- ✅ "[apidocs.mor.org](https://apidocs.mor.org) documents the **Morpheus Inference API** — a separate, hosted, OpenAI-compatible product. The proxy-router's own API schema lives in [`proxy-router/docs		UNVERIFIABLE-IN-REPO	external URL — out of scope (in-repo reach)	-	script	yes									
C0379-a89f42a4	P0	docs/ai/llm-prompt-cheatsheet.mdx	50	external_url	https://github.com/MorpheusAIs/Morpheus-Lumerin-Node/blob/main/proxy-router/docs/swagger.yaml	0	- ✅ "[apidocs.mor.org](https://apidocs.mor.org) documents the **Morpheus Inference API** — a separate, hosted, OpenAI-compatible product. The proxy-router's own API schema lives in [`proxy-router/docs		UNVERIFIABLE-IN-REPO	external URL — out of scope (in-repo reach)	-	script	yes									
C0380-ad6f9e82	P0	docs/ai/llm-prompt-cheatsheet.mdx	62	address	addr#acb3e366	0	- ✅ "Per Networks and tokens, the BASE Mainnet Diamond contract is `0x<redacted>`. Confirm against the latest release."		TRUE	matches an address in .env.example / smart-contracts/deploy/data (value withheld)	-	script	yes									
C0381-a2d73c7b	P0	docs/ai/llm-prompt-cheatsheet.mdx	69	external_url	https://github.com/MorpheusAIs/Morpheus-Lumerin-Node/blob/main/proxy-router/docs/swagger.yaml	0	- Schema source: [`proxy-router/docs/swagger.yaml`](https://github.com/MorpheusAIs/Morpheus-Lumerin-Node/blob/main/proxy-router/docs/swagger.yaml)		UNVERIFIABLE-IN-REPO	external URL — out of scope (in-repo reach)	-	script	yes									
C0382-2d55b639	P0	docs/ai/llm-prompt-cheatsheet.mdx	70	external_url	https://github.com/MorpheusAIs/Morpheus-Lumerin-Node/blob/main/proxy-router/internal/config/models-config-schema.json	0	- Models config schema: [`proxy-router/internal/config/models-config-schema.json`](https://github.com/MorpheusAIs/Morpheus-Lumerin-Node/blob/main/proxy-router/internal/config/models-config-schema.json		UNVERIFIABLE-IN-REPO	external URL — out of scope (in-repo reach)	-	script	yes									
C0383-cf513f00	P0	docs/ai/llm-prompt-cheatsheet.mdx	71	external_url	https://github.com/MorpheusAIs/Morpheus-Lumerin-Node/blob/main/proxy-router/internal/rating/rating-config-schema.json	0	- Rating config schema: [`proxy-router/internal/rating/rating-config-schema.json`](https://github.com/MorpheusAIs/Morpheus-Lumerin-Node/blob/main/proxy-router/internal/rating/rating-config-schema.json		UNVERIFIABLE-IN-REPO	external URL — out of scope (in-repo reach)	-	script	yes									
C0384-92fb6f7e	P0	docs/ai/llm-prompt-cheatsheet.mdx	72	doc_link	/providers/full/tee-backend-verification	0	- TEE backend reference: [TEE backend verification](/providers/full/tee-backend-verification)		TRUE	docs/providers/full/tee-backend-verification.mdx exists and is in docs.json nav	-	script	yes									
C0385-3e959570	P0	docs/ai/llm-prompt-cheatsheet.mdx	73	external_url	https://github.com/MorpheusAIs/Morpheus-Lumerin-Node/blob/main/proxy-router/docker-compose.tee.yml	0	- TEE compose template: [`proxy-router/docker-compose.tee.yml`](https://github.com/MorpheusAIs/Morpheus-Lumerin-Node/blob/main/proxy-router/docker-compose.tee.yml)		UNVERIFIABLE-IN-REPO	external URL — out of scope (in-repo reach)	-	script	yes									
C0386-2b2cb84e	P0	docs/ai/llm-prompt-cheatsheet.mdx	74	external_url	https://github.com/MorpheusAIs/Morpheus-Lumerin-Node/blob/main/.github/tee/secretvm.env	0	- TEE rootfs / SecretVM pin: [`.github/tee/secretvm.env`](https://github.com/MorpheusAIs/Morpheus-Lumerin-Node/blob/main/.github/tee/secretvm.env)		UNVERIFIABLE-IN-REPO	external URL — out of scope (in-repo reach)	-	script	yes									
C0387-c85bb297	P0	docs/ai/llm-prompt-cheatsheet.mdx	80	external_url	https://github.com/MorpheusAIs/Morpheus-Lumerin-Node/blob/main/proxy-router/docs/swagger.yaml	0	1. For proxy-router endpoints: search [`proxy-router/docs/swagger.yaml`](https://github.com/MorpheusAIs/Morpheus-Lumerin-Node/blob/main/proxy-router/docs/swagger.yaml). For hosted Inference API endpoi		UNVERIFIABLE-IN-REPO	external URL — out of scope (in-repo reach)	-	script	yes									
C0388-a7099d3e	P0	docs/ai/llm-prompt-cheatsheet.mdx	80	external_url	https://apidocs.mor.org	0	1. For proxy-router endpoints: search [`proxy-router/docs/swagger.yaml`](https://github.com/MorpheusAIs/Morpheus-Lumerin-Node/blob/main/proxy-router/docs/swagger.yaml). For hosted Inference API endpoi		UNVERIFIABLE-IN-REPO	external URL — out of scope (in-repo reach)	-	script	yes									
C0389-bfa28c06	P0	docs/ai/llm-prompt-cheatsheet.mdx	87	external_url	https://gitbook.mor.org	0	The wider Morpheus docs hub at [gitbook.mor.org](https://gitbook.mor.org) supports an HTTP query mechanism designed for AI agents. To retrieve a natural-language answer + relevant excerpts and sources		UNVERIFIABLE-IN-REPO	external URL — out of scope (in-repo reach)	-	script	yes									
C0390-8b569aa9	P0	docs/ai/llm-prompt-cheatsheet.mdx	101	repo_path	proxy-router/docs/swagger.yaml	0	This complements (does **not replace**) the rules above: for canonical proxy-router behavior, contracts, and addresses, this site and `proxy-router/docs/swagger.yaml` always win.		TRUE	proxy-router/docs/swagger.yaml exists	-	script	yes									
C0391-23bcd94c	P0	docs/ai/local-vs-blockchain-models.mdx	6	last_verified	v7.0.0	0	last_verified: "v7.0.0"		TRUE	tag v7.0.0 exists in this repo	-	script	yes									
C0392-ff619062	P0	docs/ai/local-vs-blockchain-models.mdx	1	frontmatter_keys	title,description,audience,product,last_verified	0	frontmatter keys: title, description, audience, product, last_verified		TRUE	title and description present	-	script	yes									
C0393-63faeccf	P0	docs/ai/local-vs-blockchain-models.mdx	9	doc_link	/concepts/local-vs-onchain-models	0	Use this page when you (an LLM) need to disambiguate "Morpheus model" from "the local llama.cpp." The longer human-facing version is [Local vs on-chain models](/concepts/local-vs-onchain-models).		TRUE	docs/concepts/local-vs-onchain-models.mdx exists and is in docs.json nav	-	script	yes									
C0394-6371d028	P0	docs/ai/local-vs-blockchain-models.mdx	16	port	8080	0	| Backend URL | `http://127.0.0.1:8080` (typical) | The provider's `apiUrl`, configured in their `models-config.json` |		N/A	provider-side apiUrl example, explicitly marked "(typical)" — not the bundled model port	-	script	yes									
C0395-eea95f51	P0	docs/ai/local-vs-blockchain-models.mdx	22	external_url	https://active.mor.org	0	| Discovery | Hard-coded (`tinyllama` etc.) | `/blockchain/models`, [active.mor.org](https://active.mor.org) |		UNVERIFIABLE-IN-REPO	external URL — out of scope (in-repo reach)	-	script	yes									
C0396-201959f4	P0	docs/ai/local-vs-blockchain-models.mdx	22	api_path	/blockchain/models	0	| Discovery | Hard-coded (`tinyllama` etc.) | `/blockchain/models`, [active.mor.org](https://active.mor.org) |		UNVERIFIABLE-IN-REPO	path belongs to a remote host, not this repo’s proxy-router	-	script	yes									
C0397-0140296e	P0	docs/ai/local-vs-blockchain-models.mdx	54	doc_link	/concepts/local-vs-onchain-models	0	- [Local vs on-chain models (concept)](/concepts/local-vs-onchain-models)		TRUE	docs/concepts/local-vs-onchain-models.mdx exists and is in docs.json nav	-	script	yes									
C0398-19d6fde9	P0	docs/ai/local-vs-blockchain-models.mdx	55	doc_link	/reference/models-config	0	- [Models config](/reference/models-config)		TRUE	docs/reference/models-config.mdx exists and is in docs.json nav	-	script	yes									
C0399-2830b66f	P0	docs/ai/local-vs-blockchain-models.mdx	56	doc_link	/consumers/buy-bid	0	- [Buy a bid](/consumers/buy-bid) — the path to using a real model		TRUE	docs/consumers/buy-bid.mdx exists and is in docs.json nav	-	script	yes									
C0400-401a3163	P0	docs/ai/myths.mdx	6	last_verified	v7.9.0	0	last_verified: "v7.9.0"		UNVERIFIABLE-IN-REPO	no tag v7.9.0 in this repo (282 tags; highest release tag v7.5.0) — may exist upstream	-	script	yes									
C0401-10c3c346	P0	docs/ai/myths.mdx	1	frontmatter_keys	title,description,audience,product,last_verified	0	frontmatter keys: title, description, audience, product, last_verified		TRUE	title and description present	-	script	yes									
C0402-97880866	P0	docs/ai/myths.mdx	19	doc_link	/concepts/sessions-stake-close-recover	0	**No.** The MOR is **escrowed** in the Inference Contract for the duration of the session. On close, **unused** stake returns to your wallet inside the same `closeSession` transaction; the **used stip		TRUE	docs/concepts/sessions-stake-close-recover.mdx exists and is in docs.json nav	-	script	yes									
C0403-9bb85133	P0	docs/ai/myths.mdx	23	doc_link	/concepts/local-vs-onchain-models	0	**No.** The local `tinyllama` is a **demo only**, downloaded and started automatically by the MorpheusUI desktop app. It runs on your machine and never touches chain or any provider. It does not repre		TRUE	docs/concepts/local-vs-onchain-models.mdx exists and is in docs.json nav	-	script	yes									
C0404-426b595e	P0	docs/ai/myths.mdx	27	doc_link	/concepts/tee-overview	0	**No.** Only models registered with the `tee` tag opt into the [two-hop attestation chain](/concepts/tee-overview). Untagged providers are standard, unverified providers — exactly like calling any clo		TRUE	docs/concepts/tee-overview.mdx exists and is in docs.json nav	-	script	yes									
C0405-772be5b7	P0	docs/ai/myths.mdx	31	doc_link	/concepts/tee-overview	0	**No.** Phase 2 runs **inside the v7+ provider's P-Node**. Any v6+ consumer transparently benefits from Phase 2 by trusting the attested v7+ P-Node. Forward compatible. See [TEE overview](/concepts/te		TRUE	docs/concepts/tee-overview.mdx exists and is in docs.json nav	-	script	yes									
C0406-11869943	P0	docs/ai/myths.mdx	43	doc_link	/get-started/networks-and-tokens	0	**No.** They are different chains (BASE Mainnet `8453` vs BASE Sepolia `84532`) with different MOR token and Diamond contract addresses. See [Networks and tokens](/get-started/networks-and-tokens).		TRUE	docs/get-started/networks-and-tokens.mdx exists and is in docs.json nav	-	script	yes									
C0407-84523244	P0	docs/ai/myths.mdx	63	doc_link	/concepts/sessions-stake-close-recover	0	**Partially.** Unused stake does return immediately. The used stipend may still go to `userStakesOnHold[you]` with `releaseAt = startOfTheDay(min(closedAt, endsAt)) + 1 day`. After `releaseAt` call `w		TRUE	docs/concepts/sessions-stake-close-recover.mdx exists and is in docs.json nav	-	script	yes									
C0408-2fe33136	P0	docs/ai/myths.mdx	75	external_url	https://github.com/MorpheusAIs/Morpheus-Lumerin-Node/blob/main/smart-contracts/contracts/diamond/storages/DelegationStorage.sol	0	See [`smart-contracts/contracts/diamond/storages/DelegationStorage.sol`](https://github.com/MorpheusAIs/Morpheus-Lumerin-Node/blob/main/smart-contracts/contracts/diamond/storages/DelegationStorage.sol		UNVERIFIABLE-IN-REPO	external URL — out of scope (in-repo reach)	-	script	yes									
C0409-8ed654e5	P0	docs/ai/myths.mdx	79	doc_link	/providers/full/pricing	0	**No.** Every `postModelBid` charges a non-refundable `marketplaceBidFee = 0.3 MOR`. Replacing a bid (delete + post) charges the fee again. New providers commonly "lose" 1-2 MOR during initial setup j		TRUE	docs/providers/full/pricing.mdx exists and is in docs.json nav	-	script	yes									
C0410-6adcbd5a	P0	docs/ai/myths.mdx	79	doc_link	/providers/full/quickstart	0	**No.** Every `postModelBid` charges a non-refundable `marketplaceBidFee = 0.3 MOR`. Replacing a bid (delete + post) charges the fee again. New providers commonly "lose" 1-2 MOR during initial setup j		TRUE	docs/providers/full/quickstart.mdx exists and is in docs.json nav	-	script	yes									
C0411-5ea30e14	P0	docs/ai/myths.mdx	89	external_url	https://mor.org	0	**No.** Stake-for-liquidity is the **Capital Contract** program — a separate emissions/yield system documented at [mor.org](https://mor.org). Your **provider stake** is a refundable bond in the Comput		UNVERIFIABLE-IN-REPO	external URL — out of scope (in-repo reach)	-	script	yes									
C0412-acc6f55c	P0	docs/ai/myths.mdx	89	doc_link	/concepts/rewards-and-economics	0	**No.** Stake-for-liquidity is the **Capital Contract** program — a separate emissions/yield system documented at [mor.org](https://mor.org). Your **provider stake** is a refundable bond in the Comput		TRUE	docs/concepts/rewards-and-economics.mdx exists and is in docs.json nav	-	script	yes									
C0413-8cda1a64	P0	docs/ai/myths.mdx	93	doc_link	/reference/env-proxy-router	0	**No.** The minimal example in `.env.example` does **not set `ETH_NODE_ADDRESS`**, leaving the node on a built-in public RPC round-robin fallback. That fallback is rate-limited and unreliable in pract		TRUE	docs/reference/env-proxy-router.mdx exists and is in docs.json nav	-	script	yes									
C0414-f9c602db	P0	docs/ai/myths.mdx	93	env_negated	ETH_NODE_ADDRESS	0	**No.** The minimal example in `.env.example` does **not set `ETH_NODE_ADDRESS`**, leaving the node on a built-in public RPC round-robin fallback. That fallback is rate-limited and unreliable in pract		AMBIGUOUS	doc denies/qualifies this name, but proxy-router/internal/config/config.go:29 defines it — check the framing	-	script	yes									
C0416-3319d416	P0	docs/ai/myths.mdx	115	external_url	https://active.mor.org	0	3. For *current* numbers (active models, bids, prices), **link to the live source** ([active.mor.org](https://active.mor.org), [tech.mor.org](https://tech.mor.org)) — never invent values.		UNVERIFIABLE-IN-REPO	external URL — out of scope (in-repo reach)	-	script	yes									
C0417-f1cbd204	P0	docs/ai/myths.mdx	115	external_url	https://tech.mor.org	0	3. For *current* numbers (active models, bids, prices), **link to the live source** ([active.mor.org](https://active.mor.org), [tech.mor.org](https://tech.mor.org)) — never invent values.		UNVERIFIABLE-IN-REPO	external URL — out of scope (in-repo reach)	-	script	yes									
C0418-440b929d	P0	docs/ai/myths.mdx	116	doc_link	/get-started/networks-and-tokens	0	4. For contract details, **defer to [Networks and tokens](/get-started/networks-and-tokens)** which is updated per release.		TRUE	docs/get-started/networks-and-tokens.mdx exists and is in docs.json nav	-	script	yes									
C0419-4831fe0d	P0	docs/ai/session-states-open-close-recover.mdx	6	last_verified	v7.9.0	0	last_verified: "v7.9.0"		UNVERIFIABLE-IN-REPO	no tag v7.9.0 in this repo (282 tags; highest release tag v7.5.0) — may exist upstream	-	script	yes									
C0420-222d39d9	P0	docs/ai/session-states-open-close-recover.mdx	1	frontmatter_keys	title,description,audience,product,last_verified	0	frontmatter keys: title, description, audience, product, last_verified		TRUE	title and description present	-	script	yes									
C0421-217e5b4a	P0	docs/ai/session-states-open-close-recover.mdx	9	doc_link	/concepts/sessions-stake-close-recover	0	Canonical, terse description of Morpheus session states for LLM citation. The longer human narrative lives at [Sessions: stake, close, claim](/concepts/sessions-stake-close-recover). The hosted checke		TRUE	docs/concepts/sessions-stake-close-recover.mdx exists and is in docs.json nav	-	script	yes									
C0422-fb7eb20c	P0	docs/ai/session-states-open-close-recover.mdx	9	external_url	https://tech.mor.org/session.html	0	Canonical, terse description of Morpheus session states for LLM citation. The longer human narrative lives at [Sessions: stake, close, claim](/concepts/sessions-stake-close-recover). The hosted checke		UNVERIFIABLE-IN-REPO	external URL — out of scope (in-repo reach)	-	script	yes									
C0423-d015d342	P0	docs/ai/session-states-open-close-recover.mdx	68	doc_link	/reference/api-endpoints	0	See full schemas in [API endpoints](/reference/api-endpoints) or [`proxy-router/docs/swagger.yaml`](https://github.com/MorpheusAIs/Morpheus-Lumerin-Node/blob/main/proxy-router/docs/swagger.yaml).		TRUE	docs/reference/api-endpoints.mdx exists and is in docs.json nav	-	script	yes									
C0424-eb26df3b	P0	docs/ai/session-states-open-close-recover.mdx	68	external_url	https://github.com/MorpheusAIs/Morpheus-Lumerin-Node/blob/main/proxy-router/docs/swagger.yaml	0	See full schemas in [API endpoints](/reference/api-endpoints) or [`proxy-router/docs/swagger.yaml`](https://github.com/MorpheusAIs/Morpheus-Lumerin-Node/blob/main/proxy-router/docs/swagger.yaml).		UNVERIFIABLE-IN-REPO	external URL — out of scope (in-repo reach)	-	script	yes									
C0425-11e77ef7	P0	docs/ai/session-states-open-close-recover.mdx	74	shell_var	DATA	1	DATA=$(cast calldata "getUserStakesOnHold(address,uint8)" 0xYOUR_WALLET 1)		N/A	shell variable local to a fenced example, not repo config	-	script	yes									
C0426-f8c87874	P0	docs/ai/session-states-open-close-recover.mdx	76	address	addr#acb3e366	1	-d "{\"jsonrpc\":\"2.0\",\"id\":1,\"method\":\"eth_call\",\"params\":[{\"to\":\"0x<redacted>\",\"data\":\"$DATA\"},\"latest\"]}"		TRUE	matches an address in .env.example / smart-contracts/deploy/data (value withheld)	-	script	yes									
C0427-80968a2b	P0	docs/ai/session-states-open-close-recover.mdx	79	address	addr#acb3e366	1	cast send 0x<redacted> \		TRUE	matches an address in .env.example / smart-contracts/deploy/data (value withheld)	-	script	yes									
C0428-59845efe	P0	docs/ai/where-is-my-mor.mdx	6	last_verified	v7.9.0	0	last_verified: "v7.9.0"		UNVERIFIABLE-IN-REPO	no tag v7.9.0 in this repo (282 tags; highest release tag v7.5.0) — may exist upstream	-	script	yes									
C0429-0c89c297	P0	docs/ai/where-is-my-mor.mdx	1	frontmatter_keys	title,description,audience,product,last_verified	0	frontmatter keys: title, description, audience, product, last_verified		TRUE	title and description present	-	script	yes									
C0430-4f837bcd	P0	docs/ai/where-is-my-mor.mdx	23	external_url	https://tech.mor.org/session.html	0	- `GET /blockchain/sessions/user?user=0x…` lists active sessions, or use the hosted [tech.mor.org/session.html](https://tech.mor.org/session.html) wallet checker.		UNVERIFIABLE-IN-REPO	external URL — out of scope (in-repo reach)	-	script	yes									
C0431-0932acec	P0	docs/ai/where-is-my-mor.mdx	31	doc_link	/concepts/sessions-stake-close-recover	0	See [Sessions: stake, close, claim](/concepts/sessions-stake-close-recover) for the full lifecycle.		TRUE	docs/concepts/sessions-stake-close-recover.mdx exists and is in docs.json nav	-	script	yes									
C0432-dd2c59e0	P0	docs/ai/where-is-my-mor.mdx	40	external_url	https://tech.mor.org/session.html	0	- The hosted wallet checker at [tech.mor.org/session.html](https://tech.mor.org/session.html) shows this bucket explicitly.		UNVERIFIABLE-IN-REPO	external URL — out of scope (in-repo reach)	-	script	yes									
C0433-39b89b3a	P0	docs/ai/where-is-my-mor.mdx	43	shell_var	DATA	1	DATA=$(cast calldata "getUserStakesOnHold(address,uint8)" 0xYOUR_WALLET 1)		N/A	shell variable local to a fenced example, not repo config	-	script	yes									
C0434-7f1989e2	P0	docs/ai/where-is-my-mor.mdx	45	address	addr#acb3e366	1	-d "{\"jsonrpc\":\"2.0\",\"id\":1,\"method\":\"eth_call\",\"params\":[{\"to\":\"0x<redacted>\",\"data\":\"$DATA\"},\"latest\"]}"		TRUE	matches an address in .env.example / smart-contracts/deploy/data (value withheld)	-	script	yes									
C0435-306b301d	P0	docs/ai/where-is-my-mor.mdx	53	address	addr#acb3e366	1	cast send 0x<redacted> \		TRUE	matches an address in .env.example / smart-contracts/deploy/data (value withheld)	-	script	yes									
C0436-bcff2b49	P0	docs/ai/where-is-my-mor.mdx	88	env	ETH_NODE_CHAIN_ID	0	- Check `ETH_NODE_CHAIN_ID` in your `.env` (or `CHAIN_ID` for the UI).		TRUE	proxy-router/internal/config/config.go:28	-	script	yes									
C0437-bf5dca5e	P0	docs/ai/where-is-my-mor.mdx	88	env	CHAIN_ID	0	- Check `ETH_NODE_CHAIN_ID` in your `.env` (or `CHAIN_ID` for the UI).		TRUE	ui-desktop/.env.example:5	-	script	yes									
C0438-8ec3cf72	P0	docs/ai/where-is-my-mor.mdx	90	doc_link	/get-started/networks-and-tokens	0	- Confirm `MOR_TOKEN_ADDRESS` matches [Networks and tokens](/get-started/networks-and-tokens).		TRUE	docs/get-started/networks-and-tokens.mdx exists and is in docs.json nav	-	script	yes									
C0439-fc5ca494	P0	docs/ai/where-is-my-mor.mdx	90	env	MOR_TOKEN_ADDRESS	0	- Confirm `MOR_TOKEN_ADDRESS` matches [Networks and tokens](/get-started/networks-and-tokens).		TRUE	proxy-router/internal/config/config.go:47	-	script	yes									
C0440-83340e4d	P0	docs/ai/where-is-my-mor.mdx	129	doc_link	/concepts/sessions-stake-close-recover	0	- [Sessions: stake, close, claim](/concepts/sessions-stake-close-recover) — full lifecycle reference.		TRUE	docs/concepts/sessions-stake-close-recover.mdx exists and is in docs.json nav	-	script	yes									
C0441-9bbd6e0b	P0	docs/ai/where-is-my-mor.mdx	130	doc_link	/ai/why-locked-in-contract	0	- [Why is my MOR locked in the contract?](/ai/why-locked-in-contract) — corrected lock-vs-unlock semantics.		TRUE	docs/ai/why-locked-in-contract.mdx exists and is in docs.json nav	-	script	yes									
C0442-7e5b5cff	P0	docs/ai/where-is-my-mor.mdx	131	doc_link	/ai/session-states-open-close-recover	0	- [Session states (open, close, claim)](/ai/session-states-open-close-recover) — deterministic state machine.		TRUE	docs/ai/session-states-open-close-recover.mdx exists and is in docs.json nav	-	script	yes									
C0443-8a44ae0a	P0	docs/ai/where-is-my-mor.mdx	132	external_url	https://tech.mor.org/session.html	0	- Hosted wallet checker: [tech.mor.org/session.html](https://tech.mor.org/session.html).		UNVERIFIABLE-IN-REPO	external URL — out of scope (in-repo reach)	-	script	yes									
C0444-69070810	P0	docs/ai/why-locked-in-contract.mdx	6	last_verified	v7.9.0	0	last_verified: "v7.9.0"		UNVERIFIABLE-IN-REPO	no tag v7.9.0 in this repo (282 tags; highest release tag v7.5.0) — may exist upstream	-	script	yes									
C0445-dc7fca52	P0	docs/ai/why-locked-in-contract.mdx	1	frontmatter_keys	title,description,audience,product,last_verified	0	frontmatter keys: title, description, audience, product, last_verified		TRUE	title and description present	-	script	yes									
C0446-73358356	P0	docs/ai/why-locked-in-contract.mdx	9	doc_link	/concepts/sessions-stake-close-recover	0	If you see your MOR sitting in the Inference Contract instead of your wallet, you are looking at one of these legitimate states. None of them are "stuck" or "lost." For the canonical mechanics, see [S		TRUE	docs/concepts/sessions-stake-close-recover.mdx exists and is in docs.json nav	-	script	yes									
C0447-829784f6	P0	docs/ai/why-locked-in-contract.mdx	15	doc_link	/ai/session-states-open-close-recover	0	- Resolution: wait for natural expiration (your consumer node submits `closeSession` ~1 minute after `endsAt`), or close early via `POST /blockchain/sessions/<id>/close`. After close, unused stake ret		TRUE	docs/ai/session-states-open-close-recover.mdx exists and is in docs.json nav	-	script	yes									
C0448-36109b58	P0	docs/ai/why-locked-in-contract.mdx	21	doc_link	/ai/where-is-my-mor	0	- Resolution: after `releaseAt`, call `withdrawUserStakes(yourAddress, iterations)` on the Diamond contract. **No HTTP route on the proxy-router** — use `cast send` or MetaMask "Interact with contract		TRUE	docs/ai/where-is-my-mor.mdx exists and is in docs.json nav	-	script	yes									
C0449-4d492508	P0	docs/ai/why-locked-in-contract.mdx	52	doc_link	/ai/where-is-my-mor	0	- "MorpheusUI shows zero balance after recovering my mnemonic." You almost certainly recovered the wrong address. See [Where is my MOR?](/ai/where-is-my-mor#bucket-5-wrong-wallet-address).		TRUE	docs/ai/where-is-my-mor.mdx exists and is in docs.json nav	-	script	yes									
C0450-f3a3159f	P0	docs/ai/why-locked-in-contract.mdx	73	doc_link	/ai/where-is-my-mor	0	- [Where is my MOR?](/ai/where-is-my-mor)		TRUE	docs/ai/where-is-my-mor.mdx exists and is in docs.json nav	-	script	yes									
C0451-6860be20	P0	docs/ai/why-locked-in-contract.mdx	74	doc_link	/ai/session-states-open-close-recover	0	- [Session states](/ai/session-states-open-close-recover)		TRUE	docs/ai/session-states-open-close-recover.mdx exists and is in docs.json nav	-	script	yes									
C0452-59d2aaee	P0	docs/ai/why-locked-in-contract.mdx	75	doc_link	/concepts/tokens-and-fees	0	- [Tokens and fees](/concepts/tokens-and-fees)		TRUE	docs/concepts/tokens-and-fees.mdx exists and is in docs.json nav	-	script	yes									
C0453-3431e93b	P0	docs/ai/why-locked-in-contract.mdx	76	doc_link	/concepts/sessions-stake-close-recover	0	- [Sessions: stake, close, claim](/concepts/sessions-stake-close-recover)		TRUE	docs/concepts/sessions-stake-close-recover.mdx exists and is in docs.json nav	-	script	yes									
C0454-cef92363	P0	docs/ai/why-locked-in-contract.mdx	77	external_url	https://tech.mor.org/session.html	0	- Hosted wallet checker: [tech.mor.org/session.html](https://tech.mor.org/session.html)		UNVERIFIABLE-IN-REPO	external URL — out of scope (in-repo reach)	-	script	yes									
C0455-51364740	P0	docs/concepts/architecture.mdx	6	last_verified	v7.0.0	0	last_verified: "v7.0.0"		TRUE	tag v7.0.0 exists in this repo	-	script	yes									
C0456-e27da64f	P0	docs/concepts/architecture.mdx	1	frontmatter_keys	title,description,audience,product,last_verified	0	frontmatter keys: title, description, audience, product, last_verified		TRUE	title and description present	-	script	yes									
C0457-0e6a7365	P0	docs/concepts/architecture.mdx	9	doc_link	/concepts/sessions-stake-close-recover	0	This page documents the **structural** picture: which process runs where, which port talks to which port, and what is on chain vs off chain. For dynamics over time (sessions, MOR flows), see [Sessions		TRUE	docs/concepts/sessions-stake-close-recover.mdx exists and is in docs.json nav	-	script	yes									
C0458-649456d1	P0	docs/concepts/architecture.mdx	18	doc_link	/reference/models-config	0	Listens on `:3333` (TCP, public) for consumer connections; `:8082` (HTTP, private/admin) for the API and Swagger. Uses [`models-config.json`](/reference/models-config) to map on-chain `modelId` → back		TRUE	docs/reference/models-config.mdx exists and is in docs.json nav	-	script	yes									
C0459-62e707c0	P0	docs/concepts/architecture.mdx	21	doc_link	/get-started/networks-and-tokens	0	The **Diamond marketplace contract** plus the MOR ERC-20 token. The contracts **register** providers and models, **match** consumers with providers, and **secure** connections via verifiable on-chain		TRUE	docs/get-started/networks-and-tokens.mdx exists and is in docs.json nav	-	script	yes									
C0460-a5829fa9	P0	docs/concepts/architecture.mdx	80	doc_link	/reference/rating-config	0	The marketplace tracks per-provider performance (uptime, time-to-first-token, throughput, success rate, posted stake). The consumer-side proxy-router uses these signals to bias session routing toward		TRUE	docs/reference/rating-config.mdx exists and is in docs.json nav	-	script	yes									
C0461-0c0bf7bb	P0	docs/concepts/local-vs-onchain-models.mdx	6	last_verified	v7.0.0	0	last_verified: "v7.0.0"		TRUE	tag v7.0.0 exists in this repo	-	script	yes									
C0462-05fd6a4c	P0	docs/concepts/local-vs-onchain-models.mdx	1	frontmatter_keys	title,description,audience,product,last_verified	0	frontmatter keys: title, description, audience, product, last_verified		TRUE	title and description present	-	script	yes									
C0463-9b0a5f58	P0	docs/concepts/local-vs-onchain-models.mdx	26	port	8080	0	Look at the model selector at the top of the **Chat** screen. If it says **"Local Model"** you are talking to the bundled `llama.cpp` server on `localhost:8080`. If it says a real model name like `LMR		FALSE	ui-desktop/env.schema.ts:43 SERVICE_AI_API_PORT default 3434, not 8080	S2	script	yes									
C0464-20967160	P0	docs/concepts/local-vs-onchain-models.mdx	30	doc_link	/reference/api-direct	0	If you are sending prompts to `/v1/chat/completions` **without** a `session_id` header, you are routed to the local backend. **With** a `session_id` header, you are routed to the provider that opened		TRUE	docs/reference/api-direct.mdx exists and is in docs.json nav	-	script	yes									
C0465-4b1689aa	P0	docs/concepts/local-vs-onchain-models.mdx	30	api_path	/v1/chat/completions	0	If you are sending prompts to `/v1/chat/completions` **without** a `session_id` header, you are routed to the local backend. **With** a `session_id` header, you are routed to the provider that opened		TRUE	proxy-router/docs/swagger.yaml:2891	-	script	yes									
C0466-7406bdf3	P0	docs/concepts/local-vs-onchain-models.mdx	33	port	8082	1	curl http://localhost:8082/v1/chat/completions \		TRUE	ui-desktop/.env.example:33 (PROXY_WEB_DEFAULT_PORT)	-	script	yes									
C0467-6322d595	P0	docs/concepts/local-vs-onchain-models.mdx	33	api_path	/v1/chat/completions	1	curl http://localhost:8082/v1/chat/completions \		TRUE	proxy-router/docs/swagger.yaml:2891	-	script	yes									
C0468-a4ad9355	P0	docs/concepts/local-vs-onchain-models.mdx	35	bytes32_id	id#ad7302f3	1	-H 'session_id: 0x<redacted>' \		N/A	example session/model id in a sample payload — not a configured value	-	script	yes									
C0469-7845eb7c	P0	docs/concepts/local-vs-onchain-models.mdx	54	doc_link	/ai/why-locked-in-contract	0	See also [Why is my MOR locked?](/ai/why-locked-in-contract) and [Local vs blockchain models (anti-hallucination)](/ai/local-vs-blockchain-models) for an LLM-focused version of this page.		TRUE	docs/ai/why-locked-in-contract.mdx exists and is in docs.json nav	-	script	yes									
C0470-86b671a8	P0	docs/concepts/local-vs-onchain-models.mdx	54	doc_link	/ai/local-vs-blockchain-models	0	See also [Why is my MOR locked?](/ai/why-locked-in-contract) and [Local vs blockchain models (anti-hallucination)](/ai/local-vs-blockchain-models) for an LLM-focused version of this page.		TRUE	docs/ai/local-vs-blockchain-models.mdx exists and is in docs.json nav	-	script	yes									
C0471-b21f32b1	P0	docs/concepts/rewards-and-economics.mdx	6	last_verified	v7.0.0	0	last_verified: "v7.0.0"		TRUE	tag v7.0.0 exists in this repo	-	script	yes									
C0472-eae4e4ed	P0	docs/concepts/rewards-and-economics.mdx	1	frontmatter_keys	title,description,audience,product,last_verified	0	frontmatter keys: title, description, audience, product, last_verified		TRUE	title and description present	-	script	yes									
C0473-4c9c42f6	P0	docs/concepts/rewards-and-economics.mdx	30	external_url	https://github.com/MorpheusAIs/Morpheus-Lumerin-Node/blob/main/smart-contracts/contracts/diamond/facets/SessionRouter.sol	0	**Cap:** `PROVIDER_REWARD_LIMITER_PERIOD` (currently 1 day) caps how much a provider can earn per period proportional to their staked amount. Beyond the cap, sessions still bill the consumer but the p		UNVERIFIABLE-IN-REPO	external URL — out of scope (in-repo reach)	-	script	yes									
C0474-2a3a1118	P0	docs/concepts/rewards-and-economics.mdx	30	env	PROVIDER_REWARD_LIMITER_PERIOD	0	**Cap:** `PROVIDER_REWARD_LIMITER_PERIOD` (currently 1 day) caps how much a provider can earn per period proportional to their staked amount. Beyond the cap, sessions still bill the consumer but the p		AMBIGUOUS	identifier defined at smart-contracts/contracts/diamond/facets/ProviderRegistry.sol:48, but it is not a config env var — verify the doc's framing	-	script	yes									
C0475-06aa1feb	P0	docs/concepts/rewards-and-economics.mdx	32	external_url	https://github.com/MorpheusAIs/Morpheus-Lumerin-Node/blob/main/smart-contracts/contracts/diamond/facets/SessionRouter.sol	0	**Disputes / on-hold:** if the consumer disputes a session and closes early, a portion of the provider's reward is parked in a per-day timelock similar to the consumer's `userStakesOnHold` queue. Code		UNVERIFIABLE-IN-REPO	external URL — out of scope (in-repo reach)	-	script	yes									
C0476-720f76cf	P0	docs/concepts/rewards-and-economics.mdx	44	external_url	https://mor.org	0	**Cap:** governed by Capital Contract parameters. See [mor.org](https://mor.org) and the canonical MorpheusAIs docs.		UNVERIFIABLE-IN-REPO	external URL — out of scope (in-repo reach)	-	script	yes									
C0477-7c21c37b	P0	docs/concepts/rewards-and-economics.mdx	59	external_url	https://mor.org	0	| Where to read more | This site | [mor.org](https://mor.org), upstream MorpheusAIs/Docs |		UNVERIFIABLE-IN-REPO	external URL — out of scope (in-repo reach)	-	script	yes									
C0478-a8a7b63b	P0	docs/concepts/rewards-and-economics.mdx	77	doc_link	/concepts/tokens-and-fees	0	- [Tokens and fees](/concepts/tokens-and-fees) — provider stake, model stake, bid fee, gas.		TRUE	docs/concepts/tokens-and-fees.mdx exists and is in docs.json nav	-	script	yes									
C0479-7a5e5fe8	P0	docs/concepts/rewards-and-economics.mdx	78	doc_link	/concepts/sessions-stake-close-recover	0	- [Sessions: stake, close, claim](/concepts/sessions-stake-close-recover) — the lifecycle of consumer-side stake.		TRUE	docs/concepts/sessions-stake-close-recover.mdx exists and is in docs.json nav	-	script	yes									
C0480-0665cfa9	P0	docs/concepts/rewards-and-economics.mdx	79	doc_link	/providers/full/pricing	0	- [Pricing your bid](/providers/full/pricing) — how `pricePerSecond` interacts with the per-period cap.		TRUE	docs/providers/full/pricing.mdx exists and is in docs.json nav	-	script	yes									
C0481-d0383e74	P0	docs/concepts/rewards-and-economics.mdx	80	doc_link	/inference-api/overview	0	- [Inference API overview](/inference-api/overview) — the hosted gateway, billed differently again (per-token over the marketplace).		TRUE	docs/inference-api/overview.mdx exists and is in docs.json nav	-	script	yes									
C0482-964d633a	P0	docs/concepts/sessions-stake-close-recover.mdx	6	last_verified	v7.9.0	0	last_verified: "v7.9.0"		UNVERIFIABLE-IN-REPO	no tag v7.9.0 in this repo (282 tags; highest release tag v7.5.0) — may exist upstream	-	script	yes									
C0483-8b637916	P0	docs/concepts/sessions-stake-close-recover.mdx	1	frontmatter_keys	title,description,audience,product,last_verified	0	frontmatter keys: title, description, audience, product, last_verified		TRUE	title and description present	-	script	yes									
C0484-2cf474a9	P0	docs/concepts/sessions-stake-close-recover.mdx	12	external_url	https://tech.mor.org/session.html	0	The hosted checker at [tech.mor.org/session.html](https://tech.mor.org/session.html) is useful for reading the three on-chain buckets. **Contract behavior in this repo is authoritative** if that page		UNVERIFIABLE-IN-REPO	external URL — out of scope (in-repo reach)	-	script	yes									
C0485-86623d4b	P0	docs/concepts/sessions-stake-close-recover.mdx	75	address	addr#acb3e366	1	cast send 0x<redacted> \		TRUE	matches an address in .env.example / smart-contracts/deploy/data (value withheld)	-	script	yes									
C0486-4aa609c0	P0	docs/concepts/sessions-stake-close-recover.mdx	137	doc_link	/reference/api-endpoints	0	See [API endpoints](/reference/api-endpoints) for full curl examples.		TRUE	docs/reference/api-endpoints.mdx exists and is in docs.json nav	-	script	yes									
C0487-1a5ba208	P0	docs/concepts/sessions-stake-close-recover.mdx	141	external_url	https://tech.mor.org/session.html	0	[tech.mor.org/session.html](https://tech.mor.org/session.html) has a hosted read-only wallet checker that shows your MOR split across the three buckets (wallet / active session / on-hold). Use it when		UNVERIFIABLE-IN-REPO	external URL — out of scope (in-repo reach)	-	script	yes									
C0488-be63854d	P0	docs/concepts/sessions-stake-close-recover.mdx	149	doc_link	/get-started/networks-and-tokens	0	These are governance-controlled and can change; check [Networks and tokens](/get-started/networks-and-tokens) and the [release notes](https://github.com/MorpheusAIs/Morpheus-Lumerin-Node/releases).		TRUE	docs/get-started/networks-and-tokens.mdx exists and is in docs.json nav	-	script	yes									
C0489-537b9355	P0	docs/concepts/sessions-stake-close-recover.mdx	149	external_url	https://github.com/MorpheusAIs/Morpheus-Lumerin-Node/releases	0	These are governance-controlled and can change; check [Networks and tokens](/get-started/networks-and-tokens) and the [release notes](https://github.com/MorpheusAIs/Morpheus-Lumerin-Node/releases).		UNVERIFIABLE-IN-REPO	external URL — out of scope (in-repo reach)	-	script	yes									
C0490-9249b8a3	P0	docs/concepts/tee-overview.mdx	6	last_verified	v7.7.0	0	last_verified: "v7.7.0"		UNVERIFIABLE-IN-REPO	no tag v7.7.0 in this repo (282 tags; highest release tag v7.5.0) — may exist upstream	-	script	yes									
C0491-dc99a9be	P0	docs/concepts/tee-overview.mdx	1	frontmatter_keys	title,description,audience,product,last_verified	0	frontmatter keys: title, description, audience, product, last_verified		TRUE	title and description present	-	script	yes									
C0492-9135172a	P0	docs/concepts/tokens-and-fees.mdx	6	last_verified	v7.9.0	0	last_verified: "v7.9.0"		UNVERIFIABLE-IN-REPO	no tag v7.9.0 in this repo (282 tags; highest release tag v7.5.0) — may exist upstream	-	script	yes									
C0493-f63a3a45	P0	docs/concepts/tokens-and-fees.mdx	1	frontmatter_keys	title,description,audience,product,last_verified	0	frontmatter keys: title, description, audience, product, last_verified		TRUE	title and description present	-	script	yes									
C0494-7c17c56c	P0	docs/concepts/tokens-and-fees.mdx	20	doc_link	/get-started/networks-and-tokens	0	Token addresses by network are listed in [Networks and tokens](/get-started/networks-and-tokens).		TRUE	docs/get-started/networks-and-tokens.mdx exists and is in docs.json nav	-	script	yes									
C0495-31a298d7	P0	docs/concepts/tokens-and-fees.mdx	26	doc_link	/concepts/sessions-stake-close-recover	0	Total = `pricePerSecond * sessionDuration` (minimum `5` MOR). Paid in MOR, escrowed in the Inference Contract on `openSession`. On close, **unused** stake returns immediately; the **used stipend** day		TRUE	docs/concepts/sessions-stake-close-recover.mdx exists and is in docs.json nav	-	script	yes									
C0496-f11cc99d	P0	docs/concepts/tokens-and-fees.mdx	56	doc_link	/providers/full/register-onchain	0	Plus you must approve at least `~0.6` MOR to the Diamond contract. See [Register on chain](/providers/full/register-onchain).		TRUE	docs/providers/full/register-onchain.mdx exists and is in docs.json nav	-	script	yes									
C0497-c2dfebf5	P0	docs/concepts/tokens-and-fees.mdx	65	doc_link	/concepts/sessions-stake-close-recover	0	The full stake is escrowed at open. On close, unused stake returns immediately; the used stipend day-locks until the next UTC day (`withdrawUserStakes`). Plan consumer float for gross daily stake — us		TRUE	docs/concepts/sessions-stake-close-recover.mdx exists and is in docs.json nav	-	script	yes									
C0498-44b4187b	P0	docs/concepts/tokens-and-fees.mdx	72	external_url	https://mor.org	0	2. **Capital Contract / stake-for-liquidity** (separate program at [mor.org](https://mor.org)): MOR holders lock MOR and earn emission rewards. Not part of this repo. Does **not** require running a no		UNVERIFIABLE-IN-REPO	external URL — out of scope (in-repo reach)	-	script	yes									
C0499-cb87879b	P0	docs/concepts/tokens-and-fees.mdx	74	doc_link	/concepts/rewards-and-economics	0	Your provider stake **is not** enrolled in the Capital Contract. See [Rewards and economics](/concepts/rewards-and-economics) for the side-by-side breakdown.		TRUE	docs/concepts/rewards-and-economics.mdx exists and is in docs.json nav	-	script	yes									
C0500-a817fe04	P0	docs/concepts/what-is-morpheus.mdx	6	last_verified	v7.9.0	0	last_verified: "v7.9.0"		UNVERIFIABLE-IN-REPO	no tag v7.9.0 in this repo (282 tags; highest release tag v7.5.0) — may exist upstream	-	script	yes									
C0501-2fd7c592	P0	docs/concepts/what-is-morpheus.mdx	1	frontmatter_keys	title,description,audience,product,last_verified	0	frontmatter keys: title, description, audience, product, last_verified		TRUE	title and description present	-	script	yes									
C0502-a4acdde2	P0	docs/concepts/what-is-morpheus.mdx	49	doc_link	/concepts/sessions-stake-close-recover	0	Pricing is **per-second of session time**, not per-token. Consumers stake MOR for a fixed duration; the MOR is escrowed on open. On close, unused stake returns immediately and the used stipend day-loc		TRUE	docs/concepts/sessions-stake-close-recover.mdx exists and is in docs.json nav	-	script	yes									
C0503-3892795a	P0	docs/concepts/what-is-morpheus.mdx	52	doc_link	/reference/rating-config	0	Providers with strong uptime, time-to-first-token, throughput, and success rate are matched more often by the consumer-side rating system. See [rating-config.json](/reference/rating-config) for how th		TRUE	docs/reference/rating-config.mdx exists and is in docs.json nav	-	script	yes									
C0504-da354949	P0	docs/concepts/what-is-morpheus.mdx	70	external_url	https://apidocs.mor.org	0	| **Hosted Inference API** ([apidocs.mor.org](https://apidocs.mor.org)) | OpenAI-compatible API key against a hosted gateway; powers the Morpheus Chat App and lite clients | You just want to plug Morp		UNVERIFIABLE-IN-REPO	external URL — out of scope (in-repo reach)	-	script	yes									
C0505-63e938dc	P0	docs/concepts/what-is-morpheus.mdx	72	doc_link	/inference-api/overview	0	See [Inference API overview](/inference-api/overview) for the hosted path.		TRUE	docs/inference-api/overview.mdx exists and is in docs.json nav	-	script	yes									
C0506-4e69359f	P0	docs/concepts/what-is-morpheus.mdx	80	external_url	https://nodeneo.io	0	| NodeNeo ([nodeneo.io](https://nodeneo.io)) | Consumers + prosumers | Cross-platform consumer experience |		UNVERIFIABLE-IN-REPO	external URL — out of scope (in-repo reach)	-	script	yes									
C0507-30c82cbe	P0	docs/concepts/what-is-morpheus.mdx	81	external_url	https://everclaw.xyz	0	| Everclaw ([everclaw.xyz](https://everclaw.xyz)) | Agent developers | Skill / SDK that talks to a local AI gateway backed by Morpheus |		UNVERIFIABLE-IN-REPO	external URL — out of scope (in-repo reach)	-	script	yes									
C0508-6be39627	P0	docs/concepts/what-is-morpheus.mdx	82	external_url	https://myprovider.mor.org	0	| MyProvider ([myprovider.mor.org](https://myprovider.mor.org)) | Providers | Hosted operator GUI for provider node management |		UNVERIFIABLE-IN-REPO	external URL — out of scope (in-repo reach)	-	script	yes									
C0509-f1483749	P0	docs/concepts/what-is-morpheus.mdx	83	external_url	https://apidocs.mor.org	0	| **Inference API Gateway** ([apidocs.mor.org](https://apidocs.mor.org)) | Developers / API users | Hosted, OpenAI-compatible inference gateway — separate product, no node required. See [Inference API		UNVERIFIABLE-IN-REPO	external URL — out of scope (in-repo reach)	-	script	yes									
C0510-81830e35	P0	docs/concepts/what-is-morpheus.mdx	83	doc_link	/inference-api/overview	0	| **Inference API Gateway** ([apidocs.mor.org](https://apidocs.mor.org)) | Developers / API users | Hosted, OpenAI-compatible inference gateway — separate product, no node required. See [Inference API		TRUE	docs/inference-api/overview.mdx exists and is in docs.json nav	-	script	yes									
C0511-33733b23	P0	docs/concepts/what-is-morpheus.mdx	86	doc_link	/ai/llm-prompt-cheatsheet	0	| `gitbook.mor.org` | All / agents | Broader Morpheus docs hub. Supports an `?ask=<question>` query mechanism for AI agents — see [llm-prompt-cheatsheet](/ai/llm-prompt-cheatsheet#dynamic-querying-of-		TRUE	docs/ai/llm-prompt-cheatsheet.mdx exists and is in docs.json nav	-	script	yes									
C0512-94abe56a	P0	docs/concepts/what-is-morpheus.mdx	88	doc_link	/ecosystem/overview	0	See [Ecosystem](/ecosystem/overview) for curated, mirrored summaries with attribution.		TRUE	docs/ecosystem/overview.mdx exists and is in docs.json nav	-	script	yes									
C0513-061276ca	P0	docs/concepts/what-is-morpheus.mdx	92	external_url	https://github.com/MorpheusAIs/Docs/blob/main/!KEYDOCS%20README%20FIRST!/Compute%20Providers/Compute%20Node/Intro%20to%20Morpheus%20Compute%20Node.md	0	- [Intro to Morpheus Compute Node](https://github.com/MorpheusAIs/Docs/blob/main/!KEYDOCS%20README%20FIRST!/Compute%20Providers/Compute%20Node/Intro%20to%20Morpheus%20Compute%20Node.md) — the upstream		UNVERIFIABLE-IN-REPO	external URL — out of scope (in-repo reach)	-	script	yes									
C0514-e01a6372	P0	docs/concepts/what-is-morpheus.mdx	93	external_url	https://discord.com/channels/1151741790408429580/1167520834139738289	0	- [Discord — #morpheus-compute-node](https://discord.com/channels/1151741790408429580/1167520834139738289) — community questions.		UNVERIFIABLE-IN-REPO	external URL — out of scope (in-repo reach)	-	script	yes									
C0515-920a2bbc	P0	docs/consumers/buy-bid.mdx	6	last_verified	v7.9.0	0	last_verified: "v7.9.0"		UNVERIFIABLE-IN-REPO	no tag v7.9.0 in this repo (282 tags; highest release tag v7.5.0) — may exist upstream	-	script	yes									
C0516-61a28243	P0	docs/consumers/buy-bid.mdx	1	frontmatter_keys	title,description,audience,product,last_verified,source	0	frontmatter keys: title, description, audience, product, last_verified, source		TRUE	title and description present	-	script	yes									
C0517-a4fda1e0	P0	docs/consumers/buy-bid.mdx	10	doc_link	/concepts/sessions-stake-close-recover	0	Opening a session = "buying a bid." You stake MOR for a fixed duration; the proxy-router routes prompts to the chosen provider until the session closes (or you close it). The MOR is **escrowed**, not		TRUE	docs/concepts/sessions-stake-close-recover.mdx exists and is in docs.json nav	-	script	yes									
C0518-28e3f077	P0	docs/consumers/buy-bid.mdx	40	port	8082	1	curl -X POST 'http://localhost:8082/blockchain/models/<modelId>/session' \		TRUE	ui-desktop/.env.example:33 (PROXY_WEB_DEFAULT_PORT)	-	script	yes									
C0519-fa0cb53b	P0	docs/consumers/buy-bid.mdx	40	api_path	/blockchain/models/<modelId>/session	1	curl -X POST 'http://localhost:8082/blockchain/models/<modelId>/session' \		TRUE	proxy-router/docs/swagger.yaml:1702	-	script	yes									
C0520-f8688afe	P0	docs/consumers/buy-bid.mdx	49	bytes32_id	id#bb76868a	1	{ "sessionID": "0x<redacted>" }		N/A	example session/model id in a sample payload — not a configured value	-	script	yes									
C0521-ed5e978d	P0	docs/consumers/buy-bid.mdx	55	port	8082	1	curl -X POST 'http://localhost:8082/blockchain/sessions/<sessionId>/close' \		TRUE	ui-desktop/.env.example:33 (PROXY_WEB_DEFAULT_PORT)	-	script	yes									
C0522-e2a56834	P0	docs/consumers/buy-bid.mdx	55	api_path	/blockchain/sessions/<sessionId>/close	1	curl -X POST 'http://localhost:8082/blockchain/sessions/<sessionId>/close' \		TRUE	proxy-router/docs/swagger.yaml:1971	-	script	yes									
C0523-c2bacf49	P0	docs/consumers/buy-bid.mdx	63	doc_link	/concepts/sessions-stake-close-recover	0	- **Capital planning:** used stake is **not reusable the same UTC day**. Size your wallet for the gross stake you need that day, not for recycling one pile of MOR many times before midnight UTC. See [		TRUE	docs/concepts/sessions-stake-close-recover.mdx exists and is in docs.json nav	-	script	yes									
C0524-df0bf28f	P0	docs/consumers/buy-bid.mdx	64	doc_link	/ai/why-locked-in-contract	0	- **The provider is paid from a separate protocol funding account**, not from your stake in real time. If that funding account is empty or under-approved, every `closeSession` fails — yours included.		TRUE	docs/ai/why-locked-in-contract.mdx exists and is in docs.json nav	-	script	yes									
C0525-23965262	P0	docs/consumers/buy-bid.mdx	65	external_url	https://tech.mor.org/session.html	0	- For a hosted read-only wallet checker that splits your MOR across the three on-chain buckets (wallet / active session / on-hold), see [tech.mor.org/session.html](https://tech.mor.org/session.html).		UNVERIFIABLE-IN-REPO	external URL — out of scope (in-repo reach)	-	script	yes									
C0526-0866b9e0	P0	docs/consumers/buy-bid.mdx	73	doc_link	/concepts/tee-overview	0	- **TEE vs non-TEE** — `tee`-tagged models give you cryptographic guarantees about the running software (see [TEE overview](/concepts/tee-overview)).		TRUE	docs/concepts/tee-overview.mdx exists and is in docs.json nav	-	script	yes									
C0527-28c6c748	P0	docs/consumers/buy-bid.mdx	74	external_url	https://active.mor.org	0	- **Throughput / capacity** — see live data at [active.mor.org](https://active.mor.org).		UNVERIFIABLE-IN-REPO	external URL — out of scope (in-repo reach)	-	script	yes									
C0528-79fb6bfc	P0	docs/consumers/buy-bid.mdx	76	doc_link	/reference/rating-config	0	For a `rating-config.json` that prefers certain providers automatically, see [rating-config](/reference/rating-config).		TRUE	docs/reference/rating-config.mdx exists and is in docs.json nav	-	script	yes									
C0529-080c60d9	P0	docs/consumers/chat.mdx	6	last_verified	v7.9.0	0	last_verified: "v7.9.0"		UNVERIFIABLE-IN-REPO	no tag v7.9.0 in this repo (282 tags; highest release tag v7.5.0) — may exist upstream	-	script	yes									
C0530-ddb9235f	P0	docs/consumers/chat.mdx	1	frontmatter_keys	title,description,audience,product,last_verified	0	frontmatter keys: title, description, audience, product, last_verified		TRUE	title and description present	-	script	yes									
C0531-029d8a30	P0	docs/consumers/chat.mdx	15	doc_link	/reference/api-auth	0	| `Authorization: Basic <base64(user:pass)>` | Yes | Auth to your local proxy-router. See [API auth](/reference/api-auth). |		TRUE	docs/reference/api-auth.mdx exists and is in docs.json nav	-	script	yes									
C0532-d9ff2538	P0	docs/consumers/chat.mdx	17	repo_path	application/json	0	| `Content-Type` | As needed | `application/json` or `multipart/form-data`. |		UNVERIFIABLE-IN-REPO	looks like an external owner/repo reference	-	script	yes									
C0533-ed3f2d96	P0	docs/consumers/chat.mdx	17	repo_path	multipart/form-data	0	| `Content-Type` | As needed | `application/json` or `multipart/form-data`. |		UNVERIFIABLE-IN-REPO	looks like an external owner/repo reference	-	script	yes									
C0534-c9b3271f	P0	docs/consumers/chat.mdx	24	port	8082	1	curl -X POST 'http://localhost:8082/v1/chat/completions' \		TRUE	ui-desktop/.env.example:33 (PROXY_WEB_DEFAULT_PORT)	-	script	yes									
C0535-ff547e3d	P0	docs/consumers/chat.mdx	24	api_path	/v1/chat/completions	1	curl -X POST 'http://localhost:8082/v1/chat/completions' \		TRUE	proxy-router/docs/swagger.yaml:2891	-	script	yes									
C0536-27f83822	P0	docs/consumers/chat.mdx	27	bytes32_id	id#bb76868a	1	-H 'session_id: 0x<redacted>' \		N/A	example session/model id in a sample payload — not a configured value	-	script	yes									
C0537-0aa456dc	P0	docs/consumers/chat.mdx	37	repo_path	text/event-stream	0	Streaming responses are SSE (`text/event-stream`); non-streaming returns `application/json`.		UNVERIFIABLE-IN-REPO	looks like an external owner/repo reference	-	script	yes									
C0538-a0ea7f8c	P0	docs/consumers/chat.mdx	37	repo_path	application/json	0	Streaming responses are SSE (`text/event-stream`); non-streaming returns `application/json`.		UNVERIFIABLE-IN-REPO	looks like an external owner/repo reference	-	script	yes									
C0539-62e22a91	P0	docs/consumers/chat.mdx	44	port	8082	1	curl -X POST 'http://localhost:8082/v1/audio/transcriptions' \		TRUE	ui-desktop/.env.example:33 (PROXY_WEB_DEFAULT_PORT)	-	script	yes									
C0540-d308e8ff	P0	docs/consumers/chat.mdx	44	api_path	/v1/audio/transcriptions	1	curl -X POST 'http://localhost:8082/v1/audio/transcriptions' \		TRUE	proxy-router/docs/swagger.yaml:2839	-	script	yes									
C0541-a67c638b	P0	docs/consumers/chat.mdx	53	port	8082	1	curl -X POST 'http://localhost:8082/v1/audio/speech' \		TRUE	ui-desktop/.env.example:33 (PROXY_WEB_DEFAULT_PORT)	-	script	yes									
C0542-c05951cb	P0	docs/consumers/chat.mdx	53	api_path	/v1/audio/speech	1	curl -X POST 'http://localhost:8082/v1/audio/speech' \		TRUE	proxy-router/docs/swagger.yaml:2802	-	script	yes									
C0543-82ca830e	P0	docs/consumers/chat.mdx	60	repo_path	audio/mpeg	0	Response is `audio/mpeg` (or whatever `response_format` you specified).		UNVERIFIABLE-IN-REPO	looks like an external owner/repo reference	-	script	yes									
C0544-bc800126	P0	docs/consumers/chat.mdx	65	port	8082	1	curl -X POST 'http://localhost:8082/v1/embeddings' \		TRUE	ui-desktop/.env.example:33 (PROXY_WEB_DEFAULT_PORT)	-	script	yes									
C0545-fe337835	P0	docs/consumers/chat.mdx	65	api_path	/v1/embeddings	1	curl -X POST 'http://localhost:8082/v1/embeddings' \		TRUE	proxy-router/docs/swagger.yaml:3008	-	script	yes									
C0546-f6273571	P0	docs/consumers/chat.mdx	74	doc_link	/concepts/sessions-stake-close-recover	0	Always close manually if you are finished well before the session timer expires. Unused stake returns to your wallet on close; the used stipend day-locks until the next UTC day (`withdrawUserStakes`).		TRUE	docs/concepts/sessions-stake-close-recover.mdx exists and is in docs.json nav	-	script	yes									
C0547-83ef4abc	P0	docs/consumers/chat.mdx	77	port	8082	1	curl -X POST 'http://localhost:8082/blockchain/sessions/<sessionId>/close' \		TRUE	ui-desktop/.env.example:33 (PROXY_WEB_DEFAULT_PORT)	-	script	yes									
C0548-daf94c7c	P0	docs/consumers/chat.mdx	77	api_path	/blockchain/sessions/<sessionId>/close	1	curl -X POST 'http://localhost:8082/blockchain/sessions/<sessionId>/close' \		TRUE	proxy-router/docs/swagger.yaml:1971	-	script	yes									
C0549-028e0a51	P0	docs/consumers/chat.mdx	83	doc_link	/reference/api-endpoints	0	See [API endpoints](/reference/api-endpoints) for our curated subset, or [`proxy-router/docs/swagger.yaml`](https://github.com/MorpheusAIs/Morpheus-Lumerin-Node/blob/main/proxy-router/docs/swagger.yam		TRUE	docs/reference/api-endpoints.mdx exists and is in docs.json nav	-	script	yes									
C0550-996c9132	P0	docs/consumers/chat.mdx	83	external_url	https://github.com/MorpheusAIs/Morpheus-Lumerin-Node/blob/main/proxy-router/docs/swagger.yaml	0	See [API endpoints](/reference/api-endpoints) for our curated subset, or [`proxy-router/docs/swagger.yaml`](https://github.com/MorpheusAIs/Morpheus-Lumerin-Node/blob/main/proxy-router/docs/swagger.yam		UNVERIFIABLE-IN-REPO	external URL — out of scope (in-repo reach)	-	script	yes									
C0551-1810f07d	P0	docs/consumers/install-from-source.mdx	6	last_verified	v7.9.0	0	last_verified: "v7.9.0"		UNVERIFIABLE-IN-REPO	no tag v7.9.0 in this repo (282 tags; highest release tag v7.5.0) — may exist upstream	-	script	yes									
C0552-dd6d9837	P0	docs/consumers/install-from-source.mdx	1	frontmatter_keys	title,description,audience,product,last_verified,source	0	frontmatter keys: title, description, audience, product, last_verified, source		TRUE	title and description present	-	script	yes									
C0553-e7e1adb7	P0	docs/consumers/install-from-source.mdx	10	doc_link	/consumers/quickstart	0	This guide builds the proxy-router from source and walks through the API-only consumer flow (no MorpheusUI). For an Electron-included experience, see the [packaged installs](/consumers/quickstart). Fo		TRUE	docs/consumers/quickstart.mdx exists and is in docs.json nav	-	script	yes									
C0554-b05ae74d	P0	docs/consumers/install-from-source.mdx	10	doc_link	/consumers/install/macos	0	This guide builds the proxy-router from source and walks through the API-only consumer flow (no MorpheusUI). For an Electron-included experience, see the [packaged installs](/consumers/quickstart). Fo		TRUE	docs/consumers/install/macos.mdx exists and is in docs.json nav	-	script	yes									
C0555-ab9b95b9	P0	docs/consumers/install-from-source.mdx	15	doc_link	/reference/api-auth	0	- Basic Auth credentials for the local API. On first start the proxy-router writes `admin:<password>` to `.cookie` next to the binary — use those credentials in Swagger (**Authorize**) and in every cu		TRUE	docs/reference/api-auth.mdx exists and is in docs.json nav	-	script	yes									
C0556-28af32e6	P0	docs/consumers/install-from-source.mdx	57	doc_link	/reference/env-proxy-router	0	Reference: [Env: proxy-router](/reference/env-proxy-router).		TRUE	docs/reference/env-proxy-router.mdx exists and is in docs.json nav	-	script	yes									
C0557-ac5ed769	P0	docs/consumers/install-from-source.mdx	65	port	8082	0	Confirm Swagger at `http://localhost:8082/swagger/index.html`. Click **Authorize** and enter the `admin` / password from `.cookie` before using **Try it out** — almost every route requires Basic Auth		TRUE	ui-desktop/.env.example:33 (PROXY_WEB_DEFAULT_PORT)	-	script	yes									
C0558-81cdb264	P0	docs/consumers/install-from-source.mdx	77	address	addr#acb3e366	1	'http://localhost:8082/blockchain/approve?spender=0x<redacted>&amount=3' \		TRUE	matches an address in .env.example / smart-contracts/deploy/data (value withheld)	-	script	yes									
C0559-7e918ca2	P0	docs/consumers/install-from-source.mdx	77	port	8082	1	'http://localhost:8082/blockchain/approve?spender=0x6aBE1d282f72B474E54527D93b979A4f64d3030a&amount=3' \		TRUE	ui-desktop/.env.example:33 (PROXY_WEB_DEFAULT_PORT)	-	script	yes									
C0560-c1424641	P0	docs/consumers/install-from-source.mdx	77	api_path	/blockchain/approve	1	'http://localhost:8082/blockchain/approve?spender=0x6aBE1d282f72B474E54527D93b979A4f64d3030a&amount=3' \		TRUE	proxy-router/docs/swagger.yaml:1417	-	script	yes									
C0561-dac2d0d8	P0	docs/consumers/install-from-source.mdx	85	port	8082	1	curl -X GET 'http://localhost:8082/wallet' \		TRUE	ui-desktop/.env.example:33 (PROXY_WEB_DEFAULT_PORT)	-	script	yes									
C0562-f9f05e07	P0	docs/consumers/install-from-source.mdx	89	port	8082	1	curl -X GET 'http://localhost:8082/blockchain/models' \		TRUE	ui-desktop/.env.example:33 (PROXY_WEB_DEFAULT_PORT)	-	script	yes									
C0563-74f455f0	P0	docs/consumers/install-from-source.mdx	89	api_path	/blockchain/models	1	curl -X GET 'http://localhost:8082/blockchain/models' \		TRUE	proxy-router/docs/swagger.yaml:1565	-	script	yes									
C0564-51849607	P0	docs/consumers/install-from-source.mdx	94	doc_link	/reference/api-endpoints	0	Pick an `Id` from the response and use it as `<modelId>` below. See the [API endpoints](/reference/api-endpoints) reference for the full schema.		TRUE	docs/reference/api-endpoints.mdx exists and is in docs.json nav	-	script	yes									
C0565-5c414692	P0	docs/consumers/install-from-source.mdx	100	port	8082	1	'http://localhost:8082/blockchain/models/<modelId>/session' \		TRUE	ui-desktop/.env.example:33 (PROXY_WEB_DEFAULT_PORT)	-	script	yes									
C0566-f4ebf905	P0	docs/consumers/install-from-source.mdx	100	api_path	/blockchain/models/<modelId>/session	1	'http://localhost:8082/blockchain/models/<modelId>/session' \		TRUE	proxy-router/docs/swagger.yaml:1702	-	script	yes									
C0567-87635421	P0	docs/consumers/install-from-source.mdx	112	port	8082	1	curl -X POST 'http://localhost:8082/v1/chat/completions' \		TRUE	ui-desktop/.env.example:33 (PROXY_WEB_DEFAULT_PORT)	-	script	yes									
C0568-602052f3	P0	docs/consumers/install-from-source.mdx	112	api_path	/v1/chat/completions	1	curl -X POST 'http://localhost:8082/v1/chat/completions' \		TRUE	proxy-router/docs/swagger.yaml:2891	-	script	yes									
C0569-46a01930	P0	docs/consumers/install-from-source.mdx	130	shell_var	AUTH	1	AUTH='Authorization: Basic <base64(user:pass)>'		N/A	shell variable local to a fenced example, not repo config	-	script	yes									
C0570-c710ba6b	P0	docs/consumers/install-from-source.mdx	131	address	addr#acb3e366	1	SPENDER=0x<redacted>		TRUE	matches an address in .env.example / smart-contracts/deploy/data (value withheld)	-	script	yes									
C0571-eeea8565	P0	docs/consumers/install-from-source.mdx	131	shell_var	SPENDER	1	SPENDER=0x6aBE1d282f72B474E54527D93b979A4f64d3030a		N/A	shell variable local to a fenced example, not repo config	-	script	yes									
C0572-b9d12959	P0	docs/consumers/install-from-source.mdx	133	port	8082	1	curl -X POST "http://localhost:8082/blockchain/approve?spender=$SPENDER&amount=3" \		TRUE	ui-desktop/.env.example:33 (PROXY_WEB_DEFAULT_PORT)	-	script	yes									
C0573-ad020960	P0	docs/consumers/install-from-source.mdx	133	api_path	/blockchain/approve	1	curl -X POST "http://localhost:8082/blockchain/approve?spender=$SPENDER&amount=3" \		TRUE	proxy-router/docs/swagger.yaml:1417	-	script	yes									
C0574-eb8d0a68	P0	docs/consumers/install-from-source.mdx	135	port	8082	1	curl -s 'http://localhost:8082/wallet' -H "$AUTH" | jq .address		TRUE	ui-desktop/.env.example:33 (PROXY_WEB_DEFAULT_PORT)	-	script	yes									
C0575-e4125f65	P0	docs/consumers/install-from-source.mdx	136	port	8082	1	curl -s 'http://localhost:8082/blockchain/models' -H "$AUTH" \		TRUE	ui-desktop/.env.example:33 (PROXY_WEB_DEFAULT_PORT)	-	script	yes									
C0576-b050ace9	P0	docs/consumers/install-from-source.mdx	136	api_path	/blockchain/models	1	curl -s 'http://localhost:8082/blockchain/models' -H "$AUTH" \		TRUE	proxy-router/docs/swagger.yaml:1565	-	script	yes									
C0577-691265cf	P0	docs/consumers/install-from-source.mdx	138	port	8082	1	SESSION=$(curl -s -X POST 'http://localhost:8082/blockchain/models/<modelId>/session' \		TRUE	ui-desktop/.env.example:33 (PROXY_WEB_DEFAULT_PORT)	-	script	yes									
C0578-74e127f9	P0	docs/consumers/install-from-source.mdx	138	shell_var	SESSION	1	SESSION=$(curl -s -X POST 'http://localhost:8082/blockchain/models/<modelId>/session' \		N/A	shell variable local to a fenced example, not repo config	-	script	yes									
C0579-c9c05b80	P0	docs/consumers/install-from-source.mdx	138	api_path	/blockchain/models/<modelId>/session	1	SESSION=$(curl -s -X POST 'http://localhost:8082/blockchain/models/<modelId>/session' \		TRUE	proxy-router/docs/swagger.yaml:1702	-	script	yes									
C0580-0e8d9490	P0	docs/consumers/install-from-source.mdx	140	port	8082	1	curl -X POST 'http://localhost:8082/v1/chat/completions' \		TRUE	ui-desktop/.env.example:33 (PROXY_WEB_DEFAULT_PORT)	-	script	yes									
C0581-093c0cc4	P0	docs/consumers/install-from-source.mdx	140	api_path	/v1/chat/completions	1	curl -X POST 'http://localhost:8082/v1/chat/completions' \		TRUE	proxy-router/docs/swagger.yaml:2891	-	script	yes									
C0582-5b993fd6	P0	docs/consumers/install/docker.mdx	6	last_verified	v7.6.0	0	last_verified: "v7.6.0"		UNVERIFIABLE-IN-REPO	no tag v7.6.0 in this repo (282 tags; highest release tag v7.5.0) — may exist upstream	-	script	yes									
C0583-ca6f3165	P0	docs/consumers/install/docker.mdx	1	frontmatter_keys	title,description,audience,product,last_verified	0	frontmatter keys: title, description, audience, product, last_verified		TRUE	title and description present	-	script	yes									
C0584-38cf3caf	P0	docs/consumers/install/docker.mdx	9	repo_path	ghcr.io/morpheusais/morpheus-lumerin-node	0	The proxy-router itself is published as a Docker image at `ghcr.io/morpheusais/morpheus-lumerin-node`. As a **consumer** you typically run it locally next to MorpheusUI or call its HTTP API directly.		UNVERIFIABLE-IN-REPO	looks like an external Go import path	-	script	yes									
C0585-8b0892b8	P0	docs/consumers/install/docker.mdx	14	doc_link	/providers/full/proxy-router-docker	0	For provider-side Docker (with model registration, public `:3333`, etc.), see [Provider Docker](/providers/full/proxy-router-docker). The two flows share the same image and 90% of the configuration.		TRUE	docs/providers/full/proxy-router-docker.mdx exists and is in docs.json nav	-	script	yes									
C0586-11566e10	P0	docs/consumers/install/docker.mdx	24	shell_var	AUTH_CONFIG_FILE_PATH	1	AUTH_CONFIG_FILE_PATH=/app/data/proxy.conf		TRUE	proxy-router/internal/config/config.go:73 (also a config env var)	-	script	yes									
C0587-70782e7e	P0	docs/consumers/install/docker.mdx	25	shell_var	COOKIE_FILE_PATH	1	COOKIE_FILE_PATH=/app/data/.cookie		TRUE	proxy-router/internal/config/config.go:71 (also a config env var)	-	script	yes									
C0588-e2705a86	P0	docs/consumers/install/docker.mdx	26	shell_var	RATING_CONFIG_PATH	1	RATING_CONFIG_PATH=/app/data/rating-config.json		TRUE	proxy-router/internal/config/config.go:69 (also a config env var)	-	script	yes									
C0589-64c50136	P0	docs/consumers/install/docker.mdx	27	shell_var	PROXY_STORAGE_PATH	1	PROXY_STORAGE_PATH=/app/data/data		TRUE	proxy-router/internal/config/config.go:62 (also a config env var)	-	script	yes									
C0590-12c979ca	P0	docs/consumers/install/docker.mdx	28	shell_var	MODELS_CONFIG_PATH	1	MODELS_CONFIG_PATH=/app/data/models-config.json		TRUE	proxy-router/internal/config/config.go:67 (also a config env var)	-	script	yes									
C0591-092cb3ec	P0	docs/consumers/install/docker.mdx	29	shell_var	ETH_NODE_CHAIN_ID	1	ETH_NODE_CHAIN_ID=8453		TRUE	proxy-router/internal/config/config.go:28 (also a config env var)	-	script	yes									
C0592-31dac5d4	P0	docs/consumers/install/docker.mdx	30	shell_var	BLOCKSCOUT_API_URL	1	BLOCKSCOUT_API_URL=https://base.blockscout.com/api/v2		TRUE	proxy-router/internal/config/config.go:32 (also a config env var)	-	script	yes									
C0593-f621ceea	P0	docs/consumers/install/docker.mdx	31	address	addr#acb3e366	1	DIAMOND_CONTRACT_ADDRESS=0x<redacted>		TRUE	matches an address in .env.example / smart-contracts/deploy/data (value withheld)	-	script	yes									
C0594-47554f71	P0	docs/consumers/install/docker.mdx	31	shell_var	DIAMOND_CONTRACT_ADDRESS	1	DIAMOND_CONTRACT_ADDRESS=0x6aBE1d282f72B474E54527D93b979A4f64d3030a		TRUE	proxy-router/internal/config/config.go:46 (also a config env var)	-	script	yes									
C0595-cc150538	P0	docs/consumers/install/docker.mdx	32	address	addr#56f99c5e	1	MOR_TOKEN_ADDRESS=0x<redacted>		TRUE	matches an address in .env.example / smart-contracts/deploy/data (value withheld)	-	script	yes									
C0596-ab221ca1	P0	docs/consumers/install/docker.mdx	32	shell_var	MOR_TOKEN_ADDRESS	1	MOR_TOKEN_ADDRESS=0x7431aDa8a591C955a994a21710752EF9b882b8e3		TRUE	proxy-router/internal/config/config.go:47 (also a config env var)	-	script	yes									
C0597-69ecfe8c	P0	docs/consumers/install/docker.mdx	33	shell_var	WALLET_PRIVATE_KEY	1	WALLET_PRIVATE_KEY=<your_consumer_wallet_private_key>		TRUE	proxy-router/internal/config/config.go:48 (also a config env var)	-	script	yes									
C0598-4d973abe	P0	docs/consumers/install/docker.mdx	36	shell_var	ETH_NODE_ADDRESS	1	ETH_NODE_ADDRESS=https://base-mainnet.g.alchemy.com/v2/<your_alchemy_key>		TRUE	proxy-router/internal/config/config.go:29 (also a config env var)	-	script	yes									
C0599-c1e8070c	P0	docs/consumers/install/docker.mdx	37	shell_var	ETH_NODE_USE_SUBSCRIPTIONS	1	ETH_NODE_USE_SUBSCRIPTIONS=false		TRUE	proxy-router/internal/config/config.go:35 (also a config env var)	-	script	yes									
C0600-4b3bd5e9	P0	docs/consumers/install/docker.mdx	38	port	3333	1	PROXY_ADDRESS=0.0.0.0:3333		TRUE	proxy-router/.env.example.win:25 (PROXY_ADDRESS)	-	script	yes									
C0601-6c595aca	P0	docs/consumers/install/docker.mdx	38	shell_var	PROXY_ADDRESS	1	PROXY_ADDRESS=0.0.0.0:3333		TRUE	proxy-router/internal/config/config.go:61 (also a config env var)	-	script	yes									
C0602-95a7e522	P0	docs/consumers/install/docker.mdx	39	port	8082	1	WEB_ADDRESS=0.0.0.0:8082		TRUE	ui-desktop/.env.example:33 (PROXY_WEB_DEFAULT_PORT)	-	script	yes									
C0603-f5b2b509	P0	docs/consumers/install/docker.mdx	39	shell_var	WEB_ADDRESS	1	WEB_ADDRESS=0.0.0.0:8082		TRUE	proxy-router/internal/config/config.go:106 (also a config env var)	-	script	yes									
C0604-b1161522	P0	docs/consumers/install/docker.mdx	40	port	8082	1	WEB_PUBLIC_URL=http://localhost:8082		TRUE	ui-desktop/.env.example:33 (PROXY_WEB_DEFAULT_PORT)	-	script	yes									
C0605-62a94464	P0	docs/consumers/install/docker.mdx	40	shell_var	WEB_PUBLIC_URL	1	WEB_PUBLIC_URL=http://localhost:8082		TRUE	proxy-router/internal/config/config.go:107 (also a config env var)	-	script	yes									
C0606-d85b5399	P0	docs/consumers/install/docker.mdx	57	port	8082	1	curl http://localhost:8082/healthcheck		TRUE	ui-desktop/.env.example:33 (PROXY_WEB_DEFAULT_PORT)	-	script	yes									
C0607-475e1d57	P0	docs/consumers/install/docker.mdx	57	api_path	/healthcheck	1	curl http://localhost:8082/healthcheck		TRUE	proxy-router/docs/swagger.yaml:2471	-	script	yes									
C0608-251ff1df	P0	docs/consumers/install/docker.mdx	59	port	8082	0	Open Swagger at `http://localhost:8082/swagger/index.html`. For any authenticated route (**Try it out**), click **Authorize** first and use the `admin` / password from your `.cookie` (see [API auth](/		TRUE	ui-desktop/.env.example:33 (PROXY_WEB_DEFAULT_PORT)	-	script	yes									
C0609-a6b3e8ef	P0	docs/consumers/install/docker.mdx	59	doc_link	/reference/api-auth	0	Open Swagger at `http://localhost:8082/swagger/index.html`. For any authenticated route (**Try it out**), click **Authorize** first and use the `admin` / password from your `.cookie` (see [API auth](/		TRUE	docs/reference/api-auth.mdx exists and is in docs.json nav	-	script	yes									
C0610-c72ef9a5	P0	docs/consumers/install/docker.mdx	65	doc_link	/get-started/networks-and-tokens	0	Switch to BASE Sepolia by replacing the four blockchain values in the `.env`. See [Networks and tokens](/get-started/networks-and-tokens).		TRUE	docs/get-started/networks-and-tokens.mdx exists and is in docs.json nav	-	script	yes									
C0611-09535b44	P0	docs/consumers/install/docker.mdx	69	port	8082	0	If you also want the desktop UI, install the packaged **MorpheusUI** app ([Consumer quickstart](/consumers/quickstart), or per-OS: [Windows](/consumers/install/windows) / [Linux](/consumers/install/li		TRUE	ui-desktop/.env.example:33 (PROXY_WEB_DEFAULT_PORT)	-	script	yes									
C0612-aa50039a	P0	docs/consumers/install/docker.mdx	69	doc_link	/consumers/quickstart	0	If you also want the desktop UI, install the packaged **MorpheusUI** app ([Consumer quickstart](/consumers/quickstart), or per-OS: [Windows](/consumers/install/windows) / [Linux](/consumers/install/li		TRUE	docs/consumers/quickstart.mdx exists and is in docs.json nav	-	script	yes									
C0613-fd83ff0d	P0	docs/consumers/install/docker.mdx	69	doc_link	/consumers/install/windows	0	If you also want the desktop UI, install the packaged **MorpheusUI** app ([Consumer quickstart](/consumers/quickstart), or per-OS: [Windows](/consumers/install/windows) / [Linux](/consumers/install/li		TRUE	docs/consumers/install/windows.mdx exists and is in docs.json nav	-	script	yes									
C0614-23eb2c42	P0	docs/consumers/install/docker.mdx	69	doc_link	/consumers/install/linux	0	If you also want the desktop UI, install the packaged **MorpheusUI** app ([Consumer quickstart](/consumers/quickstart), or per-OS: [Windows](/consumers/install/windows) / [Linux](/consumers/install/li		TRUE	docs/consumers/install/linux.mdx exists and is in docs.json nav	-	script	yes									
C0615-b149958f	P0	docs/consumers/install/docker.mdx	69	doc_link	/reference/env-ui-desktop	0	If you also want the desktop UI, install the packaged **MorpheusUI** app ([Consumer quickstart](/consumers/quickstart), or per-OS: [Windows](/consumers/install/windows) / [Linux](/consumers/install/li		TRUE	docs/reference/env-ui-desktop.mdx exists and is in docs.json nav	-	script	yes									
C0616-481a6a36	P0	docs/consumers/install/docker.mdx	69	doc_link	/consumers/install/macos	0	If you also want the desktop UI, install the packaged **MorpheusUI** app ([Consumer quickstart](/consumers/quickstart), or per-OS: [Windows](/consumers/install/windows) / [Linux](/consumers/install/li		TRUE	docs/consumers/install/macos.mdx exists and is in docs.json nav	-	script	yes									
C0617-6468073c	P0	docs/consumers/install/docker.mdx	73	doc_link	/reference/api-direct	0	You can skip the UI entirely. See [API direct](/reference/api-direct) for a curl-only walkthrough that opens a session and streams chat completions.		TRUE	docs/reference/api-direct.mdx exists and is in docs.json nav	-	script	yes									
C0618-5189e03c	P0	docs/consumers/install/linux.mdx	6	last_verified	v7.6.0	0	last_verified: "v7.6.0"		UNVERIFIABLE-IN-REPO	no tag v7.6.0 in this repo (282 tags; highest release tag v7.5.0) — may exist upstream	-	script	yes									
C0619-ba60bd3e	P0	docs/consumers/install/linux.mdx	1	frontmatter_keys	title,description,audience,product,last_verified	0	frontmatter keys: title, description, audience, product, last_verified		TRUE	title and description present	-	script	yes									
C0620-fc5b96dd	P0	docs/consumers/install/linux.mdx	9	doc_link	/consumers/install/macos	0	The Linux release is a single **AppImage**. On first launch, the app downloads and manages its own services — proxy-router, `llama.cpp` AI runtime with the `tinyllama` demo model, and an IPFS node. Fo		TRUE	docs/consumers/install/macos.mdx exists and is in docs.json nav	-	script	yes									
C0621-b765141a	P0	docs/consumers/install/linux.mdx	15	external_url	https://github.com/MorpheusAIs/Morpheus-Lumerin-Node/releases	0	Grab the **latest** AppImage from [Releases](https://github.com/MorpheusAIs/Morpheus-Lumerin-Node/releases). The asset is named like `linux-x86_64-morpheus-app-<version>.AppImage` (use `linux-arm64-..		UNVERIFIABLE-IN-REPO	external URL — out of scope (in-repo reach)	-	script	yes									
C0622-63da1173	P0	docs/consumers/install/linux.mdx	31	port	8082	0	Open `http://localhost:8082/swagger/index.html`. For Swagger **Try it out**, click **Authorize** and use the proxy-router `.cookie` credentials ([API auth](/reference/api-auth)). Use **Local Model** i		TRUE	ui-desktop/.env.example:33 (PROXY_WEB_DEFAULT_PORT)	-	script	yes									
C0623-c57a6f9d	P0	docs/consumers/install/linux.mdx	31	doc_link	/reference/api-auth	0	Open `http://localhost:8082/swagger/index.html`. For Swagger **Try it out**, click **Authorize** and use the proxy-router `.cookie` credentials ([API auth](/reference/api-auth)). Use **Local Model** i		TRUE	docs/reference/api-auth.mdx exists and is in docs.json nav	-	script	yes									
C0624-6eeeb3c6	P0	docs/consumers/install/linux.mdx	49	doc_link	/reference/troubleshooting	0	See also: [Troubleshooting](/reference/troubleshooting).		TRUE	docs/reference/troubleshooting.mdx exists and is in docs.json nav	-	script	yes									
C0625-812f7724	P0	docs/consumers/install/macos.mdx	6	last_verified	v7.6.0	0	last_verified: "v7.6.0"		UNVERIFIABLE-IN-REPO	no tag v7.6.0 in this repo (282 tags; highest release tag v7.5.0) — may exist upstream	-	script	yes									
C0626-ace5224b	P0	docs/consumers/install/macos.mdx	1	frontmatter_keys	title,description,audience,product,last_verified	0	frontmatter keys: title, description, audience, product, last_verified		TRUE	title and description present	-	script	yes									
C0627-adbedca0	P0	docs/consumers/install/macos.mdx	12	doc_link	/consumers/quickstart	0	For a packaged install (no compilation), use the [Consumer quickstart](/consumers/quickstart). This page is for developers or contributors.		TRUE	docs/consumers/quickstart.mdx exists and is in docs.json nav	-	script	yes									
C0628-8e24edc8	P0	docs/consumers/install/macos.mdx	63	port	8080	0	Open `http://127.0.0.1:8080` and confirm the local llama.cpp UI responds.		FALSE	ui-desktop/env.schema.ts:43 SERVICE_AI_API_PORT default 3434; the verification step sends the reader to a dead port	S2	script	yes									
C0629-70a9b446	P0	docs/consumers/install/macos.mdx	86	doc_link	/reference/env-proxy-router	0	See [Env: proxy-router](/reference/env-proxy-router) for every field.		TRUE	docs/reference/env-proxy-router.mdx exists and is in docs.json nav	-	script	yes									
C0630-a20d4fcd	P0	docs/consumers/install/macos.mdx	91	make_target	run	1	make run		TRUE	cli/Makefile target run	-	script	yes									
C0631-85f9f64f	P0	docs/consumers/install/macos.mdx	99	port	8082	1	INFO  HTTP  http server is listening: 0.0.0.0:8082		TRUE	ui-desktop/.env.example:33 (PROXY_WEB_DEFAULT_PORT)	-	script	yes									
C0632-95c8cff1	P0	docs/consumers/install/macos.mdx	100	port	3333	1	INFO  TCP   tcp server is listening: 0.0.0.0:3333		TRUE	proxy-router/.env.example.win:25 (PROXY_ADDRESS)	-	script	yes									
C0633-01f279e6	P0	docs/consumers/install/macos.mdx	102	port	8082	0	Open `http://localhost:8082/swagger/index.html`. For **Try it out**, click **Authorize** and use the `.cookie` credentials ([API auth](/reference/api-auth)).		TRUE	ui-desktop/.env.example:33 (PROXY_WEB_DEFAULT_PORT)	-	script	yes									
C0634-c5dc4878	P0	docs/consumers/install/macos.mdx	102	doc_link	/reference/api-auth	0	Open `http://localhost:8082/swagger/index.html`. For **Try it out**, click **Authorize** and use the `.cookie` credentials ([API auth](/reference/api-auth)).		TRUE	docs/reference/api-auth.mdx exists and is in docs.json nav	-	script	yes									
C0635-9b4b1e48	P0	docs/consumers/install/macos.mdx	108	repo_path	ui-desktop/	0	The Electron app lives in `ui-desktop/` (product name **MorpheusUI**):		TRUE	ui-desktop exists	-	script	yes									
C0636-a2c7d31e	P0	docs/consumers/install/macos.mdx	115	npm_script	dev	1	yarn dev		TRUE	docs/package.json scripts.dev (+1 more)	-	script	yes									
C0637-8cb55fdd	P0	docs/consumers/install/macos.mdx	128	port	8082	1	vi .env  # confirm API_HOST is http://localhost:8082		TRUE	ui-desktop/.env.example:33 (PROXY_WEB_DEFAULT_PORT)	-	script	yes									
C0638-447b7103	P0	docs/consumers/install/macos.mdx	129	make_target	build	1	make build		TRUE	cli/Makefile target build	-	script	yes									
C0639-09b93d44	P0	docs/consumers/install/macos.mdx	134	make_target	build	0	Release builds of the CLI are named `*-morpheus-cli-<version>` (see [Releases](https://github.com/MorpheusAIs/Morpheus-Lumerin-Node/releases)); a local `make build` still produces `./mor-cli`.		TRUE	cli/Makefile target build	-	script	yes									
C0640-0b9b5869	P0	docs/consumers/install/macos.mdx	134	external_url	https://github.com/MorpheusAIs/Morpheus-Lumerin-Node/releases	0	Release builds of the CLI are named `*-morpheus-cli-<version>` (see [Releases](https://github.com/MorpheusAIs/Morpheus-Lumerin-Node/releases)); a local `make build` still produces `./mor-cli`.		UNVERIFIABLE-IN-REPO	external URL — out of scope (in-repo reach)	-	script	yes									
C0641-55bc3569	P0	docs/consumers/install/macos.mdx	134	repo_path	mor-cli	0	Release builds of the CLI are named `*-morpheus-cli-<version>` (see [Releases](https://github.com/MorpheusAIs/Morpheus-Lumerin-Node/releases)); a local `make build` still produces `./mor-cli`.		N/A	build artifact: cli/Makefile:2 PROG = mor-cli	-	script	yes									
C0642-393de3fa	P0	docs/consumers/install/macos.mdx	140	npm_script	dev	0	- Packaged-app data lives under Electron's `userData` directory — typically `~/Library/Application Support/MorpheusUI` for the `.app`, or `~/Library/Application Support/morpheus-app` when the package		TRUE	docs/package.json scripts.dev (+1 more)	-	script	yes									
C0643-10355d71	P0	docs/consumers/install/macos.mdx	142	runtime_path	./data/	0	- Locked log files in `./data/`: `lsof | grep /proxy-router/data/` and kill the holding process.		N/A	runtime/OS path — not expected to exist in the repo	-	script	yes									
C0644-28b791aa	P0	docs/consumers/install/macos.mdx	144	doc_link	/reference/troubleshooting	0	For more, see [Troubleshooting](/reference/troubleshooting).		TRUE	docs/reference/troubleshooting.mdx exists and is in docs.json nav	-	script	yes									
C0645-4cd7f036	P0	docs/consumers/install/windows.mdx	6	last_verified	v7.7.0	0	last_verified: "v7.7.0"		UNVERIFIABLE-IN-REPO	no tag v7.7.0 in this repo (282 tags; highest release tag v7.5.0) — may exist upstream	-	script	yes									
C0646-f1e873fc	P0	docs/consumers/install/windows.mdx	1	frontmatter_keys	title,description,audience,product,last_verified	0	frontmatter keys: title, description, audience, product, last_verified		TRUE	title and description present	-	script	yes									
C0647-053a8feb	P0	docs/consumers/install/windows.mdx	9	doc_link	/consumers/install/macos	0	The Windows release is a single **portable executable**. On first launch, the app downloads and manages its own services — proxy-router, `llama.cpp` AI runtime with the `tinyllama` demo model, and an		TRUE	docs/consumers/install/macos.mdx exists and is in docs.json nav	-	script	yes									
C0648-2c38072a	P0	docs/consumers/install/windows.mdx	15	external_url	https://github.com/MorpheusAIs/Morpheus-Lumerin-Node/releases	0	Get the **latest** portable executable from [Releases](https://github.com/MorpheusAIs/Morpheus-Lumerin-Node/releases) — the asset is named like `win-x64-morpheus-app-<version>.exe`. Mainnet builds hav		UNVERIFIABLE-IN-REPO	external URL — out of scope (in-repo reach)	-	script	yes									
C0649-200c0e0d	P0	docs/consumers/install/windows.mdx	27	port	8082	0	Open `http://localhost:8082/swagger/index.html`. For Swagger **Try it out**, click **Authorize** and use the proxy-router `.cookie` credentials ([API auth](/reference/api-auth)). Try the **Local Model		TRUE	ui-desktop/.env.example:33 (PROXY_WEB_DEFAULT_PORT)	-	script	yes									
C0650-916f482a	P0	docs/consumers/install/windows.mdx	27	doc_link	/reference/api-auth	0	Open `http://localhost:8082/swagger/index.html`. For Swagger **Try it out**, click **Authorize** and use the proxy-router `.cookie` credentials ([API auth](/reference/api-auth)). Try the **Local Model		TRUE	docs/reference/api-auth.mdx exists and is in docs.json nav	-	script	yes									
C0651-4007bac6	P0	docs/consumers/install/windows.mdx	44	doc_link	/reference/troubleshooting	0	See also: [Troubleshooting](/reference/troubleshooting).		TRUE	docs/reference/troubleshooting.mdx exists and is in docs.json nav	-	script	yes									
C0652-061ac2db	P0	docs/consumers/quickstart.mdx	6	last_verified	v7.7.0	0	last_verified: "v7.7.0"		UNVERIFIABLE-IN-REPO	no tag v7.7.0 in this repo (282 tags; highest release tag v7.5.0) — may exist upstream	-	script	yes									
C0653-2c741331	P0	docs/consumers/quickstart.mdx	1	frontmatter_keys	title,description,audience,product,last_verified,source	0	frontmatter keys: title, description, audience, product, last_verified, source		TRUE	title and description present	-	script	yes									
C0654-724fb5a1	P0	docs/consumers/quickstart.mdx	20	external_url	https://github.com/MorpheusAIs/Morpheus-Lumerin-Node/releases	0	Grab the **latest** installer for your OS from the [GitHub releases page](https://github.com/MorpheusAIs/Morpheus-Lumerin-Node/releases).		UNVERIFIABLE-IN-REPO	external URL — out of scope (in-repo reach)	-	script	yes									
C0655-8e6d75d8	P0	docs/consumers/quickstart.mdx	72	port	8082	0	Open `http://localhost:8082/swagger/index.html` — the Swagger UI should render.		TRUE	ui-desktop/.env.example:33 (PROXY_WEB_DEFAULT_PORT)	-	script	yes									
C0656-9389e97c	P0	docs/consumers/quickstart.mdx	73	doc_link	/reference/api-auth	0	If you use **Try it out** on API routes, click **Authorize** and enter the `admin` credentials from the proxy-router `.cookie` file (see [API auth](/reference/api-auth)).		TRUE	docs/reference/api-auth.mdx exists and is in docs.json nav	-	script	yes									
C0657-2f38c1a8	P0	docs/consumers/quickstart.mdx	74	doc_link	/reference/troubleshooting	0	See [Troubleshooting](/reference/troubleshooting) if Swagger doesn't load.		TRUE	docs/reference/troubleshooting.mdx exists and is in docs.json nav	-	script	yes									
C0658-0ac9166e	P0	docs/consumers/troubleshooting.mdx	6	last_verified	v7.9.0	0	last_verified: "v7.9.0"		UNVERIFIABLE-IN-REPO	no tag v7.9.0 in this repo (282 tags; highest release tag v7.5.0) — may exist upstream	-	script	yes									
C0659-30b126bf	P0	docs/consumers/troubleshooting.mdx	1	frontmatter_keys	title,description,audience,product,last_verified	0	frontmatter keys: title, description, audience, product, last_verified		TRUE	title and description present	-	script	yes									
C0660-cf98a98e	P0	docs/consumers/troubleshooting.mdx	9	doc_link	/reference/troubleshooting	0	This page focuses on consumer-side symptoms. For provider-side or deeper proxy-router operational issues, see the full [Reference: troubleshooting](/reference/troubleshooting).		TRUE	docs/reference/troubleshooting.mdx exists and is in docs.json nav	-	script	yes									
C0661-19f3d6e5	P0	docs/consumers/troubleshooting.mdx	14	doc_link	/concepts/sessions-stake-close-recover	0	- [Sessions: stake, close, claim](/concepts/sessions-stake-close-recover)		TRUE	docs/concepts/sessions-stake-close-recover.mdx exists and is in docs.json nav	-	script	yes									
C0662-fce70c6e	P0	docs/consumers/troubleshooting.mdx	15	doc_link	/ai/where-is-my-mor	0	- [Where is my MOR?](/ai/where-is-my-mor)		TRUE	docs/ai/where-is-my-mor.mdx exists and is in docs.json nav	-	script	yes									
C0663-f5b30e9b	P0	docs/consumers/troubleshooting.mdx	16	doc_link	/ai/why-locked-in-contract	0	- [Why is my MOR locked in the contract?](/ai/why-locked-in-contract)		TRUE	docs/ai/why-locked-in-contract.mdx exists and is in docs.json nav	-	script	yes									
C0664-cb9863e9	P0	docs/consumers/troubleshooting.mdx	24	port	8082	0	- Confirm the proxy-router is still running (`http://localhost:8082/healthcheck`, or check the Proxy Router entry on MorpheusUI's startup screen).		TRUE	ui-desktop/.env.example:33 (PROXY_WEB_DEFAULT_PORT)	-	script	yes									
C0665-1383591d	P0	docs/consumers/troubleshooting.mdx	24	api_path	/healthcheck	0	- Confirm the proxy-router is still running (`http://localhost:8082/healthcheck`, or check the Proxy Router entry on MorpheusUI's startup screen).		TRUE	proxy-router/docs/swagger.yaml:2471	-	script	yes									
C0666-10e55d55	P0	docs/consumers/troubleshooting.mdx	27	port	8082	1	curl -X POST 'http://localhost:8082/blockchain/sessions/<sessionId>/close' \		TRUE	ui-desktop/.env.example:33 (PROXY_WEB_DEFAULT_PORT)	-	script	yes									
C0667-14eb8e19	P0	docs/consumers/troubleshooting.mdx	27	api_path	/blockchain/sessions/<sessionId>/close	1	curl -X POST 'http://localhost:8082/blockchain/sessions/<sessionId>/close' \		TRUE	proxy-router/docs/swagger.yaml:1971	-	script	yes									
C0668-ccd7986c	P0	docs/consumers/troubleshooting.mdx	34	doc_link	/concepts/local-vs-onchain-models	0	The local `tinyllama` demo (downloaded by the desktop app on first launch) is a **demonstration model only**. It will hallucinate, miscount, and contradict itself. Don't compare it to a real Morpheus		TRUE	docs/concepts/local-vs-onchain-models.mdx exists and is in docs.json nav	-	script	yes									
C0669-c8e012e9	P0	docs/consumers/troubleshooting.mdx	39	doc_link	/reference/env-proxy-router	0	- Common cause: invalid ETH node URL or wrong chain/contract addresses. See [proxy-router env reference](/reference/env-proxy-router).		TRUE	docs/reference/env-proxy-router.mdx exists and is in docs.json nav	-	script	yes									
C0670-297a17a7	P0	docs/consumers/troubleshooting.mdx	54	doc_link	/consumers/quickstart	0	Save the mnemonic first, then follow [Cleanup](/consumers/quickstart#cleanup).		TRUE	docs/consumers/quickstart.mdx exists and is in docs.json nav	-	script	yes									
C0671-97ea99da	P0	docs/ecosystem/active-status.mdx	6	last_verified	v7.5.0	0	last_verified: "v7.5.0"		TRUE	tag v7.5.0 exists in this repo	-	script	yes									
C0672-4c92878e	P0	docs/ecosystem/active-status.mdx	1	frontmatter_keys	title,description,audience,product,last_verified,source_url	0	frontmatter keys: title, description, audience, product, last_verified, source_url		TRUE	title and description present	-	script	yes									
C0673-0c39ab9f	P0	docs/ecosystem/active-status.mdx	11	external_url	https://active.mor.org	0	**Mirrored summary.** Live numbers (counts, prices, latencies) live at [active.mor.org](https://active.mor.org). This page describes the **semantics** of those numbers and how to interpret them. Provi		UNVERIFIABLE-IN-REPO	external URL — out of scope (in-repo reach)	-	script	yes									
C0674-6ad1284f	P0	docs/ecosystem/active-status.mdx	11	doc_link	/providers/full/register-onchain	0	**Mirrored summary.** Live numbers (counts, prices, latencies) live at [active.mor.org](https://active.mor.org). This page describes the **semantics** of those numbers and how to interpret them. Provi		TRUE	docs/providers/full/register-onchain.mdx exists and is in docs.json nav	-	script	yes									
C0675-c9d72eaa	P0	docs/ecosystem/active-status.mdx	18	external_url	https://active.mor.org/status	0	| [active.mor.org/status](https://active.mor.org/status) | Human status UI (uptime, min prices, model detail) | Spotting outages; picking a model to join |		UNVERIFIABLE-IN-REPO	external URL — out of scope (in-repo reach)	-	script	yes									
C0676-0411cc6c	P0	docs/ecosystem/active-status.mdx	19	external_url	https://active.mor.org/active_models.json	0	| [active_models.json](https://active.mor.org/active_models.json) | Routable models (healthy/degraded bids) | Choosing what to consume; **finding an existing `Id` to bid on** |		UNVERIFIABLE-IN-REPO	external URL — out of scope (in-repo reach)	-	script	yes									
C0677-b634d55a	P0	docs/ecosystem/active-status.mdx	20	external_url	https://active.mor.org/active_bids.json	0	| [active_bids.json](https://active.mor.org/active_bids.json) | Currently posted bids across all models | Pricing decisions; competitive analysis |		UNVERIFIABLE-IN-REPO	external URL — out of scope (in-repo reach)	-	script	yes									
C0678-83725739	P0	docs/ecosystem/active-status.mdx	21	external_url	https://active.mor.org/all_models.json	0	| [all_models.json](https://active.mor.org/all_models.json) | All non-deleted on-chain models | Lookup when a model has no live healthy provider yet |		UNVERIFIABLE-IN-REPO	external URL — out of scope (in-repo reach)	-	script	yes									
C0679-ddc3aeee	P0	docs/ecosystem/active-status.mdx	22	external_url	https://active.mor.org/status/api.json	0	| [status/api.json](https://active.mor.org/status/api.json) | Machine-readable status summary | Monitoring / agents |		UNVERIFIABLE-IN-REPO	external URL — out of scope (in-repo reach)	-	script	yes									
C0680-c1c58689	P0	docs/ecosystem/active-status.mdx	28	doc_link	/providers/full/myprovider-gui	0	The marketplace does not stop two people from registering the same display name as separate models. That creates clutter. If you intend to serve a model that already appears in `active_models.json`, *		TRUE	docs/providers/full/myprovider-gui.mdx exists and is in docs.json nav	-	script	yes									
C0681-63c5a920	P0	docs/ecosystem/active-status.mdx	48	doc_link	/providers/full/register-onchain	0	- [Register on chain](/providers/full/register-onchain)		TRUE	docs/providers/full/register-onchain.mdx exists and is in docs.json nav	-	script	yes									
C0682-fcfd2dd1	P0	docs/ecosystem/active-status.mdx	49	doc_link	/providers/full/myprovider-gui	0	- [MyProvider GUI](/providers/full/myprovider-gui)		TRUE	docs/providers/full/myprovider-gui.mdx exists and is in docs.json nav	-	script	yes									
C0683-14c9dd1b	P0	docs/ecosystem/active-status.mdx	50	doc_link	/concepts/architecture	0	- [Architecture](/concepts/architecture)		TRUE	docs/concepts/architecture.mdx exists and is in docs.json nav	-	script	yes									
C0684-b82c209d	P0	docs/ecosystem/active-status.mdx	51	doc_link	/providers/resale/registering-bid	0	- [Pricing a resale bid](/providers/resale/registering-bid)		TRUE	docs/providers/resale/registering-bid.mdx exists and is in docs.json nav	-	script	yes									
C0685-01bb62d0	P0	docs/ecosystem/active-status.mdx	52	doc_link	/consumers/buy-bid	0	- [Buy a bid](/consumers/buy-bid)		TRUE	docs/consumers/buy-bid.mdx exists and is in docs.json nav	-	script	yes									
C0686-f8f92bf7	P0	docs/ecosystem/active-status.mdx	53	doc_link	/reference/glossary	0	- [Glossary](/reference/glossary)		TRUE	docs/reference/glossary.mdx exists and is in docs.json nav	-	script	yes									
C0687-bbac7c5a	P0	docs/ecosystem/active-status.mdx	57	external_url	https://active.mor.org	0	- [https://active.mor.org](https://active.mor.org)		UNVERIFIABLE-IN-REPO	external URL — out of scope (in-repo reach)	-	script	yes									
C0688-a05787e5	P0	docs/ecosystem/active-status.mdx	58	external_url	https://active.mor.org/status	0	- [https://active.mor.org/status](https://active.mor.org/status)		UNVERIFIABLE-IN-REPO	external URL — out of scope (in-repo reach)	-	script	yes									
C0689-ff14a0e0	P0	docs/ecosystem/app-mor-org.mdx	6	last_verified	v7.0.0	0	last_verified: "v7.0.0"		TRUE	tag v7.0.0 exists in this repo	-	script	yes									
C0690-0f386ecf	P0	docs/ecosystem/app-mor-org.mdx	1	frontmatter_keys	title,description,audience,product,last_verified,source_url	0	frontmatter keys: title, description, audience, product, last_verified, source_url		TRUE	title and description present	-	script	yes									
C0691-93b50a4b	P0	docs/ecosystem/app-mor-org.mdx	11	external_url	https://app.mor.org	0	**Mirrored summary** of [app.mor.org](https://app.mor.org). For current screens and feature behavior, defer to the live site.		UNVERIFIABLE-IN-REPO	external URL — out of scope (in-repo reach)	-	script	yes									
C0692-c7642fb6	P0	docs/ecosystem/app-mor-org.mdx	16	doc_link	/inference-api/overview	0	`app.mor.org` is the hosted **Morpheus Chat App** — a browser-based consumer chat UI powered by the [hosted Morpheus Inference API Gateway](/inference-api/overview). It is the **lowest-friction** way		TRUE	docs/inference-api/overview.mdx exists and is in docs.json nav	-	script	yes									
C0693-cdd37f3e	P0	docs/ecosystem/app-mor-org.mdx	25	doc_link	/inference-api/overview	0	| Backed by | Hosted [Inference API](/inference-api/overview) gateway | Direct on-chain sessions through your own proxy-router |		TRUE	docs/inference-api/overview.mdx exists and is in docs.json nav	-	script	yes									
C0694-106c7d0b	P0	docs/ecosystem/app-mor-org.mdx	26	external_url	https://apidocs.mor.org	0	| Pricing | Credits/billing on the Inference API (see [apidocs.mor.org](https://apidocs.mor.org)) | MOR per session-second |		UNVERIFIABLE-IN-REPO	external URL — out of scope (in-repo reach)	-	script	yes									
C0695-b8492417	P0	docs/ecosystem/app-mor-org.mdx	33	doc_link	/ecosystem/nodeneo	0	- "I want it on my phone / cross-device" → [NodeNeo](/ecosystem/nodeneo).		TRUE	docs/ecosystem/nodeneo.mdx exists and is in docs.json nav	-	script	yes									
C0696-84c1b7e3	P0	docs/ecosystem/app-mor-org.mdx	37	doc_link	/concepts/what-is-morpheus	0	- [What is Morpheus?](/concepts/what-is-morpheus)		TRUE	docs/concepts/what-is-morpheus.mdx exists and is in docs.json nav	-	script	yes									
C0697-3460c0ec	P0	docs/ecosystem/app-mor-org.mdx	38	doc_link	/consumers/quickstart	0	- [Consumer quickstart](/consumers/quickstart)		TRUE	docs/consumers/quickstart.mdx exists and is in docs.json nav	-	script	yes									
C0698-3ba775d2	P0	docs/ecosystem/app-mor-org.mdx	39	doc_link	/ai/where-is-my-mor	0	- [Where is my MOR?](/ai/where-is-my-mor) — same diagnostics apply regardless of client		TRUE	docs/ai/where-is-my-mor.mdx exists and is in docs.json nav	-	script	yes									
C0699-f68cc90f	P0	docs/ecosystem/app-mor-org.mdx	43	external_url	https://app.mor.org	0	- [https://app.mor.org](https://app.mor.org)		UNVERIFIABLE-IN-REPO	external URL — out of scope (in-repo reach)	-	script	yes									
C0700-df09d14a	P0	docs/ecosystem/attribution.mdx	6	last_verified	v7.0.0	0	last_verified: "v7.0.0"		TRUE	tag v7.0.0 exists in this repo	-	script	yes									
C0701-41f03383	P0	docs/ecosystem/attribution.mdx	1	frontmatter_keys	title,description,audience,product,last_verified	0	frontmatter keys: title, description, audience, product, last_verified		TRUE	title and description present	-	script	yes									
C0702-e7fd7026	P0	docs/ecosystem/attribution.mdx	9	doc_link	/ecosystem/overview	0	The pages under [Ecosystem](/ecosystem/overview) are **curated summaries** of public material from the broader Morpheus ecosystem. We mirror **conceptual content** (what something is for, how it relat		TRUE	docs/ecosystem/overview.mdx exists and is in docs.json nav	-	script	yes									
C0703-c89a1a78	P0	docs/ecosystem/attribution.mdx	33	doc_link	/ecosystem/mor-org	0	| [mor.org](/ecosystem/mor-org) | https://mor.org |		TRUE	docs/ecosystem/mor-org.mdx exists and is in docs.json nav	-	script	yes									
C0704-9ae8793c	P0	docs/ecosystem/attribution.mdx	34	doc_link	/ecosystem/active-status	0	| [active.mor.org](/ecosystem/active-status) | https://active.mor.org |		TRUE	docs/ecosystem/active-status.mdx exists and is in docs.json nav	-	script	yes									
C0705-b3194f40	P0	docs/ecosystem/attribution.mdx	35	doc_link	/ecosystem/tech-mor-org	0	| [tech.mor.org](/ecosystem/tech-mor-org) | https://tech.mor.org |		TRUE	docs/ecosystem/tech-mor-org.mdx exists and is in docs.json nav	-	script	yes									
C0706-a81a7c70	P0	docs/ecosystem/attribution.mdx	36	doc_link	/ecosystem/myprovider	0	| [MyProvider](/ecosystem/myprovider) | https://myprovider.mor.org |		TRUE	docs/ecosystem/myprovider.mdx exists and is in docs.json nav	-	script	yes									
C0707-58b53f6b	P0	docs/ecosystem/attribution.mdx	37	doc_link	/ecosystem/everclaw	0	| [Everclaw](/ecosystem/everclaw) | https://everclaw.xyz |		TRUE	docs/ecosystem/everclaw.mdx exists and is in docs.json nav	-	script	yes									
C0708-e7e44c68	P0	docs/ecosystem/attribution.mdx	38	doc_link	/ecosystem/nodeneo	0	| [NodeNeo](/ecosystem/nodeneo) | https://nodeneo.io |		TRUE	docs/ecosystem/nodeneo.mdx exists and is in docs.json nav	-	script	yes									
C0709-65d483ee	P0	docs/ecosystem/attribution.mdx	39	doc_link	/ecosystem/app-mor-org	0	| [app.mor.org](/ecosystem/app-mor-org) | https://app.mor.org |		TRUE	docs/ecosystem/app-mor-org.mdx exists and is in docs.json nav	-	script	yes									
C0710-9f443047	P0	docs/ecosystem/attribution.mdx	43	external_url	https://github.com/MorpheusAIs/Morpheus-Lumerin-Node/issues	0	If a mirrored page contradicts the upstream source, the upstream source is correct — please [open an issue](https://github.com/MorpheusAIs/Morpheus-Lumerin-Node/issues) so we can refresh the mirror.		UNVERIFIABLE-IN-REPO	external URL — out of scope (in-repo reach)	-	script	yes									
C0711-edb173de	P0	docs/ecosystem/everclaw.mdx	6	last_verified	v7.0.0	0	last_verified: "v7.0.0"		TRUE	tag v7.0.0 exists in this repo	-	script	yes									
C0712-05bbd3b6	P0	docs/ecosystem/everclaw.mdx	1	frontmatter_keys	title,description,audience,product,last_verified,source_url	0	frontmatter keys: title, description, audience, product, last_verified, source_url		TRUE	title and description present	-	script	yes									
C0713-5eebe189	P0	docs/ecosystem/everclaw.mdx	11	external_url	https://everclaw.xyz	0	**Mirrored summary** of [everclaw.xyz](https://everclaw.xyz). For current SDK shape, skill catalog, and pricing, defer to the live site.		UNVERIFIABLE-IN-REPO	external URL — out of scope (in-repo reach)	-	script	yes									
C0714-a78fdc65	P0	docs/ecosystem/everclaw.mdx	16	doc_link	/prosumers/c-node-setup	0	Everclaw is an agent-focused project; it includes a Morpheus skill for **OpenClaw** that lets agents use Morpheus inference through a local HTTP endpoint. From the Morpheus side, Everclaw is a **prosu		TRUE	docs/prosumers/c-node-setup.mdx exists and is in docs.json nav	-	script	yes									
C0715-8cf7e720	P0	docs/ecosystem/everclaw.mdx	22	port	8082	1	Skill[Everclaw / OpenClaw skill] --> Local["http://127.0.0.1:8082"]		TRUE	ui-desktop/.env.example:33 (PROXY_WEB_DEFAULT_PORT)	-	script	yes									
C0716-8a33227f	P0	docs/ecosystem/everclaw.mdx	27	doc_link	/prosumers/gateway-for-everclaw	0	Steps and patterns are documented in [Gateway for Everclaw](/prosumers/gateway-for-everclaw).		TRUE	docs/prosumers/gateway-for-everclaw.mdx exists and is in docs.json nav	-	script	yes									
C0717-e5bb5352	P0	docs/ecosystem/everclaw.mdx	37	doc_link	/prosumers/c-node-setup	0	1. The C-Node setup pattern from this site ([C-Node setup](/prosumers/c-node-setup), [Gateway for Everclaw](/prosumers/gateway-for-everclaw)).		TRUE	docs/prosumers/c-node-setup.mdx exists and is in docs.json nav	-	script	yes									
C0718-1d069873	P0	docs/ecosystem/everclaw.mdx	37	doc_link	/prosumers/gateway-for-everclaw	0	1. The C-Node setup pattern from this site ([C-Node setup](/prosumers/c-node-setup), [Gateway for Everclaw](/prosumers/gateway-for-everclaw)).		TRUE	docs/prosumers/gateway-for-everclaw.mdx exists and is in docs.json nav	-	script	yes									
C0719-babcb926	P0	docs/ecosystem/everclaw.mdx	38	external_url	https://everclaw.xyz	0	2. A link to [everclaw.xyz](https://everclaw.xyz) for the skill itself.		UNVERIFIABLE-IN-REPO	external URL — out of scope (in-repo reach)	-	script	yes									
C0720-0ade42ba	P0	docs/ecosystem/everclaw.mdx	42	doc_link	/prosumers/gateway-for-everclaw	0	- [Gateway for Everclaw](/prosumers/gateway-for-everclaw)		TRUE	docs/prosumers/gateway-for-everclaw.mdx exists and is in docs.json nav	-	script	yes									
C0721-e88f0a4c	P0	docs/ecosystem/everclaw.mdx	43	doc_link	/prosumers/running-local-agents	0	- [Running local agents](/prosumers/running-local-agents)		TRUE	docs/prosumers/running-local-agents.mdx exists and is in docs.json nav	-	script	yes									
C0722-42fed994	P0	docs/ecosystem/everclaw.mdx	44	doc_link	/reference/api-auth	0	- [API auth](/reference/api-auth) — for scoped agent users		TRUE	docs/reference/api-auth.mdx exists and is in docs.json nav	-	script	yes									
C0723-c3ac10ec	P0	docs/ecosystem/everclaw.mdx	48	external_url	https://everclaw.xyz	0	- [https://everclaw.xyz](https://everclaw.xyz)		UNVERIFIABLE-IN-REPO	external URL — out of scope (in-repo reach)	-	script	yes									
C0724-f7c01dae	P0	docs/ecosystem/mor-org.mdx	6	last_verified	v7.0.0	0	last_verified: "v7.0.0"		TRUE	tag v7.0.0 exists in this repo	-	script	yes									
C0725-030ef57e	P0	docs/ecosystem/mor-org.mdx	1	frontmatter_keys	title,description,audience,product,last_verified,source_url	0	frontmatter keys: title, description, audience, product, last_verified, source_url		TRUE	title and description present	-	script	yes									
C0726-6c2e3815	P0	docs/ecosystem/mor-org.mdx	11	external_url	https://mor.org	0	**Mirrored summary.** This page summarizes public information about [mor.org](https://mor.org). For current details — community channels, partnership announcements, MOR price, total supply — defer to		UNVERIFIABLE-IN-REPO	external URL — out of scope (in-repo reach)	-	script	yes									
C0727-248f36fa	P0	docs/ecosystem/mor-org.mdx	16	external_url	https://mor.org	0	[mor.org](https://mor.org) is the public-facing entry point for the Morpheus network. It's where new users land to understand what Morpheus is, who's behind it, and where to go next.		UNVERIFIABLE-IN-REPO	external URL — out of scope (in-repo reach)	-	script	yes									
C0728-2e0cdf33	P0	docs/ecosystem/mor-org.mdx	21	external_url	https://app.mor.org	0	- Find links to the main user surfaces: [app.mor.org](https://app.mor.org) (hosted chat), [tech.mor.org](https://tech.mor.org) (calculators / tech docs), [active.mor.org](https://active.mor.org) (live		UNVERIFIABLE-IN-REPO	external URL — out of scope (in-repo reach)	-	script	yes									
C0729-85b90fd1	P0	docs/ecosystem/mor-org.mdx	21	external_url	https://tech.mor.org	0	- Find links to the main user surfaces: [app.mor.org](https://app.mor.org) (hosted chat), [tech.mor.org](https://tech.mor.org) (calculators / tech docs), [active.mor.org](https://active.mor.org) (live		UNVERIFIABLE-IN-REPO	external URL — out of scope (in-repo reach)	-	script	yes									
C0730-e5eaf1d2	P0	docs/ecosystem/mor-org.mdx	21	external_url	https://active.mor.org	0	- Find links to the main user surfaces: [app.mor.org](https://app.mor.org) (hosted chat), [tech.mor.org](https://tech.mor.org) (calculators / tech docs), [active.mor.org](https://active.mor.org) (live		UNVERIFIABLE-IN-REPO	external URL — out of scope (in-repo reach)	-	script	yes									
C0731-3702806f	P0	docs/ecosystem/mor-org.mdx	21	external_url	https://myprovider.mor.org	0	- Find links to the main user surfaces: [app.mor.org](https://app.mor.org) (hosted chat), [tech.mor.org](https://tech.mor.org) (calculators / tech docs), [active.mor.org](https://active.mor.org) (live		UNVERIFIABLE-IN-REPO	external URL — out of scope (in-repo reach)	-	script	yes									
C0732-bb54d901	P0	docs/ecosystem/mor-org.mdx	21	external_url	https://apidocs.mor.org	0	- Find links to the main user surfaces: [app.mor.org](https://app.mor.org) (hosted chat), [tech.mor.org](https://tech.mor.org) (calculators / tech docs), [active.mor.org](https://active.mor.org) (live		UNVERIFIABLE-IN-REPO	external URL — out of scope (in-repo reach)	-	script	yes									
C0733-c1706699	P0	docs/ecosystem/mor-org.mdx	21	doc_link	/inference-api/overview	0	- Find links to the main user surfaces: [app.mor.org](https://app.mor.org) (hosted chat), [tech.mor.org](https://tech.mor.org) (calculators / tech docs), [active.mor.org](https://active.mor.org) (live		TRUE	docs/inference-api/overview.mdx exists and is in docs.json nav	-	script	yes									
C0734-74629313	P0	docs/ecosystem/mor-org.mdx	27	doc_link	/concepts/what-is-morpheus	0	- [What is Morpheus?](/concepts/what-is-morpheus)		TRUE	docs/concepts/what-is-morpheus.mdx exists and is in docs.json nav	-	script	yes									
C0735-f054121e	P0	docs/ecosystem/mor-org.mdx	28	doc_link	/concepts/architecture	0	- [Architecture](/concepts/architecture)		TRUE	docs/concepts/architecture.mdx exists and is in docs.json nav	-	script	yes									
C0736-ab770de2	P0	docs/ecosystem/mor-org.mdx	29	doc_link	/get-started/networks-and-tokens	0	- [Networks and tokens](/get-started/networks-and-tokens)		TRUE	docs/get-started/networks-and-tokens.mdx exists and is in docs.json nav	-	script	yes									
C0737-635ed957	P0	docs/ecosystem/mor-org.mdx	30	doc_link	/concepts/tokens-and-fees	0	- [Tokens, fees, and economics](/concepts/tokens-and-fees)		TRUE	docs/concepts/tokens-and-fees.mdx exists and is in docs.json nav	-	script	yes									
C0738-f106ac5a	P0	docs/ecosystem/mor-org.mdx	34	external_url	https://mor.org	0	- [https://mor.org](https://mor.org)		UNVERIFIABLE-IN-REPO	external URL — out of scope (in-repo reach)	-	script	yes									
C0739-1ade7185	P0	docs/ecosystem/myprovider.mdx	6	last_verified	v7.5.0	0	last_verified: "v7.5.0"		TRUE	tag v7.5.0 exists in this repo	-	script	yes									
C0740-e181e1ce	P0	docs/ecosystem/myprovider.mdx	1	frontmatter_keys	title,description,audience,product,last_verified,source_url	0	frontmatter keys: title, description, audience, product, last_verified, source_url		TRUE	title and description present	-	script	yes									
C0741-a5c5415a	P0	docs/ecosystem/myprovider.mdx	11	external_url	https://myprovider.mor.org	0	**Mirrored summary** of [myprovider.mor.org](https://myprovider.mor.org). For screens and the latest behavior, defer to the live site and the canonical [MyProvider GUI](/providers/full/myprovider-gui)		UNVERIFIABLE-IN-REPO	external URL — out of scope (in-repo reach)	-	script	yes									
C0742-f85e2fc5	P0	docs/ecosystem/myprovider.mdx	11	doc_link	/providers/full/myprovider-gui	0	**Mirrored summary** of [myprovider.mor.org](https://myprovider.mor.org). For screens and the latest behavior, defer to the live site and the canonical [MyProvider GUI](/providers/full/myprovider-gui)		TRUE	docs/providers/full/myprovider-gui.mdx exists and is in docs.json nav	-	script	yes									
C0743-922a0274	P0	docs/ecosystem/myprovider.mdx	18	external_url	https://active.mor.org/status	0	1. Look up existing models on [active.mor.org](https://active.mor.org/status)		UNVERIFIABLE-IN-REPO	external URL — out of scope (in-repo reach)	-	script	yes									
C0744-ef7430ad	P0	docs/ecosystem/myprovider.mdx	19	env	MODELS_CONFIG_CONTENT	0	2. Craft SecretVM / Docker / Venice secrets (including `MODELS_CONFIG_CONTENT`)		TRUE	proxy-router/internal/config/config.go:68	-	script	yes									
C0745-f5c2d9f2	P0	docs/ecosystem/myprovider.mdx	34	external_url	https://active.mor.org/status	0	1. Look up existing models / prices on [active.mor.org/status](https://active.mor.org/status).		UNVERIFIABLE-IN-REPO	external URL — out of scope (in-repo reach)	-	script	yes									
C0746-a12b28fd	P0	docs/ecosystem/myprovider.mdx	38	env	MODELS_CONFIG_CONTENT	0	5. Re-export `MODELS_CONFIG_CONTENT` from Model Configuration Sync after bidding if needed.		TRUE	proxy-router/internal/config/config.go:68	-	script	yes									
C0747-1018f7a3	P0	docs/ecosystem/myprovider.mdx	40	doc_link	/providers/full/register-onchain	0	Full steps: [Register on chain](/providers/full/register-onchain) and [MyProvider GUI](/providers/full/myprovider-gui).		TRUE	docs/providers/full/register-onchain.mdx exists and is in docs.json nav	-	script	yes									
C0748-28ba1661	P0	docs/ecosystem/myprovider.mdx	40	doc_link	/providers/full/myprovider-gui	0	Full steps: [Register on chain](/providers/full/register-onchain) and [MyProvider GUI](/providers/full/myprovider-gui).		TRUE	docs/providers/full/myprovider-gui.mdx exists and is in docs.json nav	-	script	yes									
C0749-361443cc	P0	docs/ecosystem/myprovider.mdx	45	npm_script	dev	0	- Hosted [myprovider.mor.org](https://myprovider.mor.org) requires an **HTTPS** proxy-router URL (SecretVM fits naturally). HTTP-only nodes: desktop app or local `npm run dev`.		TRUE	docs/package.json scripts.dev (+1 more)	-	script	yes									
C0750-77cfdf1a	P0	docs/ecosystem/myprovider.mdx	45	external_url	https://myprovider.mor.org	0	- Hosted [myprovider.mor.org](https://myprovider.mor.org) requires an **HTTPS** proxy-router URL (SecretVM fits naturally). HTTP-only nodes: desktop app or local `npm run dev`.		UNVERIFIABLE-IN-REPO	external URL — out of scope (in-repo reach)	-	script	yes									
C0751-518e1a0c	P0	docs/ecosystem/myprovider.mdx	49	doc_link	/providers/full/myprovider-gui	0	- [MyProvider GUI](/providers/full/myprovider-gui)		TRUE	docs/providers/full/myprovider-gui.mdx exists and is in docs.json nav	-	script	yes									
C0752-571fcee1	P0	docs/ecosystem/myprovider.mdx	50	doc_link	/providers/full/register-onchain	0	- [Register on chain](/providers/full/register-onchain)		TRUE	docs/providers/full/register-onchain.mdx exists and is in docs.json nav	-	script	yes									
C0753-bf06ede2	P0	docs/ecosystem/myprovider.mdx	51	doc_link	/providers/full/secretvm-quickstart	0	- [SecretVM quickstart](/providers/full/secretvm-quickstart)		TRUE	docs/providers/full/secretvm-quickstart.mdx exists and is in docs.json nav	-	script	yes									
C0754-a1ea3898	P0	docs/ecosystem/myprovider.mdx	52	doc_link	/providers/resale/reselling-venice	0	- [Reselling Venice (Diem)](/providers/resale/reselling-venice)		TRUE	docs/providers/resale/reselling-venice.mdx exists and is in docs.json nav	-	script	yes									
C0755-282c704d	P0	docs/ecosystem/myprovider.mdx	53	doc_link	/ecosystem/active-status	0	- [active.mor.org](/ecosystem/active-status)		TRUE	docs/ecosystem/active-status.mdx exists and is in docs.json nav	-	script	yes									
C0756-a8c56d74	P0	docs/ecosystem/myprovider.mdx	54	doc_link	/providers/full/headless	0	- [Headless operation](/providers/full/headless)		TRUE	docs/providers/full/headless.mdx exists and is in docs.json nav	-	script	yes									
C0757-dc88d7a3	P0	docs/ecosystem/myprovider.mdx	55	doc_link	/reference/api-endpoints	0	- [API endpoints](/reference/api-endpoints)		TRUE	docs/reference/api-endpoints.mdx exists and is in docs.json nav	-	script	yes									
C0758-d2cf3c6f	P0	docs/ecosystem/myprovider.mdx	59	external_url	https://myprovider.mor.org	0	- [https://myprovider.mor.org](https://myprovider.mor.org)		UNVERIFIABLE-IN-REPO	external URL — out of scope (in-repo reach)	-	script	yes									
C0759-6d8ec21f	P0	docs/ecosystem/nodeneo.mdx	6	last_verified	v7.0.0	0	last_verified: "v7.0.0"		TRUE	tag v7.0.0 exists in this repo	-	script	yes									
C0760-600c6714	P0	docs/ecosystem/nodeneo.mdx	1	frontmatter_keys	title,description,audience,product,last_verified,source_url	0	frontmatter keys: title, description, audience, product, last_verified, source_url		TRUE	title and description present	-	script	yes									
C0761-157b957d	P0	docs/ecosystem/nodeneo.mdx	11	external_url	https://nodeneo.io	0	**Mirrored summary**, last verified for v7.0.0. For current platforms, screenshots, and feature lists, defer to [nodeneo.io](https://nodeneo.io) (transitioning from `nodeneo.io` formerly under differe		UNVERIFIABLE-IN-REPO	external URL — out of scope (in-repo reach)	-	script	yes									
C0762-61f913fe	P0	docs/ecosystem/nodeneo.mdx	28	doc_link	/ecosystem/app-mor-org	0	- A zero-install hosted client to "just try Morpheus," **link [app.mor.org](/ecosystem/app-mor-org)**.		TRUE	docs/ecosystem/app-mor-org.mdx exists and is in docs.json nav	-	script	yes									
C0763-f1109556	P0	docs/ecosystem/nodeneo.mdx	32	doc_link	/concepts/what-is-morpheus	0	- [What is Morpheus?](/concepts/what-is-morpheus)		TRUE	docs/concepts/what-is-morpheus.mdx exists and is in docs.json nav	-	script	yes									
C0764-ce534a16	P0	docs/ecosystem/nodeneo.mdx	33	doc_link	/consumers/quickstart	0	- [Consumer quickstart](/consumers/quickstart) — for the desktop counterpart		TRUE	docs/consumers/quickstart.mdx exists and is in docs.json nav	-	script	yes									
C0765-af548c6a	P0	docs/ecosystem/nodeneo.mdx	34	doc_link	/ecosystem/app-mor-org	0	- [app.mor.org (mirror)](/ecosystem/app-mor-org)		TRUE	docs/ecosystem/app-mor-org.mdx exists and is in docs.json nav	-	script	yes									
C0766-629db07a	P0	docs/ecosystem/nodeneo.mdx	38	external_url	https://nodeneo.io	0	- [https://nodeneo.io](https://nodeneo.io)		UNVERIFIABLE-IN-REPO	external URL — out of scope (in-repo reach)	-	script	yes									
C0767-11f47341	P0	docs/ecosystem/overview.mdx	6	last_verified	v7.0.0	0	last_verified: "v7.0.0"		TRUE	tag v7.0.0 exists in this repo	-	script	yes									
C0768-849f6848	P0	docs/ecosystem/overview.mdx	1	frontmatter_keys	title,description,audience,product,last_verified	0	frontmatter keys: title, description, audience, product, last_verified		TRUE	title and description present	-	script	yes									
C0769-7d6c73d0	P0	docs/ecosystem/tech-mor-org.mdx	6	last_verified	v7.0.0	0	last_verified: "v7.0.0"		TRUE	tag v7.0.0 exists in this repo	-	script	yes									
C0770-b33a4336	P0	docs/ecosystem/tech-mor-org.mdx	1	frontmatter_keys	title,description,audience,product,last_verified,source_url	0	frontmatter keys: title, description, audience, product, last_verified, source_url		TRUE	title and description present	-	script	yes									
C0771-011ced86	P0	docs/ecosystem/tech-mor-org.mdx	11	external_url	https://tech.mor.org	0	**Mirrored summary.** [tech.mor.org](https://tech.mor.org) is the canonical place for Morpheus protocol-level explainers and live calculators. This page summarizes what's there and how it relates to t		UNVERIFIABLE-IN-REPO	external URL — out of scope (in-repo reach)	-	script	yes									
C0772-f4cf2c00	P0	docs/ecosystem/tech-mor-org.mdx	19	doc_link	/concepts/sessions-stake-close-recover	0	| **Sessions** | Open / close / settle mechanics | [Sessions: stake, close, claim](/concepts/sessions-stake-close-recover) |		TRUE	docs/concepts/sessions-stake-close-recover.mdx exists and is in docs.json nav	-	script	yes									
C0773-9b9febce	P0	docs/ecosystem/tech-mor-org.mdx	20	doc_link	/concepts/tee-overview	0	| **TEE** | The two-hop trust chain, RTMR3, attestation | [TEE overview](/concepts/tee-overview), [TEE reference](/providers/full/tee-reference) |		TRUE	docs/concepts/tee-overview.mdx exists and is in docs.json nav	-	script	yes									
C0774-07f6b4f0	P0	docs/ecosystem/tech-mor-org.mdx	20	doc_link	/providers/full/tee-reference	0	| **TEE** | The two-hop trust chain, RTMR3, attestation | [TEE overview](/concepts/tee-overview), [TEE reference](/providers/full/tee-reference) |		TRUE	docs/providers/full/tee-reference.mdx exists and is in docs.json nav	-	script	yes									
C0775-1dd10d27	P0	docs/ecosystem/tech-mor-org.mdx	21	doc_link	/concepts/architecture	0	| **Throughput** | TPS / TTFT / latency expectations | [Architecture](/concepts/architecture) |		TRUE	docs/concepts/architecture.mdx exists and is in docs.json nav	-	script	yes									
C0776-9d7e3292	P0	docs/ecosystem/tech-mor-org.mdx	26	doc_link	/ecosystem/active-status	0	- For *live* numbers (TPS / capacity / current network state), use [active.mor.org](/ecosystem/active-status).		TRUE	docs/ecosystem/active-status.mdx exists and is in docs.json nav	-	script	yes									
C0777-0ba6ea41	P0	docs/ecosystem/tech-mor-org.mdx	35	doc_link	/concepts/sessions-stake-close-recover	0	- [Concepts → Sessions](/concepts/sessions-stake-close-recover)		TRUE	docs/concepts/sessions-stake-close-recover.mdx exists and is in docs.json nav	-	script	yes									
C0778-ead9466f	P0	docs/ecosystem/tech-mor-org.mdx	36	doc_link	/concepts/tee-overview	0	- [Concepts → TEE overview](/concepts/tee-overview)		TRUE	docs/concepts/tee-overview.mdx exists and is in docs.json nav	-	script	yes									
C0779-5d51d466	P0	docs/ecosystem/tech-mor-org.mdx	37	doc_link	/concepts/tokens-and-fees	0	- [Concepts → Tokens and fees](/concepts/tokens-and-fees)		TRUE	docs/concepts/tokens-and-fees.mdx exists and is in docs.json nav	-	script	yes									
C0780-02b5ebf7	P0	docs/ecosystem/tech-mor-org.mdx	38	doc_link	/providers/full/tee-reference	0	- [Providers → TEE reference](/providers/full/tee-reference)		TRUE	docs/providers/full/tee-reference.mdx exists and is in docs.json nav	-	script	yes									
C0781-252855b8	P0	docs/ecosystem/tech-mor-org.mdx	42	external_url	https://tech.mor.org	0	- [https://tech.mor.org](https://tech.mor.org)		UNVERIFIABLE-IN-REPO	external URL — out of scope (in-repo reach)	-	script	yes									
C0782-a7a296ce	P0	docs/get-started/introduction.mdx	6	last_verified	v7.6.0	0	last_verified: "v7.6.0"		UNVERIFIABLE-IN-REPO	no tag v7.6.0 in this repo (282 tags; highest release tag v7.5.0) — may exist upstream	-	script	yes									
C0783-4fa50f1c	P0	docs/get-started/introduction.mdx	1	frontmatter_keys	title,description,audience,product,last_verified	0	frontmatter keys: title, description, audience, product, last_verified		TRUE	title and description present	-	script	yes									
C0784-64e2275e	P0	docs/get-started/introduction.mdx	12	external_url	https://github.com/MorpheusAIs/Morpheus-Lumerin-Node/releases	0	[latest release](https://github.com/MorpheusAIs/Morpheus-Lumerin-Node/releases)		UNVERIFIABLE-IN-REPO	external URL — out of scope (in-repo reach)	-	script	yes									
C0785-9db9b695	P0	docs/get-started/introduction.mdx	15	doc_link	/consumers/quickstart	0	[Consumer quickstart](/consumers/quickstart).		TRUE	docs/consumers/quickstart.mdx exists and is in docs.json nav	-	script	yes									
C0786-c421e1cc	P0	docs/get-started/introduction.mdx	18	doc_link	/inference-api/overview	0	- **Building on the marketplace?** jump to the [Hosted Inference API](/inference-api/overview).		TRUE	docs/inference-api/overview.mdx exists and is in docs.json nav	-	script	yes									
C0787-64e48325	P0	docs/get-started/introduction.mdx	25	doc_link	/inference-api/overview	0	If you'd rather skip running a node entirely and use a simple OpenAI-compatible API key, see the **hosted [Morpheus Inference API](/inference-api/overview)** ([apidocs.mor.org](https://apidocs.mor.org		TRUE	docs/inference-api/overview.mdx exists and is in docs.json nav	-	script	yes									
C0788-7df402e8	P0	docs/get-started/introduction.mdx	25	external_url	https://apidocs.mor.org	0	If you'd rather skip running a node entirely and use a simple OpenAI-compatible API key, see the **hosted [Morpheus Inference API](/inference-api/overview)** ([apidocs.mor.org](https://apidocs.mor.org		UNVERIFIABLE-IN-REPO	external URL — out of scope (in-repo reach)	-	script	yes									
C0789-1bb0e742	P0	docs/get-started/introduction.mdx	27	doc_link	/concepts/what-is-morpheus	0	For the conceptual picture (decentralization rationale, Compute Node contracts, peer-to-peer routing, reputation system, session-time pricing), see [What is Morpheus?](/concepts/what-is-morpheus).		TRUE	docs/concepts/what-is-morpheus.mdx exists and is in docs.json nav	-	script	yes									
C0790-75f74ad2	P0	docs/get-started/introduction.mdx	60	doc_link	/reference/models-config	0	3. The **provider proxy-router** dispatches to the configured backend model (`apiUrl` in [`models-config.json`](/reference/models-config)) and streams the response back.		TRUE	docs/reference/models-config.mdx exists and is in docs.json nav	-	script	yes									
C0791-9f017fbc	P0	docs/get-started/introduction.mdx	85	doc_link	/get-started/networks-and-tokens	0	See [Networks & tokens](/get-started/networks-and-tokens) for the canonical, per-release MOR token, Diamond contract, and chain-ID values.		TRUE	docs/get-started/networks-and-tokens.mdx exists and is in docs.json nav	-	script	yes									
C0792-6261e90c	P0	docs/get-started/networks-and-tokens.mdx	6	last_verified	v7.0.0	0	last_verified: "v7.0.0"		TRUE	tag v7.0.0 exists in this repo	-	script	yes									
C0793-edf52c7f	P0	docs/get-started/networks-and-tokens.mdx	1	frontmatter_keys	title,description,audience,product,last_verified	0	frontmatter keys: title, description, audience, product, last_verified		TRUE	title and description present	-	script	yes									
C0794-ba536580	P0	docs/get-started/networks-and-tokens.mdx	21	chain_id	8453	0	| Chain ID | `8453` |		TRUE	ui-desktop/.env.example:5 declares this chain id	-	script	yes									
C0795-c583321d	P0	docs/get-started/networks-and-tokens.mdx	22	address	addr#56f99c5e	0	| MOR token | `0x<redacted>` |		TRUE	matches an address in .env.example / smart-contracts/deploy/data (value withheld)	-	script	yes									
C0796-c238e24b	P0	docs/get-started/networks-and-tokens.mdx	23	address	addr#acb3e366	0	| Diamond marketplace contract | `0x<redacted>` |		TRUE	matches an address in .env.example / smart-contracts/deploy/data (value withheld)	-	script	yes									
C0797-2caea30d	P0	docs/get-started/networks-and-tokens.mdx	33	chain_id	84532	0	| Chain ID | `84532` |		TRUE	ui-desktop/.env.example:17 declares this chain id	-	script	yes									
C0798-126b6dd8	P0	docs/get-started/networks-and-tokens.mdx	34	address	addr#1781a01d	0	| MOR token | `0x<redacted>` |		TRUE	matches an address in .env.example / smart-contracts/deploy/data (value withheld)	-	script	yes									
C0799-18e5584a	P0	docs/get-started/networks-and-tokens.mdx	35	address	addr#6e2daceb	0	| Diamond marketplace contract | `0x<redacted>` |		TRUE	matches an address in .env.example / smart-contracts/deploy/data (value withheld)	-	script	yes									
C0800-c3cf9d6f	P0	docs/get-started/networks-and-tokens.mdx	66	doc_link	/concepts/sessions-stake-close-recover	0	See [Sessions: stake, close, claim](/concepts/sessions-stake-close-recover) for what these mean and when they unlock.		TRUE	docs/concepts/sessions-stake-close-recover.mdx exists and is in docs.json nav	-	script	yes									
C0801-5c08e893	P0	docs/get-started/quickstart-consumer.mdx	6	last_verified	v7.7.0	0	last_verified: "v7.7.0"		UNVERIFIABLE-IN-REPO	no tag v7.7.0 in this repo (282 tags; highest release tag v7.5.0) — may exist upstream	-	script	yes									
C0802-2b319ad1	P0	docs/get-started/quickstart-consumer.mdx	1	frontmatter_keys	title,description,audience,product,last_verified	0	frontmatter keys: title, description, audience, product, last_verified		TRUE	title and description present	-	script	yes									
C0803-d21f70ef	P0	docs/get-started/quickstart-consumer.mdx	9	doc_link	/consumers/quickstart	0	This is the shortest path to chat with a remote model on Morpheus. For a full walk-through (including the optional local-only model and cleanup), see [Consumer install](/consumers/quickstart).		TRUE	docs/consumers/quickstart.mdx exists and is in docs.json nav	-	script	yes									
C0804-5f2238b8	P0	docs/get-started/quickstart-consumer.mdx	13	external_url	https://github.com/MorpheusAIs/Morpheus-Lumerin-Node/releases	0	Grab the latest **Desktop Application** for your OS from the [GitHub releases page](https://github.com/MorpheusAIs/Morpheus-Lumerin-Node/releases). Current releases ship installers (`.dmg` / `.AppImag		UNVERIFIABLE-IN-REPO	external URL — out of scope (in-repo reach)	-	script	yes									
C0805-c2088ced	P0	docs/get-started/quickstart-consumer.mdx	54	doc_link	/get-started/networks-and-tokens	0	Send `MOR` and `ETH` on BASE to the wallet address shown in the lower-left of the UI. See [Networks and tokens](/get-started/networks-and-tokens).		TRUE	docs/get-started/networks-and-tokens.mdx exists and is in docs.json nav	-	script	yes									
C0806-8ab432e1	P0	docs/get-started/quickstart-consumer.mdx	62	doc_link	/ai/where-is-my-mor	0	Confused about MOR appearing "locked" right after opening a session? That is expected — see [Where is my MOR?](/ai/where-is-my-mor) and [Session states](/ai/session-states-open-close-recover).		TRUE	docs/ai/where-is-my-mor.mdx exists and is in docs.json nav	-	script	yes									
C0807-a6d9eefb	P0	docs/get-started/quickstart-consumer.mdx	62	doc_link	/ai/session-states-open-close-recover	0	Confused about MOR appearing "locked" right after opening a session? That is expected — see [Where is my MOR?](/ai/where-is-my-mor) and [Session states](/ai/session-states-open-close-recover).		TRUE	docs/ai/session-states-open-close-recover.mdx exists and is in docs.json nav	-	script	yes									
C0808-f8ba790c	P0	docs/get-started/quickstart-provider.mdx	6	last_verified	v7.5.0	0	last_verified: "v7.5.0"		TRUE	tag v7.5.0 exists in this repo	-	script	yes									
C0809-c4d6cef0	P0	docs/get-started/quickstart-provider.mdx	1	frontmatter_keys	title,description,audience,product,last_verified	0	frontmatter keys: title, description, audience, product, last_verified		TRUE	title and description present	-	script	yes									
C0810-87ca6967	P0	docs/get-started/quickstart-provider.mdx	36	external_url	https://active.mor.org/status	0	Before minting a new marketplace model, check [active.mor.org/status](https://active.mor.org/status) (or `active_models.json` / `active_bids.json`) for the model name you intend to serve and competing		UNVERIFIABLE-IN-REPO	external URL — out of scope (in-repo reach)	-	script	yes									
C0811-fbe39637	P0	docs/get-started/quickstart-provider.mdx	36	doc_link	/providers/full/register-onchain	0	Before minting a new marketplace model, check [active.mor.org/status](https://active.mor.org/status) (or `active_models.json` / `active_bids.json`) for the model name you intend to serve and competing		TRUE	docs/providers/full/register-onchain.mdx exists and is in docs.json nav	-	script	yes									
C0812-4a25da9a	P0	docs/get-started/quickstart-provider.mdx	39	doc_link	/get-started/networks-and-tokens	0	BASE wallet with enough MOR for provider stake + bid fee (and model stake only if you must mint a new model), plus a little ETH for gas. See [Networks and tokens](/get-started/networks-and-tokens).		TRUE	docs/get-started/networks-and-tokens.mdx exists and is in docs.json nav	-	script	yes									
C0813-1392e593	P0	docs/get-started/quickstart-provider.mdx	42	doc_link	/reference/api-auth	0	The proxy-router needs to be reachable on `host:3333` from the internet so consumers can connect. The Swagger/admin UI on `:8082` should **not** be public — see [API auth](/reference/api-auth). Secret		TRUE	docs/reference/api-auth.mdx exists and is in docs.json nav	-	script	yes									
C0814-29055ff0	P0	docs/get-started/quickstart-provider.mdx	42	external_url	https://myprovider.mor.org	0	The proxy-router needs to be reachable on `host:3333` from the internet so consumers can connect. The Swagger/admin UI on `:8082` should **not** be public — see [API auth](/reference/api-auth). Secret		UNVERIFIABLE-IN-REPO	external URL — out of scope (in-repo reach)	-	script	yes									
C0815-9cd3f9e9	P0	docs/get-started/quickstart-provider.mdx	45	doc_link	/providers/full/secretvm-quickstart	0	Configure `.env`, `models-config.json`, `rating-config.json` and start the binary — or follow [SecretVM quickstart](/providers/full/secretvm-quickstart). See [Provider quickstart](/providers/full/quic		TRUE	docs/providers/full/secretvm-quickstart.mdx exists and is in docs.json nav	-	script	yes									
C0816-e626c364	P0	docs/get-started/quickstart-provider.mdx	45	doc_link	/providers/full/quickstart	0	Configure `.env`, `models-config.json`, `rating-config.json` and start the binary — or follow [SecretVM quickstart](/providers/full/secretvm-quickstart). See [Provider quickstart](/providers/full/quic		TRUE	docs/providers/full/quickstart.mdx exists and is in docs.json nav	-	script	yes									
C0817-f9c5a022	P0	docs/get-started/quickstart-provider.mdx	48	doc_link	/providers/full/myprovider-gui	0	Use [MyProvider](/providers/full/myprovider-gui) when you can (HTTPS node / SecretVM): register the provider, then **bid on an existing model**. Mint a new model only when nothing suitable exists (or		TRUE	docs/providers/full/myprovider-gui.mdx exists and is in docs.json nav	-	script	yes									
C0818-4fe06058	P0	docs/get-started/quickstart-provider.mdx	48	doc_link	/providers/full/register-onchain	0	Use [MyProvider](/providers/full/myprovider-gui) when you can (HTTPS node / SecretVM): register the provider, then **bid on an existing model**. Mint a new model only when nothing suitable exists (or		TRUE	docs/providers/full/register-onchain.mdx exists and is in docs.json nav	-	script	yes									
C0819-f7f3d5da	P0	docs/get-started/quickstart-provider.mdx	48	doc_link	/providers/full/pricing	0	Use [MyProvider](/providers/full/myprovider-gui) when you can (HTTPS node / SecretVM): register the provider, then **bid on an existing model**. Mint a new model only when nothing suitable exists (or		TRUE	docs/providers/full/pricing.mdx exists and is in docs.json nav	-	script	yes									
C0820-2cd69671	P0	docs/get-started/quickstart-provider.mdx	51	doc_link	/providers/full/verify-setup	0	Don't trust startup logs alone — run the five-step self-check in [Verify your provider setup](/providers/full/verify-setup): healthcheck, public TCP, on-chain records, `active.mor.org` discovery, and		TRUE	docs/providers/full/verify-setup.mdx exists and is in docs.json nav	-	script	yes									
C0821-a9ac3e4a	P0	docs/get-started/quickstart-provider.mdx	56	doc_link	/concepts/tee-overview	0	TEE providers must register with the model tag `"tee"` for any of the two-hop attestation chain to engage on the consumer side. See [TEE overview](/concepts/tee-overview).		TRUE	docs/concepts/tee-overview.mdx exists and is in docs.json nav	-	script	yes									
C0822-1bae413d	P0	docs/index.mdx	6	last_verified	v7.0.0	0	last_verified: "v7.0.0"		TRUE	tag v7.0.0 exists in this repo	-	script	yes									
C0823-8d25dba5	P0	docs/index.mdx	1	frontmatter_keys	title,description,audience,last_verified	0	frontmatter keys: title, description, audience, last_verified		TRUE	title and description present	-	script	yes									
C0824-d61d862f	P0	docs/index.mdx	12	doc_link	/get-started/introduction	0	**This site replaces the old `/docs/*.md` files.** All previous links such as `/04-consumer-setup` redirect to their new home. See [Get started](/get-started/introduction) or pick a role-based journey		TRUE	docs/get-started/introduction.mdx exists and is in docs.json nav	-	script	yes									
C0825-c4fddf88	P0	docs/index.mdx	12	repo_path	/docs/*.md	0	**This site replaces the old `/docs/*.md` files.** All previous links such as `/04-consumer-setup` redirect to their new home. See [Get started](/get-started/introduction) or pick a role-based journey		AMBIGUOUS	token contains a glob or placeholder	-	script	yes									
C0826-b54785db	P0	docs/index.mdx	19	external_url	https://apidocs.mor.org	0	Use the **hosted** [Morpheus Inference API](https://apidocs.mor.org) — no node, no wallet, just an API key.		UNVERIFIABLE-IN-REPO	external URL — out of scope (in-repo reach)	-	script	yes									
C0827-931d17fd	P0	docs/index.mdx	42	external_url	https://github.com/MorpheusAIs/Morpheus-Lumerin-Node/blob/main/proxy-router/docs/swagger.yaml	0	Curated subset of the proxy-router HTTP API; full schema in [`proxy-router/docs/swagger.yaml`](https://github.com/MorpheusAIs/Morpheus-Lumerin-Node/blob/main/proxy-router/docs/swagger.yaml).		UNVERIFIABLE-IN-REPO	external URL — out of scope (in-repo reach)	-	script	yes									
C0828-da710765	P0	docs/index.mdx	62	external_url	https://active.mor.org	0	- **Status, active models, active bids** — [active.mor.org](https://active.mor.org)		UNVERIFIABLE-IN-REPO	external URL — out of scope (in-repo reach)	-	script	yes									
C0829-805304f4	P0	docs/index.mdx	63	external_url	https://tech.mor.org	0	- **Calculators, sessions, TEE, throughput** — [tech.mor.org](https://tech.mor.org)		UNVERIFIABLE-IN-REPO	external URL — out of scope (in-repo reach)	-	script	yes									
C0830-708177b4	P0	docs/index.mdx	64	external_url	https://myprovider.mor.org	0	- **Provider portal** — [myprovider.mor.org](https://myprovider.mor.org)		UNVERIFIABLE-IN-REPO	external URL — out of scope (in-repo reach)	-	script	yes									
C0831-1942c983	P0	docs/index.mdx	65	external_url	https://apidocs.mor.org	0	- **Hosted Inference API** (separate product, OpenAI-compatible) — [apidocs.mor.org](https://apidocs.mor.org)		UNVERIFIABLE-IN-REPO	external URL — out of scope (in-repo reach)	-	script	yes									
C0832-349fd7a5	P0	docs/index.mdx	71	external_url	https://nodedocs.mor.org/llms-full.txt	0	- Full corpus: [`https://nodedocs.mor.org/llms-full.txt`](https://nodedocs.mor.org/llms-full.txt)		UNVERIFIABLE-IN-REPO	external URL — out of scope (in-repo reach)	-	script	yes									
C0833-99fb1c04	P0	docs/index.mdx	72	external_url	https://nodedocs.mor.org/llms.txt	0	- Page index: [`https://nodedocs.mor.org/llms.txt`](https://nodedocs.mor.org/llms.txt)		UNVERIFIABLE-IN-REPO	external URL — out of scope (in-repo reach)	-	script	yes									
C0834-ab57379d	P0	docs/index.mdx	73	external_url	https://nodedocs.mor.org/ai/myths.md	0	- Per-page Markdown: append `.md` (e.g. [`/ai/myths.md`](https://nodedocs.mor.org/ai/myths.md)) or fetch the page URL without `Accept: text/html`		UNVERIFIABLE-IN-REPO	external URL — out of scope (in-repo reach)	-	script	yes									
C0835-7ad5aa2e	P0	docs/index.mdx	74	external_url	https://nodedocs.mor.org/mcp	0	- Docs search MCP: [`https://nodedocs.mor.org/mcp`](https://nodedocs.mor.org/mcp)		UNVERIFIABLE-IN-REPO	external URL — out of scope (in-repo reach)	-	script	yes									
C0836-42e1787a	P0	docs/index.mdx	76	doc_link	/ai/myths	0	Start with the [AI knowledge](/ai/myths) section and the repo-root [`AGENTS.md`](https://github.com/MorpheusAIs/Morpheus-Lumerin-Node/blob/main/AGENTS.md).		TRUE	docs/ai/myths.mdx exists and is in docs.json nav	-	script	yes									
C0837-da162857	P0	docs/index.mdx	76	external_url	https://github.com/MorpheusAIs/Morpheus-Lumerin-Node/blob/main/AGENTS.md	0	Start with the [AI knowledge](/ai/myths) section and the repo-root [`AGENTS.md`](https://github.com/MorpheusAIs/Morpheus-Lumerin-Node/blob/main/AGENTS.md).		UNVERIFIABLE-IN-REPO	external URL — out of scope (in-repo reach)	-	script	yes									
C0838-4122029d	P0	docs/inference-api/overview.mdx	6	last_verified	v7.0.0	0	last_verified: "v7.0.0"		TRUE	tag v7.0.0 exists in this repo	-	script	yes									
C0839-2842118f	P0	docs/inference-api/overview.mdx	1	frontmatter_keys	title,description,audience,product,last_verified,source_url	0	frontmatter keys: title, description, audience, product, last_verified, source_url		TRUE	title and description present	-	script	yes									
C0840-431cf7ac	P0	docs/inference-api/overview.mdx	10	external_url	https://app.mor.org	0	The **Morpheus Inference API** (also called the API Gateway) is a separate hosted product built on top of the Morpheus Inference Marketplace. It gives you OpenAI-compatible inference behind a simple b		UNVERIFIABLE-IN-REPO	external URL — out of scope (in-repo reach)	-	script	yes									
C0841-fc56efca	P0	docs/inference-api/overview.mdx	10	external_url	https://apidocs.mor.org	0	The **Morpheus Inference API** (also called the API Gateway) is a separate hosted product built on top of the Morpheus Inference Marketplace. It gives you OpenAI-compatible inference behind a simple b		UNVERIFIABLE-IN-REPO	external URL — out of scope (in-repo reach)	-	script	yes									
C0842-090a2205	P0	docs/inference-api/overview.mdx	13	external_url	https://apidocs.mor.org	0	This page summarizes the product. The canonical, full documentation lives at [apidocs.mor.org](https://apidocs.mor.org). For deeper integration guides (Cursor, OpenCode, LangChain, Eliza, n8n, Open We		UNVERIFIABLE-IN-REPO	external URL — out of scope (in-repo reach)	-	script	yes									
C0843-6bfb17c2	P0	docs/inference-api/overview.mdx	20	external_url	https://apidocs.mor.org	0	| Plug Morpheus into an OpenAI-compatible client without managing infra | **Inference API** ([apidocs.mor.org](https://apidocs.mor.org)) |		UNVERIFIABLE-IN-REPO	external URL — out of scope (in-repo reach)	-	script	yes									
C0844-c1856542	P0	docs/inference-api/overview.mdx	21	doc_link	/prosumers/c-node-setup	0	| Self-custody your wallet and pay providers directly on-chain | [Run a C-Node](/prosumers/c-node-setup) or [MorpheusUI](/consumers/quickstart) |		TRUE	docs/prosumers/c-node-setup.mdx exists and is in docs.json nav	-	script	yes									
C0845-458fe3ca	P0	docs/inference-api/overview.mdx	21	doc_link	/consumers/quickstart	0	| Self-custody your wallet and pay providers directly on-chain | [Run a C-Node](/prosumers/c-node-setup) or [MorpheusUI](/consumers/quickstart) |		TRUE	docs/consumers/quickstart.mdx exists and is in docs.json nav	-	script	yes									
C0846-6a114c8d	P0	docs/inference-api/overview.mdx	22	doc_link	/providers/full/quickstart	0	| Host models for the marketplace and earn MOR | [Run a P-Node](/providers/full/quickstart) |		TRUE	docs/providers/full/quickstart.mdx exists and is in docs.json nav	-	script	yes									
C0847-76696034	P0	docs/inference-api/overview.mdx	23	doc_link	/concepts/tee-overview	0	| Get cryptographic TEE attestation guarantees on the inference path | [TEE provider chain](/concepts/tee-overview) (requires running your own consumer-side proxy-router) |		TRUE	docs/concepts/tee-overview.mdx exists and is in docs.json nav	-	script	yes									
C0848-a0a7a13f	P0	docs/inference-api/overview.mdx	29	external_url	https://apidocs.mor.org	0	Per [apidocs.mor.org](https://apidocs.mor.org):		UNVERIFIABLE-IN-REPO	external URL — out of scope (in-repo reach)	-	script	yes									
C0849-882ab62e	P0	docs/inference-api/overview.mdx	33	external_url	https://app.mor.org	0	Create an account at [app.mor.org](https://app.mor.org) and log in.		UNVERIFIABLE-IN-REPO	external URL — out of scope (in-repo reach)	-	script	yes									
C0850-f83e9c25	P0	docs/inference-api/overview.mdx	65	external_url	https://apidocs.mor.org	0	Same pattern for the Vercel AI SDK, LangChain, Eliza, n8n, Cursor, OpenCode, Open Web-UI, Brave Leo, etc. Specific integration guides for each: [apidocs.mor.org](https://apidocs.mor.org).		UNVERIFIABLE-IN-REPO	external URL — out of scope (in-repo reach)	-	script	yes									
C0851-ab255ee8	P0	docs/inference-api/overview.mdx	69	doc_link	/concepts/architecture	0	- **Not the proxy-router HTTP API.** That's a different surface — a local API exposed by the [proxy-router](/concepts/architecture) on `:8082` when you self-host. If you're running a node, you talk to		TRUE	docs/concepts/architecture.mdx exists and is in docs.json nav	-	script	yes									
C0852-85980dde	P0	docs/inference-api/overview.mdx	70	doc_link	/ecosystem/app-mor-org	0	- **Not the only way to use Morpheus.** It's the easiest, but you give up self-custody of the wallet and direct on-chain control of sessions in exchange. Casual chat users with the same trade-off can		TRUE	docs/ecosystem/app-mor-org.mdx exists and is in docs.json nav	-	script	yes									
C0853-04e02138	P0	docs/inference-api/overview.mdx	71	external_url	https://active.mor.org/active_models.json	0	- **Not the whole marketplace.** The list of models exposed through `apidocs.mor.org` / `app.mor.org` is the **bootstrap set** the gateway curated when the system launched — not every model on the mar		UNVERIFIABLE-IN-REPO	external URL — out of scope (in-repo reach)	-	script	yes									
C0854-11c5ec49	P0	docs/inference-api/overview.mdx	71	external_url	https://active.mor.org/active_bids.json	0	- **Not the whole marketplace.** The list of models exposed through `apidocs.mor.org` / `app.mor.org` is the **bootstrap set** the gateway curated when the system launched — not every model on the mar		UNVERIFIABLE-IN-REPO	external URL — out of scope (in-repo reach)	-	script	yes									
C0855-61ef75a0	P0	docs/inference-api/overview.mdx	71	doc_link	/reference/api-endpoints	0	- **Not the whole marketplace.** The list of models exposed through `apidocs.mor.org` / `app.mor.org` is the **bootstrap set** the gateway curated when the system launched — not every model on the mar		TRUE	docs/reference/api-endpoints.mdx exists and is in docs.json nav	-	script	yes									
C0856-f1d40ef4	P0	docs/inference-api/overview.mdx	75	external_url	https://apidocs.mor.org	0	The hosted API runs on a credits/billing model — see [apidocs.mor.org](https://apidocs.mor.org) for current terms. The underlying **marketplace** itself is priced per **session-time** (`pricePerSecond		UNVERIFIABLE-IN-REPO	external URL — out of scope (in-repo reach)	-	script	yes									
C0857-e8642306	P0	docs/inference-api/overview.mdx	75	doc_link	/concepts/tokens-and-fees	0	The hosted API runs on a credits/billing model — see [apidocs.mor.org](https://apidocs.mor.org) for current terms. The underlying **marketplace** itself is priced per **session-time** (`pricePerSecond		TRUE	docs/concepts/tokens-and-fees.mdx exists and is in docs.json nav	-	script	yes									
C0858-91b93100	P0	docs/inference-api/overview.mdx	88	doc_link	/prosumers/c-node-setup	0	The Inference API is built on the same Morpheus marketplace this repo's proxy-router talks to. If you want to **self-host** that gateway behavior (your own wallet, your own MOR, no third-party billing		TRUE	docs/prosumers/c-node-setup.mdx exists and is in docs.json nav	-	script	yes									
C0859-fc09ff8e	P0	docs/inference-api/overview.mdx	92	doc_link	/concepts/what-is-morpheus	0	- [What is Morpheus?](/concepts/what-is-morpheus)		TRUE	docs/concepts/what-is-morpheus.mdx exists and is in docs.json nav	-	script	yes									
C0860-529a9ad3	P0	docs/inference-api/overview.mdx	93	doc_link	/concepts/architecture	0	- [Architecture](/concepts/architecture)		TRUE	docs/concepts/architecture.mdx exists and is in docs.json nav	-	script	yes									
C0861-0390e900	P0	docs/inference-api/overview.mdx	94	doc_link	/ecosystem/app-mor-org	0	- [Hosted consumer surface — app.mor.org / Morpheus Chat App](/ecosystem/app-mor-org)		TRUE	docs/ecosystem/app-mor-org.mdx exists and is in docs.json nav	-	script	yes									
C0862-a6a2df36	P0	docs/inference-api/overview.mdx	95	doc_link	/prosumers/c-node-setup	0	- [Self-hosted consumer alternative — C-Node setup](/prosumers/c-node-setup)		TRUE	docs/prosumers/c-node-setup.mdx exists and is in docs.json nav	-	script	yes									
C0863-84d168c3	P0	docs/prosumers/c-node-setup.mdx	6	last_verified	v7.0.0	0	last_verified: "v7.0.0"		TRUE	tag v7.0.0 exists in this repo	-	script	yes									
C0864-3eb51590	P0	docs/prosumers/c-node-setup.mdx	1	frontmatter_keys	title,description,audience,product,last_verified	0	frontmatter keys: title, description, audience, product, last_verified		TRUE	title and description present	-	script	yes									
C0865-33008c06	P0	docs/prosumers/c-node-setup.mdx	34	shell_var	ETH_NODE_CHAIN_ID	1	ETH_NODE_CHAIN_ID=8453		TRUE	proxy-router/internal/config/config.go:28 (also a config env var)	-	script	yes									
C0866-b827db65	P0	docs/prosumers/c-node-setup.mdx	35	shell_var	BLOCKSCOUT_API_URL	1	BLOCKSCOUT_API_URL=https://base.blockscout.com/api/v2		TRUE	proxy-router/internal/config/config.go:32 (also a config env var)	-	script	yes									
C0867-38f59777	P0	docs/prosumers/c-node-setup.mdx	36	address	addr#acb3e366	1	DIAMOND_CONTRACT_ADDRESS=0x<redacted>		TRUE	matches an address in .env.example / smart-contracts/deploy/data (value withheld)	-	script	yes									
C0868-4c1f65a2	P0	docs/prosumers/c-node-setup.mdx	36	shell_var	DIAMOND_CONTRACT_ADDRESS	1	DIAMOND_CONTRACT_ADDRESS=0x6aBE1d282f72B474E54527D93b979A4f64d3030a		TRUE	proxy-router/internal/config/config.go:46 (also a config env var)	-	script	yes									
C0869-0adc1746	P0	docs/prosumers/c-node-setup.mdx	37	address	addr#56f99c5e	1	MOR_TOKEN_ADDRESS=0x<redacted>		TRUE	matches an address in .env.example / smart-contracts/deploy/data (value withheld)	-	script	yes									
C0870-434dc765	P0	docs/prosumers/c-node-setup.mdx	37	shell_var	MOR_TOKEN_ADDRESS	1	MOR_TOKEN_ADDRESS=0x7431aDa8a591C955a994a21710752EF9b882b8e3		TRUE	proxy-router/internal/config/config.go:47 (also a config env var)	-	script	yes									
C0871-0c29bee4	P0	docs/prosumers/c-node-setup.mdx	39	shell_var	ETH_NODE_ADDRESS	1	ETH_NODE_ADDRESS=https://base-mainnet.g.alchemy.com/v2/<your_key>		TRUE	proxy-router/internal/config/config.go:29 (also a config env var)	-	script	yes									
C0872-c7352e13	P0	docs/prosumers/c-node-setup.mdx	40	shell_var	ETH_NODE_USE_SUBSCRIPTIONS	1	ETH_NODE_USE_SUBSCRIPTIONS=false   # https-only is more reliable for consumers		TRUE	proxy-router/internal/config/config.go:35 (also a config env var)	-	script	yes									
C0873-0d5918d4	P0	docs/prosumers/c-node-setup.mdx	42	shell_var	WALLET_PRIVATE_KEY	1	WALLET_PRIVATE_KEY=<your_consumer_wallet>		TRUE	proxy-router/internal/config/config.go:48 (also a config env var)	-	script	yes									
C0874-04d061d8	P0	docs/prosumers/c-node-setup.mdx	44	port	8082	1	WEB_ADDRESS=127.0.0.1:8082         # bind loopback only		TRUE	ui-desktop/.env.example:33 (PROXY_WEB_DEFAULT_PORT)	-	script	yes									
C0875-430f83cd	P0	docs/prosumers/c-node-setup.mdx	44	shell_var	WEB_ADDRESS	1	WEB_ADDRESS=127.0.0.1:8082         # bind loopback only		TRUE	proxy-router/internal/config/config.go:106 (also a config env var)	-	script	yes									
C0876-374d5386	P0	docs/prosumers/c-node-setup.mdx	45	port	8082	1	WEB_PUBLIC_URL=http://127.0.0.1:8082		TRUE	ui-desktop/.env.example:33 (PROXY_WEB_DEFAULT_PORT)	-	script	yes									
C0877-c14e8877	P0	docs/prosumers/c-node-setup.mdx	45	shell_var	WEB_PUBLIC_URL	1	WEB_PUBLIC_URL=http://127.0.0.1:8082		TRUE	proxy-router/internal/config/config.go:107 (also a config env var)	-	script	yes									
C0878-ed651503	P0	docs/prosumers/c-node-setup.mdx	46	port	3333	1	PROXY_ADDRESS=127.0.0.1:3333       # not exposing to internet		TRUE	proxy-router/.env.example.win:25 (PROXY_ADDRESS)	-	script	yes									
C0879-9599bb86	P0	docs/prosumers/c-node-setup.mdx	46	shell_var	PROXY_ADDRESS	1	PROXY_ADDRESS=127.0.0.1:3333       # not exposing to internet		TRUE	proxy-router/internal/config/config.go:61 (also a config env var)	-	script	yes									
C0880-9cf0228c	P0	docs/prosumers/c-node-setup.mdx	49	doc_link	/reference/env-proxy-router	0	Full reference: [Env: proxy-router](/reference/env-proxy-router).		TRUE	docs/reference/env-proxy-router.mdx exists and is in docs.json nav	-	script	yes									
C0881-0cd9f210	P0	docs/prosumers/c-node-setup.mdx	53	doc_link	/reference/api-auth	0	On first start the proxy-router creates a `.cookie` with a random `admin:<password>`. Use that for tooling (UI, CLI). To add lower-permission users (for agents or third-party tools), see [API auth](/r		TRUE	docs/reference/api-auth.mdx exists and is in docs.json nav	-	script	yes									
C0882-2dbaa137	P0	docs/prosumers/c-node-setup.mdx	53	doc_link	/prosumers/running-local-agents	0	On first start the proxy-router creates a `.cookie` with a random `admin:<password>`. Use that for tooling (UI, CLI). To add lower-permission users (for agents or third-party tools), see [API auth](/r		TRUE	docs/prosumers/running-local-agents.mdx exists and is in docs.json nav	-	script	yes									
C0883-ca0f02c8	P0	docs/prosumers/c-node-setup.mdx	67	address	addr#acb3e366	1	'http://127.0.0.1:8082/blockchain/approve?spender=0x<redacted>&amount=20' \		TRUE	matches an address in .env.example / smart-contracts/deploy/data (value withheld)	-	script	yes									
C0884-1f83e4c5	P0	docs/prosumers/c-node-setup.mdx	67	port	8082	1	'http://127.0.0.1:8082/blockchain/approve?spender=0x6aBE1d282f72B474E54527D93b979A4f64d3030a&amount=20' \		TRUE	ui-desktop/.env.example:33 (PROXY_WEB_DEFAULT_PORT)	-	script	yes									
C0885-5f01ab1b	P0	docs/prosumers/c-node-setup.mdx	67	api_path	/blockchain/approve	1	'http://127.0.0.1:8082/blockchain/approve?spender=0x6aBE1d282f72B474E54527D93b979A4f64d3030a&amount=20' \		TRUE	proxy-router/docs/swagger.yaml:1417	-	script	yes									
C0886-d4b9d834	P0	docs/prosumers/c-node-setup.mdx	77	runtime_path	./data/	0	- Logs — see `./data/` (or `docker logs`).		N/A	runtime/OS path — not expected to exist in the repo	-	script	yes									
C0887-3499a3a9	P0	docs/prosumers/c-node-setup.mdx	81	runtime_path	./data/	0	For Docker: `docker pull ghcr.io/morpheusais/morpheus-lumerin-node:latest && docker restart …`. For source: `git pull && ./build.sh && systemctl restart …`. The on-disk Badger state in `./data/` is fo		N/A	runtime/OS path — not expected to exist in the repo	-	script	yes									
C0888-affb5e3d	P0	docs/prosumers/gateway-for-everclaw.mdx	6	last_verified	v7.0.0	0	last_verified: "v7.0.0"		TRUE	tag v7.0.0 exists in this repo	-	script	yes									
C0889-da1d0b1d	P0	docs/prosumers/gateway-for-everclaw.mdx	1	frontmatter_keys	title,description,audience,product,last_verified,source_url	0	frontmatter keys: title, description, audience, product, last_verified, source_url		TRUE	title and description present	-	script	yes									
C0890-2251f5cf	P0	docs/prosumers/gateway-for-everclaw.mdx	10	external_url	https://everclaw.xyz	0	[Everclaw](https://everclaw.xyz) is an agent-focused project; David's "Morpheus skill" for OpenClaw lets agents call Morpheus inference via a local HTTP endpoint. You provide the endpoint by running a		UNVERIFIABLE-IN-REPO	external URL — out of scope (in-repo reach)	-	script	yes									
C0891-6d33982d	P0	docs/prosumers/gateway-for-everclaw.mdx	10	doc_link	/prosumers/c-node-setup	0	[Everclaw](https://everclaw.xyz) is an agent-focused project; David's "Morpheus skill" for OpenClaw lets agents call Morpheus inference via a local HTTP endpoint. You provide the endpoint by running a		TRUE	docs/prosumers/c-node-setup.mdx exists and is in docs.json nav	-	script	yes									
C0892-3e21e12c	P0	docs/prosumers/gateway-for-everclaw.mdx	13	external_url	https://everclaw.xyz	0	This page is a **mirror summary**, last verified for v7.0.0. For canonical Everclaw guidance, see [everclaw.xyz](https://everclaw.xyz).		UNVERIFIABLE-IN-REPO	external URL — out of scope (in-repo reach)	-	script	yes									
C0893-b294a32a	P0	docs/prosumers/gateway-for-everclaw.mdx	20	port	8082	1	EverclawSkill[Everclaw / OpenClaw skill] --> Gateway["http://127.0.0.1:8082"]		TRUE	ui-desktop/.env.example:33 (PROXY_WEB_DEFAULT_PORT)	-	script	yes									
C0894-d3127b69	P0	docs/prosumers/gateway-for-everclaw.mdx	31	doc_link	/prosumers/c-node-setup	0	Follow [C-Node setup](/prosumers/c-node-setup). Bind `:8082` to loopback only.		TRUE	docs/prosumers/c-node-setup.mdx exists and is in docs.json nav	-	script	yes									
C0895-b1cde547	P0	docs/prosumers/gateway-for-everclaw.mdx	34	doc_link	/prosumers/c-node-setup	0	See "Approve once" in [C-Node setup](/prosumers/c-node-setup#approve-once).		TRUE	docs/prosumers/c-node-setup.mdx exists and is in docs.json nav	-	script	yes									
C0896-c155e1e5	P0	docs/prosumers/gateway-for-everclaw.mdx	39	shell_var	SESSION	1	SESSION=$(curl -s -X POST \		N/A	shell variable local to a fenced example, not repo config	-	script	yes									
C0897-1cab11d3	P0	docs/prosumers/gateway-for-everclaw.mdx	40	port	8082	1	'http://127.0.0.1:8082/blockchain/models/<modelId>/session' \		TRUE	ui-desktop/.env.example:33 (PROXY_WEB_DEFAULT_PORT)	-	script	yes									
C0898-641b387d	P0	docs/prosumers/gateway-for-everclaw.mdx	40	api_path	/blockchain/models/<modelId>/session	1	'http://127.0.0.1:8082/blockchain/models/<modelId>/session' \		TRUE	proxy-router/docs/swagger.yaml:1702	-	script	yes									
C0899-4a2230f3	P0	docs/prosumers/gateway-for-everclaw.mdx	48	port	8082	0	Set the skill's OpenAI-base-URL to `http://127.0.0.1:8082` and inject `Authorization: Basic <base64(user:pass)>` and `session_id: <sessionId>` headers per request. See your skill's docs for the exact		TRUE	ui-desktop/.env.example:33 (PROXY_WEB_DEFAULT_PORT)	-	script	yes									
C0900-fd44d237	P0	docs/prosumers/gateway-for-everclaw.mdx	65	doc_link	/reference/api-auth	0	See [API auth](/reference/api-auth) for the full method list.		TRUE	docs/reference/api-auth.mdx exists and is in docs.json nav	-	script	yes									
C0901-367e714b	P0	docs/prosumers/gateway-for-everclaw.mdx	75	doc_link	/ecosystem/everclaw	0	- [Everclaw ecosystem mirror](/ecosystem/everclaw) — broader context, links.		TRUE	docs/ecosystem/everclaw.mdx exists and is in docs.json nav	-	script	yes									
C0902-ac12d364	P0	docs/prosumers/gateway-for-everclaw.mdx	76	doc_link	/prosumers/running-local-agents	0	- [Running local agents](/prosumers/running-local-agents) — generalized agent patterns.		TRUE	docs/prosumers/running-local-agents.mdx exists and is in docs.json nav	-	script	yes									
C0903-6914ee32	P0	docs/prosumers/overview.mdx	6	last_verified	v7.0.0	0	last_verified: "v7.0.0"		TRUE	tag v7.0.0 exists in this repo	-	script	yes									
C0904-4a834c66	P0	docs/prosumers/overview.mdx	1	frontmatter_keys	title,description,audience,product,last_verified	0	frontmatter keys: title, description, audience, product, last_verified		TRUE	title and description present	-	script	yes									
C0905-0675e13b	P0	docs/prosumers/overview.mdx	23	doc_link	/reference/api-auth	0	- **Bring your own wallet** with a real budget; agents can't drain it without your permission (see [API auth](/reference/api-auth) per-user whitelists).		TRUE	docs/reference/api-auth.mdx exists and is in docs.json nav	-	script	yes									
C0906-1bcef1b3	P0	docs/prosumers/running-local-agents.mdx	6	last_verified	v7.9.0	0	last_verified: "v7.9.0"		UNVERIFIABLE-IN-REPO	no tag v7.9.0 in this repo (282 tags; highest release tag v7.5.0) — may exist upstream	-	script	yes									
C0907-6662c83e	P0	docs/prosumers/running-local-agents.mdx	1	frontmatter_keys	title,description,audience,product,last_verified	0	frontmatter keys: title, description, audience, product, last_verified		TRUE	title and description present	-	script	yes									
C0908-65c5c84a	P0	docs/prosumers/running-local-agents.mdx	16	port	8082	1	curl -X POST 'http://127.0.0.1:8082/auth/users' \		TRUE	ui-desktop/.env.example:33 (PROXY_WEB_DEFAULT_PORT)	-	script	yes									
C0909-2a335aa6	P0	docs/prosumers/running-local-agents.mdx	16	api_path	/auth/users	1	curl -X POST 'http://127.0.0.1:8082/auth/users' \		TRUE	proxy-router/docs/swagger.yaml:1283	-	script	yes									
C0910-4c27275d	P0	docs/prosumers/running-local-agents.mdx	26	doc_link	/reference/api-auth	0	This writes a new `rpcauth=` and `rpcwhitelist=` line to `proxy.conf`. Full method list and semantics: [API auth](/reference/api-auth).		TRUE	docs/reference/api-auth.mdx exists and is in docs.json nav	-	script	yes									
C0911-5fae3ffd	P0	docs/prosumers/running-local-agents.mdx	36	doc_link	/concepts/sessions-stake-close-recover	0	Always **close sessions explicitly** when work is done. Unused stake returns in the close txn; the used stipend day-locks in `userStakesOnHold` until the next UTC day (claim via `withdrawUserStakes`).		TRUE	docs/concepts/sessions-stake-close-recover.mdx exists and is in docs.json nav	-	script	yes									
C0912-9cfba4da	P0	docs/prosumers/running-local-agents.mdx	40	doc_link	/consumers/chat	0	Agents that need full deterministic JSON should use `stream: false`. Tool-calling chains that benefit from token streaming (e.g. user-facing typing UX) should set `stream: true`. The proxy-router supp		TRUE	docs/consumers/chat.mdx exists and is in docs.json nav	-	script	yes									
C0913-a865068d	P0	docs/prosumers/running-local-agents.mdx	49	runtime_path	./data/proxy-router.log	0	- Run a small log shipper to capture `./data/proxy-router.log` lines.		N/A	runtime/OS path — not expected to exist in the repo	-	script	yes									
C0914-b0a15175	P0	docs/prosumers/running-local-agents.mdx	61	doc_link	/prosumers/gateway-for-everclaw	0	For a more concrete worked example, see [Gateway for Everclaw](/prosumers/gateway-for-everclaw).		TRUE	docs/prosumers/gateway-for-everclaw.mdx exists and is in docs.json nav	-	script	yes									
C0915-a4961d38	P0	docs/providers/full/aws.mdx	6	last_verified	v7.0.0	0	last_verified: "v7.0.0"		TRUE	tag v7.0.0 exists in this repo	-	script	yes									
C0916-cb95dcda	P0	docs/providers/full/aws.mdx	1	frontmatter_keys	title,description,audience,product,last_verified,source	0	frontmatter keys: title, description, audience, product, last_verified, source		TRUE	title and description present	-	script	yes									
C0917-90d93112	P0	docs/providers/full/aws.mdx	16	doc_link	/providers/full/proxy-router-docker	0	For non-AWS alternatives, see [Docker](/providers/full/proxy-router-docker), [Akash](/providers/full/proxy-router-akash), or [SecretVM (TEE)](/providers/full/secretvm-quickstart).		TRUE	docs/providers/full/proxy-router-docker.mdx exists and is in docs.json nav	-	script	yes									
C0918-8b2c3e98	P0	docs/providers/full/aws.mdx	16	doc_link	/providers/full/proxy-router-akash	0	For non-AWS alternatives, see [Docker](/providers/full/proxy-router-docker), [Akash](/providers/full/proxy-router-akash), or [SecretVM (TEE)](/providers/full/secretvm-quickstart).		TRUE	docs/providers/full/proxy-router-akash.mdx exists and is in docs.json nav	-	script	yes									
C0919-380b87c2	P0	docs/providers/full/aws.mdx	16	doc_link	/providers/full/secretvm-quickstart	0	For non-AWS alternatives, see [Docker](/providers/full/proxy-router-docker), [Akash](/providers/full/proxy-router-akash), or [SecretVM (TEE)](/providers/full/secretvm-quickstart).		TRUE	docs/providers/full/secretvm-quickstart.mdx exists and is in docs.json nav	-	script	yes									
C0920-b4bccc5b	P0	docs/providers/full/aws.mdx	73	external_url	https://github.com/vllm-project/vllm	0	For a real production deployment use a properly sized model and consider [vLLM](https://github.com/vllm-project/vllm) or another GPU-optimized server. See [Model setup](/providers/full/model-setup) fo		UNVERIFIABLE-IN-REPO	external URL — out of scope (in-repo reach)	-	script	yes									
C0921-11b00dbc	P0	docs/providers/full/aws.mdx	73	doc_link	/providers/full/model-setup	0	For a real production deployment use a properly sized model and consider [vLLM](https://github.com/vllm-project/vllm) or another GPU-optimized server. See [Model setup](/providers/full/model-setup) fo		TRUE	docs/providers/full/model-setup.mdx exists and is in docs.json nav	-	script	yes									
C0922-b91aaf51	P0	docs/providers/full/aws.mdx	87	repo_path	0.0.0.0/0	0	- TCP `3333` from `0.0.0.0/0` (this is the public consumer endpoint).		UNVERIFIABLE-IN-REPO	looks like an external owner/repo reference	-	script	yes									
C0923-000e2e8c	P0	docs/providers/full/aws.mdx	108	env	WALLET_PRIVATE_KEY	0	- `WALLET_PRIVATE_KEY` — your provider wallet's private key.		TRUE	proxy-router/internal/config/config.go:48	-	script	yes									
C0924-de8c4a34	P0	docs/providers/full/aws.mdx	109	env	ETH_NODE_ADDRESS	0	- `ETH_NODE_ADDRESS` — your BASE RPC URL (e.g. Alchemy `wss://base-mainnet.g.alchemy.com/v2/<key>` or HTTPS).		TRUE	proxy-router/internal/config/config.go:29	-	script	yes									
C0925-a8ea3d4e	P0	docs/providers/full/aws.mdx	110	port	8082	0	- `WEB_ADDRESS=0.0.0.0:8082`		TRUE	ui-desktop/.env.example:33 (PROXY_WEB_DEFAULT_PORT)	-	script	yes									
C0926-ed738622	P0	docs/providers/full/aws.mdx	112	port	3333	0	- `PROXY_ADDRESS=0.0.0.0:3333`		TRUE	proxy-router/.env.example.win:25 (PROXY_ADDRESS)	-	script	yes									
C0927-f33ed15d	P0	docs/providers/full/aws.mdx	114	doc_link	/reference/models-config	0	Then update [`models-config.json`](/reference/models-config) so the proxy-router routes to your LLM instance:		TRUE	docs/reference/models-config.mdx exists and is in docs.json nav	-	script	yes									
C0928-390e97c8	P0	docs/providers/full/aws.mdx	126	doc_link	/reference/env-proxy-router	0	Full env reference: [Env: proxy-router](/reference/env-proxy-router).		TRUE	docs/reference/env-proxy-router.mdx exists and is in docs.json nav	-	script	yes									
C0929-1ed7586d	P0	docs/providers/full/aws.mdx	131	make_target	run	1	make run		TRUE	cli/Makefile target run	-	script	yes									
C0930-8fca1600	P0	docs/providers/full/aws.mdx	136	port	8082	1	INFO  HTTP  http server is listening: 0.0.0.0:8082		TRUE	ui-desktop/.env.example:33 (PROXY_WEB_DEFAULT_PORT)	-	script	yes									
C0931-62db244b	P0	docs/providers/full/aws.mdx	137	port	3333	1	INFO  TCP   tcp server is listening: 0.0.0.0:3333		TRUE	proxy-router/.env.example.win:25 (PROXY_ADDRESS)	-	script	yes									
C0932-1c8375c1	P0	docs/providers/full/aws.mdx	139	doc_link	/providers/full/headless	0	For long-lived operation, run it under `systemd` — see [Headless operation](/providers/full/headless).		TRUE	docs/providers/full/headless.mdx exists and is in docs.json nav	-	script	yes									
C0933-754f6f4f	P0	docs/providers/full/aws.mdx	142	doc_link	/reference/api-auth	0	Open `http://<web_public_url>/swagger/index.html` to confirm the API is up. For **Try it out**, click **Authorize** with your `.cookie` credentials ([API auth](/reference/api-auth)).		TRUE	docs/reference/api-auth.mdx exists and is in docs.json nav	-	script	yes									
C0934-d9b7b27d	P0	docs/providers/full/aws.mdx	148	doc_link	/providers/full/register-onchain	0	Now register your provider and bid following [Register on chain](/providers/full/register-onchain) — look up an existing model on [active.mor.org](https://active.mor.org/status) first; use [MyProvider		TRUE	docs/providers/full/register-onchain.mdx exists and is in docs.json nav	-	script	yes									
C0935-d773c401	P0	docs/providers/full/aws.mdx	148	external_url	https://active.mor.org/status	0	Now register your provider and bid following [Register on chain](/providers/full/register-onchain) — look up an existing model on [active.mor.org](https://active.mor.org/status) first; use [MyProvider		UNVERIFIABLE-IN-REPO	external URL — out of scope (in-repo reach)	-	script	yes									
C0936-154d1b66	P0	docs/providers/full/aws.mdx	148	doc_link	/providers/full/myprovider-gui	0	Now register your provider and bid following [Register on chain](/providers/full/register-onchain) — look up an existing model on [active.mor.org](https://active.mor.org/status) first; use [MyProvider		TRUE	docs/providers/full/myprovider-gui.mdx exists and is in docs.json nav	-	script	yes									
C0937-52be77b3	P0	docs/providers/full/aws.mdx	154	repo_path	0.0.0.0/0	0	- **Security groups.** Never expose port `8080` (LLM) or `8082` (admin API) to `0.0.0.0/0`. Only `3333` is meant to be public.		UNVERIFIABLE-IN-REPO	looks like an external owner/repo reference	-	script	yes									
C0938-18ce98a6	P0	docs/providers/full/aws.mdx	155	doc_link	/providers/full/headless	0	- **TLS for `:8082`.** Put a reverse proxy (nginx, Caddy, ALB) in front of `:8082` if operators need to reach it from outside the VPC. See [Headless operation](/providers/full/headless).		TRUE	docs/providers/full/headless.mdx exists and is in docs.json nav	-	script	yes									
C0939-ebeb73e5	P0	docs/providers/full/aws.mdx	159	doc_link	/providers/full/secretvm-quickstart	0	For a TEE-attested provider, AWS EC2 alone is not enough — you need a confidential VM (Intel TDX or AMD SEV-SNP) and a hardened image. Use [SecretVM](/providers/full/secretvm-quickstart) instead of ba		TRUE	docs/providers/full/secretvm-quickstart.mdx exists and is in docs.json nav	-	script	yes									
C0940-c2ac4267	P0	docs/providers/full/aws.mdx	163	doc_link	/providers/full/proxy-router-docker	0	- [Docker provider](/providers/full/proxy-router-docker)		TRUE	docs/providers/full/proxy-router-docker.mdx exists and is in docs.json nav	-	script	yes									
C0941-dd96ec26	P0	docs/providers/full/aws.mdx	164	doc_link	/providers/full/proxy-router-akash	0	- [Akash provider](/providers/full/proxy-router-akash)		TRUE	docs/providers/full/proxy-router-akash.mdx exists and is in docs.json nav	-	script	yes									
C0942-c2be30c1	P0	docs/providers/full/aws.mdx	165	doc_link	/providers/full/secretvm-quickstart	0	- [SecretVM TEE provider](/providers/full/secretvm-quickstart)		TRUE	docs/providers/full/secretvm-quickstart.mdx exists and is in docs.json nav	-	script	yes									
C0943-46a55ec0	P0	docs/providers/full/aws.mdx	166	doc_link	/providers/full/headless	0	- [Headless operation](/providers/full/headless)		TRUE	docs/providers/full/headless.mdx exists and is in docs.json nav	-	script	yes									
C0944-fa116680	P0	docs/providers/full/aws.mdx	167	doc_link	/providers/full/register-onchain	0	- [Register on chain](/providers/full/register-onchain)		TRUE	docs/providers/full/register-onchain.mdx exists and is in docs.json nav	-	script	yes									
C0945-ada75e7a	P0	docs/providers/full/headless.mdx	6	last_verified	v7.0.0	0	last_verified: "v7.0.0"		TRUE	tag v7.0.0 exists in this repo	-	script	yes									
C0946-194abb9b	P0	docs/providers/full/headless.mdx	1	frontmatter_keys	title,description,audience,product,last_verified	0	frontmatter keys: title, description, audience, product, last_verified		TRUE	title and description present	-	script	yes									
C0947-69c4800c	P0	docs/providers/full/headless.mdx	11	doc_link	/providers/full/myprovider-gui	0	For day-to-day registration and bidding against that headless node, prefer [MyProvider](/providers/full/myprovider-gui) (HTTPS admin URL or desktop/local app) over hand-editing Swagger — especially af		TRUE	docs/providers/full/myprovider-gui.mdx exists and is in docs.json nav	-	script	yes									
C0948-7123ba15	P0	docs/providers/full/headless.mdx	11	external_url	https://active.mor.org/status	0	For day-to-day registration and bidding against that headless node, prefer [MyProvider](/providers/full/myprovider-gui) (HTTPS admin URL or desktop/local app) over hand-editing Swagger — especially af		UNVERIFIABLE-IN-REPO	external URL — out of scope (in-repo reach)	-	script	yes									
C0949-37df128c	P0	docs/providers/full/headless.mdx	30	runtime_path	/etc/systemd/system/morpheus-proxy-router.service	0	Create `/etc/systemd/system/morpheus-proxy-router.service`:		N/A	runtime/OS path — not expected to exist in the repo	-	script	yes									
C0950-d8a26c65	P0	docs/providers/full/headless.mdx	55	doc_link	/providers/full/proxy-router-docker	0	See [Docker provider](/providers/full/proxy-router-docker) and use the published `ghcr.io/morpheusais/morpheus-lumerin-node:latest` image with `restart: unless-stopped`.		TRUE	docs/providers/full/proxy-router-docker.mdx exists and is in docs.json nav	-	script	yes									
C0951-072928ae	P0	docs/providers/full/headless.mdx	58	doc_link	/providers/full/secretvm-quickstart	0	For TEE-hardened headless operation, use SecretVM — see [SecretVM quickstart](/providers/full/secretvm-quickstart). The container is automatically supervised by the VM.		TRUE	docs/providers/full/secretvm-quickstart.mdx exists and is in docs.json nav	-	script	yes									
C0952-c405b3d1	P0	docs/providers/full/headless.mdx	64	doc_link	/reference/api-auth	0	Set strong credentials in the `.cookie` file (or `COOKIE_CONTENT` env in TEE/Akash deployments). For multi-user access (e.g. `agent` accounts with restricted whitelists), see [API auth](/reference/api		TRUE	docs/reference/api-auth.mdx exists and is in docs.json nav	-	script	yes									
C0953-e878364f	P0	docs/providers/full/headless.mdx	64	env	COOKIE_CONTENT	0	Set strong credentials in the `.cookie` file (or `COOKIE_CONTENT` env in TEE/Akash deployments). For multi-user access (e.g. `agent` accounts with restricted whitelists), see [API auth](/reference/api		TRUE	proxy-router/internal/config/config.go:72	-	script	yes									
C0954-aed1ba98	P0	docs/providers/full/headless.mdx	69	runtime_path	./data/	0	- The `./data/` directory persists Badger state and runtime files — back this up.		N/A	runtime/OS path — not expected to exist in the repo	-	script	yes									
C0955-0f2a072c	P0	docs/providers/full/headless.mdx	85	api_path	/healthcheck	0	4. Confirm `/healthcheck` and Swagger respond. Confirm the proxy-router log shows the expected version.		TRUE	proxy-router/docs/swagger.yaml:2471	-	script	yes									
C0956-1a2253e3	P0	docs/providers/full/model-health.mdx	6	last_verified	v7.4.0	0	last_verified: "v7.4.0"		TRUE	tag v7.4.0 exists in this repo	-	script	yes									
C0957-8926a65e	P0	docs/providers/full/model-health.mdx	1	frontmatter_keys	title,description,audience,product,last_verified	0	frontmatter keys: title, description, audience, product, last_verified		TRUE	title and description present	-	script	yes									
C0958-9d501e57	P0	docs/providers/full/model-health.mdx	9	doc_link	/providers/full/verify-setup	0	Since v7.4.0 every provider proxy-router continuously verifies that the models it sells actually work, and publishes the result as a `models` array on its `/healthcheck` endpoint. This page is the ope		TRUE	docs/providers/full/verify-setup.mdx exists and is in docs.json nav	-	script	yes									
C0959-a851f128	P0	docs/providers/full/model-health.mdx	9	api_path	/healthcheck	0	Since v7.4.0 every provider proxy-router continuously verifies that the models it sells actually work, and publishes the result as a `models` array on its `/healthcheck` endpoint. This page is the ope		TRUE	proxy-router/docs/swagger.yaml:2471	-	script	yes									
C0960-427372cb	P0	docs/providers/full/model-health.mdx	12	env	MODEL_HEALTH_CHECK_PROBE_DELAY	0	The `httpStatus` and `modelName` report fields, the `rate_limited` error kind, probe pacing (`MODEL_HEALTH_CHECK_PROBE_DELAY`), and the manual `POST /healthcheck/models/refresh` trigger were added in		TRUE	proxy-router/internal/config/config.go:81	-	script	yes									
C0961-fa3f8f02	P0	docs/providers/full/model-health.mdx	12	env	SESSION_HEALTH_POLICY	0	The `httpStatus` and `modelName` report fields, the `rate_limited` error kind, probe pacing (`MODEL_HEALTH_CHECK_PROBE_DELAY`), and the manual `POST /healthcheck/models/refresh` trigger were added in		TRUE	proxy-router/internal/config/config.go:87	-	script	yes									
C0962-ceede9ad	P0	docs/providers/full/model-health.mdx	26	doc_link	/providers/full/verify-setup	0	1. **The probe validates your backend wiring, not your public path.** It goes straight from the proxy-router to the `apiUrl` in `models-config.json` — it does not traverse `:3333`, sessions, or the ma		TRUE	docs/providers/full/verify-setup.mdx exists and is in docs.json nav	-	script	yes									
C0963-927e7da5	P0	docs/providers/full/model-health.mdx	33	env	MODEL_HEALTH_CHECK_DISABLED	0	| `MODEL_HEALTH_CHECK_DISABLED` | `false` | Set `true` to disable the loop entirely; the `models` field disappears from `/healthcheck` |		TRUE	proxy-router/internal/config/config.go:78	-	script	yes									
C0964-55bb30b3	P0	docs/providers/full/model-health.mdx	33	api_path	/healthcheck	0	| `MODEL_HEALTH_CHECK_DISABLED` | `false` | Set `true` to disable the loop entirely; the `models` field disappears from `/healthcheck` |		TRUE	proxy-router/docs/swagger.yaml:2471	-	script	yes									
C0965-1d4ccbb7	P0	docs/providers/full/model-health.mdx	34	env	MODEL_HEALTH_CHECK_INTERVAL	0	| `MODEL_HEALTH_CHECK_INTERVAL` | `1h` | How often the full sweep runs; results are cached between sweeps |		TRUE	proxy-router/internal/config/config.go:79	-	script	yes									
C0966-35ce58f3	P0	docs/providers/full/model-health.mdx	35	env	MODEL_HEALTH_CHECK_TIMEOUT	0	| `MODEL_HEALTH_CHECK_TIMEOUT` | `60s` | Per-model probe timeout; slower probes report `errorKind: timeout` |		TRUE	proxy-router/internal/config/config.go:80	-	script	yes									
C0967-dc7bc8a5	P0	docs/providers/full/model-health.mdx	36	env	MODEL_HEALTH_CHECK_PROBE_DELAY	0	| `MODEL_HEALTH_CHECK_PROBE_DELAY` | `2s` | Pause between consecutive probes within a sweep |		TRUE	proxy-router/internal/config/config.go:81	-	script	yes									
C0968-c19ff046	P0	docs/providers/full/model-health.mdx	37	env	MODEL_HEALTH_MAX_CONSECUTIVE_ERRORS	0	| `MODEL_HEALTH_MAX_CONSECUTIVE_ERRORS` | `3` | Consecutive real-session prompt failures after which a model is flipped to `unhealthy` immediately, without waiting for the next sweep |		TRUE	proxy-router/internal/config/config.go:82	-	script	yes									
C0969-47ae2ce9	P0	docs/providers/full/model-health.mdx	39	doc_link	/reference/env-proxy-router	0	Full env reference: [env-proxy-router](/reference/env-proxy-router).		TRUE	docs/reference/env-proxy-router.mdx exists and is in docs.json nav	-	script	yes									
C0970-28e8a431	P0	docs/providers/full/model-health.mdx	45	env	MODEL_HEALTH_MAX_CONSECUTIVE_ERRORS	0	- **Consecutive session errors.** When prompts from open sessions fail against your backend (connection error, upstream `5xx`, `401`/`402`/`404`, `429`) `MODEL_HEALTH_MAX_CONSECUTIVE_ERRORS` times in		TRUE	proxy-router/internal/config/config.go:82	-	script	yes									
C0971-e49785c0	P0	docs/providers/full/model-health.mdx	48	doc_link	/reference/env-proxy-router	0	Consumers use this report **before opening a session**: the pre-open healthcheck ping reads the pong's `models` array and skips providers that self-report the bid's model as `unhealthy`, `tee_unverifi		TRUE	docs/reference/env-proxy-router.mdx exists and is in docs.json nav	-	script	yes									
C0972-43913628	P0	docs/providers/full/model-health.mdx	48	env	SESSION_HEALTH_POLICY	0	Consumers use this report **before opening a session**: the pre-open healthcheck ping reads the pong's `models` array and skips providers that self-report the bid's model as `unhealthy`, `tee_unverifi		TRUE	proxy-router/internal/config/config.go:87	-	script	yes									
C0973-a30caff3	P0	docs/providers/full/model-health.mdx	54	env	MODEL_HEALTH_CHECK_INTERVAL	0	- **Every probe is a real completion against your upstream.** With 65 models on an hourly sweep that is ~1,560 tiny (≈10-token) completions per day. Against a metered upstream this is real but usually		TRUE	proxy-router/internal/config/config.go:79	-	script	yes									
C0974-78533392	P0	docs/providers/full/model-health.mdx	61	port	8082	1	curl -s http://localhost:8082/healthcheck | jq '.models'		TRUE	ui-desktop/.env.example:33 (PROXY_WEB_DEFAULT_PORT)	-	script	yes									
C0975-5f8301ce	P0	docs/providers/full/model-health.mdx	61	api_path	/healthcheck	1	curl -s http://localhost:8082/healthcheck | jq '.models'		TRUE	proxy-router/docs/swagger.yaml:2471	-	script	yes									
C0976-6ce0b230	P0	docs/providers/full/model-health.mdx	97	env	MODEL_HEALTH_CHECK_TIMEOUT	0	| `timeout` | — | Backend reachable but slower than `MODEL_HEALTH_CHECK_TIMEOUT` |		TRUE	proxy-router/internal/config/config.go:80	-	script	yes									
C0977-67b72c90	P0	docs/providers/full/model-health.mdx	114	port	8082	1	curl -s -X POST -u 'admin:yourpassword' http://localhost:8082/healthcheck/models/refresh		TRUE	ui-desktop/.env.example:33 (PROXY_WEB_DEFAULT_PORT)	-	script	yes									
C0978-4e23ea8c	P0	docs/providers/full/model-health.mdx	114	api_path	/healthcheck/models/refresh	1	curl -s -X POST -u 'admin:yourpassword' http://localhost:8082/healthcheck/models/refresh		TRUE	proxy-router/docs/swagger.yaml:2484	-	script	yes									
C0979-a7bdc05a	P0	docs/providers/full/model-health.mdx	122	doc_link	/providers/full/verify-setup	0	**The probe result can differ from what consumers experience.** The probe hits the backend directly. If it's `healthy` but consumers report failures, the problem is in front: `:3333` reachability, on-		TRUE	docs/providers/full/verify-setup.mdx exists and is in docs.json nav	-	script	yes									
C0980-8cbbfdd9	P0	docs/providers/full/model-health.mdx	124	api_path	/healthcheck	0	**Checking your node from the outside.** `/healthcheck` lives on the `:8082` admin API, which must **not** be exposed publicly. To read a provider's self-report remotely, ask any C-Node to relay it ov		TRUE	proxy-router/docs/swagger.yaml:2471	-	script	yes									
C0981-b923fb93	P0	docs/providers/full/model-health.mdx	132	api_path	/blockchain/providers	0	Use the provider's **own registered wallet and endpoint** exactly as they appear on-chain (`/blockchain/providers`) — a mismatched pair fails signature verification.		TRUE	proxy-router/docs/swagger.yaml:1731	-	script	yes									
C0982-6f541394	P0	docs/providers/full/model-health.mdx	137	port	8082	1	curl -s http://localhost:8082/healthcheck \		TRUE	ui-desktop/.env.example:33 (PROXY_WEB_DEFAULT_PORT)	-	script	yes									
C0983-2b510f15	P0	docs/providers/full/model-health.mdx	137	api_path	/healthcheck	1	curl -s http://localhost:8082/healthcheck \		TRUE	proxy-router/docs/swagger.yaml:2471	-	script	yes									
C0984-64902d37	P0	docs/providers/full/model-health.mdx	143	repo_path	errorKind/httpStatus	0	If most rows share one `errorKind/httpStatus` (say `bad_response/402`), you have one upstream problem, not N model problems.		UNVERIFIABLE-IN-REPO	looks like an external owner/repo reference	-	script	yes									
C0985-12531914	P0	docs/providers/full/model-health.mdx	143	repo_path	bad_response/402	0	If most rows share one `errorKind/httpStatus` (say `bad_response/402`), you have one upstream problem, not N model problems.		UNVERIFIABLE-IN-REPO	looks like an external owner/repo reference	-	script	yes									
C0986-68fa34df	P0	docs/providers/full/model-setup.mdx	6	last_verified	v7.7.0	0	last_verified: "v7.7.0"		UNVERIFIABLE-IN-REPO	no tag v7.7.0 in this repo (282 tags; highest release tag v7.5.0) — may exist upstream	-	script	yes									
C0987-27390bc3	P0	docs/providers/full/model-setup.mdx	1	frontmatter_keys	title,description,audience,product,last_verified,source	0	frontmatter keys: title, description, audience, product, last_verified, source		TRUE	title and description present	-	script	yes									
C0988-1e7c56d8	P0	docs/providers/full/model-setup.mdx	10	doc_link	/reference/models-config	0	The Morpheus proxy-router does **not** run inference itself. It forwards prompts to whatever OpenAI-compatible HTTP endpoint you point it at via [`models-config.json`](/reference/models-config). That		TRUE	docs/reference/models-config.mdx exists and is in docs.json nav	-	script	yes									
C0989-8b1114b9	P0	docs/providers/full/model-setup.mdx	29	doc_link	/providers/resale/overview	0	Front Venice / OpenAI / Anthropic via `apiUrl` + `apiKey` in `models-config.json`. See [Resale provider](/providers/resale/overview).		TRUE	docs/providers/resale/overview.mdx exists and is in docs.json nav	-	script	yes									
C0990-f5647537	P0	docs/providers/full/model-setup.mdx	36	api_path	/v1/chat/completions	0	- LLM: `/v1/chat/completions`		TRUE	proxy-router/docs/swagger.yaml:2891	-	script	yes									
C0991-d662a8bc	P0	docs/providers/full/model-setup.mdx	37	api_path	/v1/embeddings	0	- Embeddings: `/v1/embeddings`		TRUE	proxy-router/docs/swagger.yaml:3008	-	script	yes									
C0992-599d00b2	P0	docs/providers/full/model-setup.mdx	38	api_path	/v1/audio/transcriptions	0	- STT: `/v1/audio/transcriptions`		TRUE	proxy-router/docs/swagger.yaml:2839	-	script	yes									
C0993-ce27a68c	P0	docs/providers/full/model-setup.mdx	39	api_path	/v1/audio/speech	0	- TTS: `/v1/audio/speech`		TRUE	proxy-router/docs/swagger.yaml:2802	-	script	yes									
C0994-74fae559	P0	docs/providers/full/model-setup.mdx	45	external_url	https://tech.mor.org	0	There is no one-size-fits-all sizing — start by measuring on your own hardware. The [`tech.mor.org` calculators](https://tech.mor.org) help estimate revenue and tokens-per-second across hardware tiers		UNVERIFIABLE-IN-REPO	external URL — out of scope (in-repo reach)	-	script	yes									
C0995-7ce9ec4e	P0	docs/providers/full/model-setup.mdx	45	doc_link	/ecosystem/tech-mor-org	0	There is no one-size-fits-all sizing — start by measuring on your own hardware. The [`tech.mor.org` calculators](https://tech.mor.org) help estimate revenue and tokens-per-second across hardware tiers		TRUE	docs/ecosystem/tech-mor-org.mdx exists and is in docs.json nav	-	script	yes									
C0996-3f4ebefc	P0	docs/providers/full/model-setup.mdx	50	doc_link	/concepts/tee-overview	0	- [TEE overview](/concepts/tee-overview)		TRUE	docs/concepts/tee-overview.mdx exists and is in docs.json nav	-	script	yes									
C0997-614d8f2b	P0	docs/providers/full/model-setup.mdx	51	doc_link	/providers/full/tee-reference	0	- [TEE reference](/providers/full/tee-reference)		TRUE	docs/providers/full/tee-reference.mdx exists and is in docs.json nav	-	script	yes									
C0998-27c3f526	P0	docs/providers/full/model-setup.mdx	52	doc_link	/providers/full/tee-backend-verification	0	- Backend-side developer reference: [TEE backend verification](/providers/full/tee-backend-verification) (and [SEV verification](/providers/full/sev-verification) for AMD SEV-SNP backends)		TRUE	docs/providers/full/tee-backend-verification.mdx exists and is in docs.json nav	-	script	yes									
C0999-74e4e68c	P0	docs/providers/full/model-setup.mdx	52	doc_link	/providers/full/sev-verification	0	- Backend-side developer reference: [TEE backend verification](/providers/full/tee-backend-verification) (and [SEV verification](/providers/full/sev-verification) for AMD SEV-SNP backends)		TRUE	docs/providers/full/sev-verification.mdx exists and is in docs.json nav	-	script	yes									
C1000-388a8a08	P0	docs/providers/full/myprovider-gui.mdx	6	last_verified	v7.5.0	0	last_verified: "v7.5.0"		TRUE	tag v7.5.0 exists in this repo	-	script	yes									
C1001-341f0f33	P0	docs/providers/full/myprovider-gui.mdx	1	frontmatter_keys	title,description,audience,product,last_verified,source_url	0	frontmatter keys: title, description, audience, product, last_verified, source_url		TRUE	title and description present	-	script	yes									
C1002-effa06e5	P0	docs/providers/full/myprovider-gui.mdx	10	external_url	https://myprovider.mor.org	0	[MyProvider](https://myprovider.mor.org) is the hosted operator GUI for Morpheus providers. It talks to **your** proxy-router over HTTP Basic Auth (same credentials as Swagger) and wraps the blockchai		UNVERIFIABLE-IN-REPO	external URL — out of scope (in-repo reach)	-	script	yes									
C1003-868b4ac9	P0	docs/providers/full/myprovider-gui.mdx	12	doc_link	/providers/full/secretvm-quickstart	0	Use it as the default path for first-time registration and day-to-day bid/config work — especially on [SecretVM](/providers/full/secretvm-quickstart), where the node already exposes HTTPS on port 443.		TRUE	docs/providers/full/secretvm-quickstart.mdx exists and is in docs.json nav	-	script	yes									
C1004-48eb7cf0	P0	docs/providers/full/myprovider-gui.mdx	15	doc_link	/providers/full/register-onchain	0	This page describes MyProvider behavior including the onboarding wizard (active.mor.org lookup, SecretVM 5-secret export, Venice Diem presets). When in doubt, defer to the live app and [Register on ch		TRUE	docs/providers/full/register-onchain.mdx exists and is in docs.json nav	-	script	yes									
C1005-46299b60	P0	docs/providers/full/myprovider-gui.mdx	20	external_url	https://myprovider.mor.org	0	1. Open [myprovider.mor.org](https://myprovider.mor.org) — use **New provider onboarding** (no node connection required yet).		UNVERIFIABLE-IN-REPO	external URL — out of scope (in-repo reach)	-	script	yes									
C1006-2425095c	P0	docs/providers/full/myprovider-gui.mdx	22	external_url	https://active.mor.org/status	0	3. **Look up** the model on [active.mor.org](https://active.mor.org/status) inside the wizard — copy an existing `Id` when possible.		UNVERIFIABLE-IN-REPO	external URL — out of scope (in-repo reach)	-	script	yes									
C1007-2ae86c40	P0	docs/providers/full/myprovider-gui.mdx	23	env	MODELS_CONFIG_CONTENT	0	4. Fill wallet / RPC / admin password and **copy secrets** (`MODELS_CONFIG_CONTENT` value for SecretVM, or a full 5-secret bundle).		TRUE	proxy-router/internal/config/config.go:68	-	script	yes									
C1008-450dc7ab	P0	docs/providers/full/myprovider-gui.mdx	26	env	MODELS_CONFIG_CONTENT	0	7. Use **Model Configuration Sync** if you need to re-export `MODELS_CONFIG_CONTENT` after bidding.		TRUE	proxy-router/internal/config/config.go:68	-	script	yes									
C1009-070f0f31	P0	docs/providers/full/myprovider-gui.mdx	27	doc_link	/providers/full/verify-setup	0	8. **Verify** with [Verify your provider setup](/providers/full/verify-setup).		TRUE	docs/providers/full/verify-setup.mdx exists and is in docs.json nav	-	script	yes									
C1010-a701b60f	P0	docs/providers/full/myprovider-gui.mdx	37	env	MODELS_CONFIG_CONTENT	0	| Craft SecretVM 5 secrets + `MODELS_CONFIG_CONTENT` value | Yes |		TRUE	proxy-router/internal/config/config.go:68	-	script	yes									
C1011-c6c8d56a	P0	docs/providers/full/myprovider-gui.mdx	54	env	COOKIE_CONTENT	0	2. Enter the admin username/password from `.cookie` / `COOKIE_CONTENT`.		TRUE	proxy-router/internal/config/config.go:72	-	script	yes									
C1012-621cdfd4	P0	docs/providers/full/myprovider-gui.mdx	59	external_url	https://myprovider.mor.org	0	The hosted app at [myprovider.mor.org](https://myprovider.mor.org) can only call **HTTPS** proxy-router APIs (browser mixed-content rules).		UNVERIFIABLE-IN-REPO	external URL — out of scope (in-repo reach)	-	script	yes									
C1013-f1a39eb3	P0	docs/providers/full/myprovider-gui.mdx	65	npm_script	dev	0	| HTTP-only `:8082` | Use the [desktop release](https://github.com/MorpheusAIs/Morpheus-MyProvider/releases) or run `npm run dev` locally and connect to `http://…:8082` |		TRUE	docs/package.json scripts.dev (+1 more)	-	script	yes									
C1014-26502c1a	P0	docs/providers/full/myprovider-gui.mdx	65	external_url	https://github.com/MorpheusAIs/Morpheus-MyProvider/releases	0	| HTTP-only `:8082` | Use the [desktop release](https://github.com/MorpheusAIs/Morpheus-MyProvider/releases) or run `npm run dev` locally and connect to `http://…:8082` |		UNVERIFIABLE-IN-REPO	external URL — out of scope (in-repo reach)	-	script	yes									
C1015-66e16bbc	P0	docs/providers/full/myprovider-gui.mdx	74	doc_link	/reference/api-endpoints	0	| Bulk / scripted bid updates | API ([endpoints reference](/reference/api-endpoints)) |		TRUE	docs/reference/api-endpoints.mdx exists and is in docs.json nav	-	script	yes									
C1016-e0265f1b	P0	docs/providers/full/myprovider-gui.mdx	75	external_url	https://secretai.scrtlabs.com/attestation	0	| TEE attestation inspection | [SecretVM portal](https://secretai.scrtlabs.com/attestation) + cosign |		UNVERIFIABLE-IN-REPO	external URL — out of scope (in-repo reach)	-	script	yes									
C1017-d0deeb8c	P0	docs/providers/full/myprovider-gui.mdx	84	external_url	https://myprovider.mor.org/llms.txt	0	| [/llms.txt](https://myprovider.mor.org/llms.txt) | Index + hard rules |		UNVERIFIABLE-IN-REPO	external URL — out of scope (in-repo reach)	-	script	yes									
C1018-d6922fcf	P0	docs/providers/full/myprovider-gui.mdx	85	external_url	https://myprovider.mor.org/llms-full.txt	0	| [/llms-full.txt](https://myprovider.mor.org/llms-full.txt) | One-shot install → bid recipe |		UNVERIFIABLE-IN-REPO	external URL — out of scope (in-repo reach)	-	script	yes									
C1019-5665b346	P0	docs/providers/full/myprovider-gui.mdx	86	external_url	https://myprovider.mor.org/AGENTS.md	0	| [/AGENTS.md](https://myprovider.mor.org/AGENTS.md) | Agent rules |		UNVERIFIABLE-IN-REPO	external URL — out of scope (in-repo reach)	-	script	yes									
C1020-13623ce5	P0	docs/providers/full/myprovider-gui.mdx	87	external_url	https://myprovider.mor.org/onboarding.md	0	| [/onboarding.md](https://myprovider.mor.org/onboarding.md) | Deploy-path steps |		UNVERIFIABLE-IN-REPO	external URL — out of scope (in-repo reach)	-	script	yes									
C1021-a9b14615	P0	docs/providers/full/myprovider-gui.mdx	89	external_url	https://nodedocs.mor.org/llms-full.txt	0	For protocol depth, agents should use [nodedocs llms-full](https://nodedocs.mor.org/llms-full.txt) or MCP `https://nodedocs.mor.org/mcp`. Live models/prices: [active.mor.org](https://active.mor.org/st		UNVERIFIABLE-IN-REPO	external URL — out of scope (in-repo reach)	-	script	yes									
C1022-30417018	P0	docs/providers/full/myprovider-gui.mdx	89	external_url	https://active.mor.org/status	0	For protocol depth, agents should use [nodedocs llms-full](https://nodedocs.mor.org/llms-full.txt) or MCP `https://nodedocs.mor.org/mcp`. Live models/prices: [active.mor.org](https://active.mor.org/st		UNVERIFIABLE-IN-REPO	external URL — out of scope (in-repo reach)	-	script	yes									
C1023-2059838c	P0	docs/providers/full/myprovider-gui.mdx	93	doc_link	/providers/full/register-onchain	0	- [Register on chain](/providers/full/register-onchain) — discover → bid (canonical steps)		TRUE	docs/providers/full/register-onchain.mdx exists and is in docs.json nav	-	script	yes									
C1024-a6790379	P0	docs/providers/full/myprovider-gui.mdx	94	doc_link	/providers/full/secretvm-quickstart	0	- [SecretVM quickstart](/providers/full/secretvm-quickstart) — MyProvider-first TEE path		TRUE	docs/providers/full/secretvm-quickstart.mdx exists and is in docs.json nav	-	script	yes									
C1025-8d60723c	P0	docs/providers/full/myprovider-gui.mdx	95	doc_link	/providers/resale/reselling-venice	0	- [Reselling Venice (Diem)](/providers/resale/reselling-venice) — Diem → Morpheus income path		TRUE	docs/providers/resale/reselling-venice.mdx exists and is in docs.json nav	-	script	yes									
C1026-8e7a99a6	P0	docs/providers/full/myprovider-gui.mdx	96	doc_link	/ecosystem/active-status	0	- [active.mor.org](/ecosystem/active-status) — live models and prices		TRUE	docs/ecosystem/active-status.mdx exists and is in docs.json nav	-	script	yes									
C1027-2ff2cc9c	P0	docs/providers/full/myprovider-gui.mdx	97	doc_link	/reference/api-endpoints	0	- [API endpoints](/reference/api-endpoints) — direct equivalents		TRUE	docs/reference/api-endpoints.mdx exists and is in docs.json nav	-	script	yes									
C1028-2e05695a	P0	docs/providers/full/pricing.mdx	6	last_verified	v7.5.0	0	last_verified: "v7.5.0"		TRUE	tag v7.5.0 exists in this repo	-	script	yes									
C1029-60784a6d	P0	docs/providers/full/pricing.mdx	1	frontmatter_keys	title,description,audience,product,last_verified	0	frontmatter keys: title, description, audience, product, last_verified		TRUE	title and description present	-	script	yes									
C1030-e3b7fe5c	P0	docs/providers/full/pricing.mdx	12	doc_link	/inference-api/overview	0	This page is for the **provider** side — pricing for the on-chain bid. Pricing for **consumers** of the [hosted Inference API](/inference-api/overview) is a different layer (per-token billing on top o		TRUE	docs/inference-api/overview.mdx exists and is in docs.json nav	-	script	yes									
C1031-029863b9	P0	docs/providers/full/pricing.mdx	12	external_url	https://apidocs.mor.org	0	This page is for the **provider** side — pricing for the on-chain bid. Pricing for **consumers** of the [hosted Inference API](/inference-api/overview) is a different layer (per-token billing on top o		UNVERIFIABLE-IN-REPO	external URL — out of scope (in-repo reach)	-	script	yes									
C1032-b55a78d9	P0	docs/providers/full/pricing.mdx	51	repo_path	MOR/sec	0	- If `1 MOR ≈ $X` (look up live), then `1 MOR/sec ≈ $X/sec`. Convert your `$/sec` into `MOR/sec` via that rate.		UNVERIFIABLE-IN-REPO	looks like an external owner/repo reference	-	script	yes									
C1033-f27495ee	P0	docs/providers/full/pricing.mdx	54	doc_link	/providers/resale/registering-bid	0	For a resale provider, replace hardware cost with **upstream API cost** — e.g. Venice subscription `$X/month` divided by your expected utilised seconds. See [Resale registering-bid](/providers/resale/		TRUE	docs/providers/resale/registering-bid.mdx exists and is in docs.json nav	-	script	yes									
C1034-3d8e8010	P0	docs/providers/full/pricing.mdx	59	port	8082	1	curl -X POST 'http://localhost:8082/blockchain/bids' \		TRUE	ui-desktop/.env.example:33 (PROXY_WEB_DEFAULT_PORT)	-	script	yes									
C1035-0921543b	P0	docs/providers/full/pricing.mdx	59	api_path	/blockchain/bids	1	curl -X POST 'http://localhost:8082/blockchain/bids' \		TRUE	proxy-router/docs/swagger.yaml:1458	-	script	yes									
C1036-4b7c2af0	P0	docs/providers/full/pricing.mdx	77	doc_link	/concepts/architecture	0	- **Provider reputation signals**. Even at the right price, low uptime / poor TTFT / failed sessions tank your match rate. See the [reputation system](/concepts/architecture#reputation-and-provider-se		TRUE	docs/concepts/architecture.mdx exists and is in docs.json nav	-	script	yes									
C1037-d4cafe64	P0	docs/providers/full/pricing.mdx	78	doc_link	/providers/full/verify-setup	0	- **Active rate from `active_bids.json`**. If your bid disappears from the snapshot, your `:3333` is no longer reachable to the verifier — see [verify-setup](/providers/full/verify-setup).		TRUE	docs/providers/full/verify-setup.mdx exists and is in docs.json nav	-	script	yes									
C1038-8da08859	P0	docs/providers/full/pricing.mdx	82	external_url	https://github.com/MorpheusAIs/Morpheus-Lumerin-Node/blob/main/smart-contracts/contracts/diamond/facets/Marketplace.sol	0	Every time you call `postModelBid`, the marketplace charges a non-refundable **`marketplaceBidFee = 0.3 MOR`** ([`Marketplace.sol`](https://github.com/MorpheusAIs/Morpheus-Lumerin-Node/blob/main/smart		UNVERIFIABLE-IN-REPO	external URL — out of scope (in-repo reach)	-	script	yes									
C1039-8390c410	P0	docs/providers/full/pricing.mdx	88	doc_link	/providers/full/quickstart	0	If you post → tweak → post → tweak → … six times during configuration, you've paid `~1.8 MOR` in non-refundable bid fees, plus gas. That's the most common reason new providers see "I lost ~2 MOR durin		TRUE	docs/providers/full/quickstart.mdx exists and is in docs.json nav	-	script	yes									
C1040-a2674df2	P0	docs/providers/full/pricing.mdx	92	external_url	https://mor.org	0	That's a **different product** — the Capital Contract / stake-for-liquidity program documented at [mor.org](https://mor.org). It is **not** the same as provider session payouts and is unrelated to you		UNVERIFIABLE-IN-REPO	external URL — out of scope (in-repo reach)	-	script	yes									
C1041-dca237c0	P0	docs/providers/full/pricing.mdx	92	doc_link	/concepts/tokens-and-fees	0	That's a **different product** — the Capital Contract / stake-for-liquidity program documented at [mor.org](https://mor.org). It is **not** the same as provider session payouts and is unrelated to you		TRUE	docs/concepts/tokens-and-fees.mdx exists and is in docs.json nav	-	script	yes									
C1042-7948589c	P0	docs/providers/full/pricing.mdx	99	repo_path	wei/sec	0	- ❌ Token-level pricing (input vs output, context size). Provider-side pricing is `wei/sec` only.		UNVERIFIABLE-IN-REPO	looks like an external owner/repo reference	-	script	yes									
C1043-faf0445a	P0	docs/providers/full/proxy-router-akash.mdx	6	last_verified	v7.0.0	0	last_verified: "v7.0.0"		TRUE	tag v7.0.0 exists in this repo	-	script	yes									
C1044-f3a657c3	P0	docs/providers/full/proxy-router-akash.mdx	1	frontmatter_keys	title,description,audience,product,last_verified,source	0	frontmatter keys: title, description, audience, product, last_verified, source		TRUE	title and description present	-	script	yes									
C1045-f12d81a9	P0	docs/providers/full/proxy-router-akash.mdx	28	env	COOKIE_CONTENT	0	| `COOKIE_CONTENT` | API authentication: `username:password` |		TRUE	proxy-router/internal/config/config.go:72	-	script	yes									
C1046-b3a9e692	P0	docs/providers/full/proxy-router-akash.mdx	29	doc_link	/reference/models-config	0	| `MODELS_CONFIG_CONTENT` | Single-line JSON for model endpoints (see [models-config](/reference/models-config)) |		TRUE	docs/reference/models-config.mdx exists and is in docs.json nav	-	script	yes									
C1047-2eae9d0f	P0	docs/providers/full/proxy-router-akash.mdx	29	env	MODELS_CONFIG_CONTENT	0	| `MODELS_CONFIG_CONTENT` | Single-line JSON for model endpoints (see [models-config](/reference/models-config)) |		TRUE	proxy-router/internal/config/config.go:68	-	script	yes									
C1048-b507b98f	P0	docs/providers/full/proxy-router-akash.mdx	30	env	WALLET_PRIVATE_KEY	0	| `WALLET_PRIVATE_KEY` | For blockchain interactions |		TRUE	proxy-router/internal/config/config.go:48	-	script	yes									
C1049-6131d556	P0	docs/providers/full/proxy-router-akash.mdx	31	doc_link	/reference/env-proxy-router	0	| Plus chain ID, contract addresses, etc. | See [Env: proxy-router](/reference/env-proxy-router) |		TRUE	docs/reference/env-proxy-router.mdx exists and is in docs.json nav	-	script	yes									
C1050-fbdd2704	P0	docs/providers/full/proxy-router-akash.mdx	37	external_url	https://github.com/MorpheusAIs/Morpheus-Lumerin-Node/blob/main/docs/02.2-proxy-router-akash.yml	0	Download and customize [`docs/02.2-proxy-router-akash.yml`](https://github.com/MorpheusAIs/Morpheus-Lumerin-Node/blob/main/docs/02.2-proxy-router-akash.yml). Minimum proxy-router image version: `v2.3.		UNVERIFIABLE-IN-REPO	external URL — out of scope (in-repo reach)	-	script	yes									
C1051-636ecd4e	P0	docs/providers/full/proxy-router-akash.mdx	40	env	COOKIE_CONTENT	0	- API credentials (`COOKIE_CONTENT`)		TRUE	proxy-router/internal/config/config.go:72	-	script	yes									
C1052-f330f09d	P0	docs/providers/full/proxy-router-akash.mdx	41	env	MODELS_CONFIG_CONTENT	0	- `MODELS_CONFIG_CONTENT` (single-line JSON)		TRUE	proxy-router/internal/config/config.go:68	-	script	yes									
C1053-61a1f4d2	P0	docs/providers/full/proxy-router-akash.mdx	49	env	WEB_PUBLIC_URL	0	Update `WEB_PUBLIC_URL` with the provider URL and port. Note both API port (`8082`) and proxy-router port (`3333`). Format: `http://provider.example:port`.		TRUE	proxy-router/internal/config/config.go:107	-	script	yes									
C1054-011374a5	P0	docs/providers/full/proxy-router-akash.mdx	52	env	COOKIE_CONTENT	0	Open `http://provider.example:port/swagger/index.html`. Authenticate with your `COOKIE_CONTENT` credentials. Update the provider endpoint via `POST /blockchain/providers`:		TRUE	proxy-router/internal/config/config.go:72	-	script	yes									
C1055-0095c6d6	P0	docs/providers/full/proxy-router-akash.mdx	59	doc_link	/providers/full/register-onchain	0	Verify with `GET /blockchain/providers`. Continue with model + bid registration in [Register on chain](/providers/full/register-onchain).		TRUE	docs/providers/full/register-onchain.mdx exists and is in docs.json nav	-	script	yes									
C1056-053cb60d	P0	docs/providers/full/proxy-router-akash.mdx	65	external_url	https://github.com/MorpheusAIs/Morpheus-Lumerin-Node/blob/main/docs/images/akash_good_start.png	0	A successful Akash startup looks like the screenshot at [`docs/images/akash_good_start.png`](https://github.com/MorpheusAIs/Morpheus-Lumerin-Node/blob/main/docs/images/akash_good_start.png).		UNVERIFIABLE-IN-REPO	external URL — out of scope (in-repo reach)	-	script	yes									
C1057-f290610a	P0	docs/providers/full/proxy-router-docker.mdx	6	last_verified	v7.0.0	0	last_verified: "v7.0.0"		TRUE	tag v7.0.0 exists in this repo	-	script	yes									
C1058-3041d04b	P0	docs/providers/full/proxy-router-docker.mdx	1	frontmatter_keys	title,description,audience,product,last_verified,source	0	frontmatter keys: title, description, audience, product, last_verified, source		TRUE	title and description present	-	script	yes									
C1059-7e522b5f	P0	docs/providers/full/proxy-router-docker.mdx	14	external_url	https://github.com/orgs/MorpheusAIs/packages?repo_name=Morpheus-Lumerin-Node	0	The official image is on GHCR: `ghcr.io/morpheusais/morpheus-lumerin-node:latest`. Built per release from the main branch. Browse: [MorpheusAIs Packages](https://github.com/orgs/MorpheusAIs/packages?r		UNVERIFIABLE-IN-REPO	external URL — out of scope (in-repo reach)	-	script	yes									
C1060-0d68cc4b	P0	docs/providers/full/proxy-router-docker.mdx	16	doc_link	/providers/full/secretvm-quickstart	0	For TEE-hardened images (`-tee` suffix), see [SecretVM quickstart](/providers/full/secretvm-quickstart) and [TEE reference](/providers/full/tee-reference).		TRUE	docs/providers/full/secretvm-quickstart.mdx exists and is in docs.json nav	-	script	yes									
C1061-ca2bc4bb	P0	docs/providers/full/proxy-router-docker.mdx	16	doc_link	/providers/full/tee-reference	0	For TEE-hardened images (`-tee` suffix), see [SecretVM quickstart](/providers/full/secretvm-quickstart) and [TEE reference](/providers/full/tee-reference).		TRUE	docs/providers/full/tee-reference.mdx exists and is in docs.json nav	-	script	yes									
C1062-e4cc96ac	P0	docs/providers/full/proxy-router-docker.mdx	26	repo_path	/app/data	0	Mount a host directory into `/app/data` so these files persist:		UNVERIFIABLE-IN-REPO	looks like an external owner/repo reference	-	script	yes									
C1063-47f61117	P0	docs/providers/full/proxy-router-docker.mdx	30	doc_link	/reference/env-proxy-router	0	| `proxy-router.env` | Per-[Env reference](/reference/env-proxy-router) |		TRUE	docs/reference/env-proxy-router.mdx exists and is in docs.json nav	-	script	yes									
C1064-92222b05	P0	docs/providers/full/proxy-router-docker.mdx	33	doc_link	/reference/models-config	0	| `models-config.json` | Models served (see [reference](/reference/models-config)) |		TRUE	docs/reference/models-config.mdx exists and is in docs.json nav	-	script	yes									
C1065-d9fcc949	P0	docs/providers/full/proxy-router-docker.mdx	34	doc_link	/reference/rating-config	0	| `rating-config.json` | Provider rating ([reference](/reference/rating-config)) |		TRUE	docs/reference/rating-config.mdx exists and is in docs.json nav	-	script	yes									
C1066-19fa3417	P0	docs/providers/full/proxy-router-docker.mdx	43	shell_var	AUTH_CONFIG_FILE_PATH	1	AUTH_CONFIG_FILE_PATH=/app/data/proxy.conf		TRUE	proxy-router/internal/config/config.go:73 (also a config env var)	-	script	yes									
C1067-cbb46cf9	P0	docs/providers/full/proxy-router-docker.mdx	44	shell_var	COOKIE_FILE_PATH	1	COOKIE_FILE_PATH=/app/data/.cookie		TRUE	proxy-router/internal/config/config.go:71 (also a config env var)	-	script	yes									
C1068-ec978770	P0	docs/providers/full/proxy-router-docker.mdx	45	shell_var	RATING_CONFIG_PATH	1	RATING_CONFIG_PATH=/app/data/rating-config.json		TRUE	proxy-router/internal/config/config.go:69 (also a config env var)	-	script	yes									
C1069-7f301591	P0	docs/providers/full/proxy-router-docker.mdx	46	shell_var	PROXY_STORAGE_PATH	1	PROXY_STORAGE_PATH=/app/data/data		TRUE	proxy-router/internal/config/config.go:62 (also a config env var)	-	script	yes									
C1070-32be3a02	P0	docs/providers/full/proxy-router-docker.mdx	47	shell_var	MODELS_CONFIG_PATH	1	MODELS_CONFIG_PATH=/app/data/models-config.json		TRUE	proxy-router/internal/config/config.go:67 (also a config env var)	-	script	yes									
C1071-ab9ff60b	P0	docs/providers/full/proxy-router-docker.mdx	48	shell_var	ETH_NODE_CHAIN_ID	1	ETH_NODE_CHAIN_ID=8453		TRUE	proxy-router/internal/config/config.go:28 (also a config env var)	-	script	yes									
C1072-a05b261d	P0	docs/providers/full/proxy-router-docker.mdx	49	shell_var	BLOCKSCOUT_API_URL	1	BLOCKSCOUT_API_URL=https://base.blockscout.com/api/v2		TRUE	proxy-router/internal/config/config.go:32 (also a config env var)	-	script	yes									
C1073-3deb5188	P0	docs/providers/full/proxy-router-docker.mdx	50	address	addr#acb3e366	1	DIAMOND_CONTRACT_ADDRESS=0x<redacted>		TRUE	matches an address in .env.example / smart-contracts/deploy/data (value withheld)	-	script	yes									
C1074-4e877a22	P0	docs/providers/full/proxy-router-docker.mdx	50	shell_var	DIAMOND_CONTRACT_ADDRESS	1	DIAMOND_CONTRACT_ADDRESS=0x6aBE1d282f72B474E54527D93b979A4f64d3030a		TRUE	proxy-router/internal/config/config.go:46 (also a config env var)	-	script	yes									
C1075-0553b301	P0	docs/providers/full/proxy-router-docker.mdx	51	address	addr#56f99c5e	1	MOR_TOKEN_ADDRESS=0x<redacted>		TRUE	matches an address in .env.example / smart-contracts/deploy/data (value withheld)	-	script	yes									
C1076-c73ea522	P0	docs/providers/full/proxy-router-docker.mdx	51	shell_var	MOR_TOKEN_ADDRESS	1	MOR_TOKEN_ADDRESS=0x7431aDa8a591C955a994a21710752EF9b882b8e3		TRUE	proxy-router/internal/config/config.go:47 (also a config env var)	-	script	yes									
C1077-08f26faa	P0	docs/providers/full/proxy-router-docker.mdx	52	shell_var	WALLET_PRIVATE_KEY	1	WALLET_PRIVATE_KEY=		TRUE	proxy-router/internal/config/config.go:48 (also a config env var)	-	script	yes									
C1078-2363ba48	P0	docs/providers/full/proxy-router-docker.mdx	56	shell_var	ETH_NODE_ADDRESS	1	ETH_NODE_ADDRESS=		TRUE	proxy-router/internal/config/config.go:29 (also a config env var)	-	script	yes									
C1079-ba83531d	P0	docs/providers/full/proxy-router-docker.mdx	57	shell_var	ETH_NODE_USE_SUBSCRIPTIONS	1	ETH_NODE_USE_SUBSCRIPTIONS=false		TRUE	proxy-router/internal/config/config.go:35 (also a config env var)	-	script	yes									
C1080-162b9004	P0	docs/providers/full/proxy-router-docker.mdx	58	port	3333	1	PROXY_ADDRESS=0.0.0.0:3333		TRUE	proxy-router/.env.example.win:25 (PROXY_ADDRESS)	-	script	yes									
C1081-7be0f56f	P0	docs/providers/full/proxy-router-docker.mdx	58	shell_var	PROXY_ADDRESS	1	PROXY_ADDRESS=0.0.0.0:3333		TRUE	proxy-router/internal/config/config.go:61 (also a config env var)	-	script	yes									
C1082-03cb6146	P0	docs/providers/full/proxy-router-docker.mdx	59	port	8082	1	WEB_ADDRESS=0.0.0.0:8082		TRUE	ui-desktop/.env.example:33 (PROXY_WEB_DEFAULT_PORT)	-	script	yes									
C1083-fdca1262	P0	docs/providers/full/proxy-router-docker.mdx	59	shell_var	WEB_ADDRESS	1	WEB_ADDRESS=0.0.0.0:8082		TRUE	proxy-router/internal/config/config.go:106 (also a config env var)	-	script	yes									
C1084-578273cc	P0	docs/providers/full/proxy-router-docker.mdx	60	shell_var	WEB_PUBLIC_URL	1	WEB_PUBLIC_URL=https://your-public-host.example		TRUE	proxy-router/internal/config/config.go:107 (also a config env var)	-	script	yes									
C1085-0f8de21c	P0	docs/providers/full/proxy-router-docker.mdx	85	address	addr#acb3e366	1	-e DIAMOND_CONTRACT_ADDRESS=0x<redacted> \		TRUE	matches an address in .env.example / smart-contracts/deploy/data (value withheld)	-	script	yes									
C1086-e83d11f0	P0	docs/providers/full/proxy-router-docker.mdx	86	address	addr#56f99c5e	1	-e MOR_TOKEN_ADDRESS=0x<redacted> \		TRUE	matches an address in .env.example / smart-contracts/deploy/data (value withheld)	-	script	yes									
C1087-e241dfc0	P0	docs/providers/full/proxy-router-docker.mdx	90	port	3333	1	-e PROXY_ADDRESS=0.0.0.0:3333 \		TRUE	proxy-router/.env.example.win:25 (PROXY_ADDRESS)	-	script	yes									
C1088-eaac575a	P0	docs/providers/full/proxy-router-docker.mdx	91	port	8082	1	-e WEB_ADDRESS=0.0.0.0:8082 \		TRUE	ui-desktop/.env.example:33 (PROXY_WEB_DEFAULT_PORT)	-	script	yes									
C1089-4b35f5ad	P0	docs/providers/full/proxy-router-docker.mdx	100	env	ETH_NODE_ADDRESS	0	**Set `ETH_NODE_ADDRESS` explicitly.** The proxy-router has a built-in public RPC round-robin fallback. It exists for first-run sanity checks only — for any real provider it is rate-limited and unreli		TRUE	proxy-router/internal/config/config.go:29	-	script	yes									
C1090-e8d03859	P0	docs/providers/full/proxy-router-docker.mdx	126	port	8082	0	- `http://localhost:8082/swagger/index.html` should render. Authenticated routes need **Authorize** with your `.cookie` credentials ([API auth](/reference/api-auth)).		TRUE	ui-desktop/.env.example:33 (PROXY_WEB_DEFAULT_PORT)	-	script	yes									
C1091-4836a265	P0	docs/providers/full/proxy-router-docker.mdx	126	doc_link	/reference/api-auth	0	- `http://localhost:8082/swagger/index.html` should render. Authenticated routes need **Authorize** with your `.cookie` credentials ([API auth](/reference/api-auth)).		TRUE	docs/reference/api-auth.mdx exists and is in docs.json nav	-	script	yes									
C1092-b23c7833	P0	docs/providers/full/proxy-router-docker.mdx	127	doc_link	/providers/full/register-onchain	0	- Continue to [Register on chain](/providers/full/register-onchain).		TRUE	docs/providers/full/register-onchain.mdx exists and is in docs.json nav	-	script	yes									
C1093-40093be8	P0	docs/providers/full/proxy-router-docker.mdx	132	doc_link	/reference/env-proxy-router	0	- Reference docs: [Env: proxy-router](/reference/env-proxy-router), [models-config.json](/reference/models-config), [rating-config.json](/reference/rating-config).		TRUE	docs/reference/env-proxy-router.mdx exists and is in docs.json nav	-	script	yes									
C1094-0af13fc4	P0	docs/providers/full/proxy-router-docker.mdx	132	doc_link	/reference/models-config	0	- Reference docs: [Env: proxy-router](/reference/env-proxy-router), [models-config.json](/reference/models-config), [rating-config.json](/reference/rating-config).		TRUE	docs/reference/models-config.mdx exists and is in docs.json nav	-	script	yes									
C1095-10746795	P0	docs/providers/full/proxy-router-docker.mdx	132	doc_link	/reference/rating-config	0	- Reference docs: [Env: proxy-router](/reference/env-proxy-router), [models-config.json](/reference/models-config), [rating-config.json](/reference/rating-config).		TRUE	docs/reference/rating-config.mdx exists and is in docs.json nav	-	script	yes									
C1096-524b14db	P0	docs/providers/full/quickstart.mdx	6	last_verified	v7.6.0	0	last_verified: "v7.6.0"		UNVERIFIABLE-IN-REPO	no tag v7.6.0 in this repo (282 tags; highest release tag v7.5.0) — may exist upstream	-	script	yes									
C1097-4b0da37e	P0	docs/providers/full/quickstart.mdx	1	frontmatter_keys	title,description,audience,product,last_verified,source	0	frontmatter keys: title, description, audience, product, last_verified, source		TRUE	title and description present	-	script	yes									
C1098-68060c78	P0	docs/providers/full/quickstart.mdx	10	doc_link	/providers/full/secretvm-quickstart	0	This page covers a **non-TEE provider** running on your own infrastructure. For TEE-hardened deployment on SecretVM, see [SecretVM quickstart](/providers/full/secretvm-quickstart). Hosted alternatives		TRUE	docs/providers/full/secretvm-quickstart.mdx exists and is in docs.json nav	-	script	yes									
C1099-88206ae7	P0	docs/providers/full/quickstart.mdx	10	doc_link	/providers/full/proxy-router-docker	0	This page covers a **non-TEE provider** running on your own infrastructure. For TEE-hardened deployment on SecretVM, see [SecretVM quickstart](/providers/full/secretvm-quickstart). Hosted alternatives		TRUE	docs/providers/full/proxy-router-docker.mdx exists and is in docs.json nav	-	script	yes									
C1100-c5f9ab94	P0	docs/providers/full/quickstart.mdx	10	doc_link	/providers/full/aws	0	This page covers a **non-TEE provider** running on your own infrastructure. For TEE-hardened deployment on SecretVM, see [SecretVM quickstart](/providers/full/secretvm-quickstart). Hosted alternatives		TRUE	docs/providers/full/aws.mdx exists and is in docs.json nav	-	script	yes									
C1101-7a5f09ab	P0	docs/providers/full/quickstart.mdx	10	doc_link	/providers/full/proxy-router-akash	0	This page covers a **non-TEE provider** running on your own infrastructure. For TEE-hardened deployment on SecretVM, see [SecretVM quickstart](/providers/full/secretvm-quickstart). Hosted alternatives		TRUE	docs/providers/full/proxy-router-akash.mdx exists and is in docs.json nav	-	script	yes									
C1102-59318add	P0	docs/providers/full/quickstart.mdx	16	env	ETH_NODE_ADDRESS	0	- You have your **own** ETH node URL — Alchemy or Infura private API key for BASE works (`wss://base-mainnet.g.alchemy.com/v2/<key>` or HTTPS). The proxy-router has a built-in round-robin of public RP		TRUE	proxy-router/internal/config/config.go:29	-	script	yes									
C1103-3d3baa8d	P0	docs/providers/full/quickstart.mdx	25	external_url	https://github.com/MorpheusAIs/Morpheus-Lumerin-Node/releases	0	The proxy-router ships as a **standalone binary** (not a zip archive). Download the **latest** `*-morpheus-router-*` asset for your platform from [Releases](https://github.com/MorpheusAIs/Morpheus-Lum		UNVERIFIABLE-IN-REPO	external URL — out of scope (in-repo reach)	-	script	yes									
C1104-3b8197dd	P0	docs/providers/full/quickstart.mdx	45	runtime_path	./data/	0	The proxy-router reads its config (`.env`, `models-config.json`) and writes its state (`./data/`, `.cookie`, `proxy.conf`) relative to the directory it runs from, so give it a dedicated one and move t		N/A	runtime/OS path — not expected to exist in the repo	-	script	yes									
C1105-5d634960	P0	docs/providers/full/quickstart.mdx	63	runtime_path	%USERPROFILE%\morpheus-router	0	Create `%USERPROFILE%\morpheus-router`, move the downloaded `win-x64-morpheus-router-<version>.exe` into it, and rename it to `proxy-router.exe`.		N/A	runtime/OS path — not expected to exist in the repo	-	script	yes									
C1106-d0c9c34e	P0	docs/providers/full/quickstart.mdx	68	external_url	https://github.com/MorpheusAIs/Morpheus-Lumerin-Node/blob/main/proxy-router/.env.example	0	In the working directory, create a `.env` file. Start from the repo's [`proxy-router/.env.example`](https://github.com/MorpheusAIs/Morpheus-Lumerin-Node/blob/main/proxy-router/.env.example) (`.env.exa		UNVERIFIABLE-IN-REPO	external URL — out of scope (in-repo reach)	-	script	yes									
C1107-a7670fed	P0	docs/providers/full/quickstart.mdx	70	env_negated	ETH_NODE_USE_SUBSCRIPTIONS	0	- `ETH_NODE_ADDRESS=` — **required for any real deployment.** The minimal example file does not set this; without it the node falls back to a built-in public RPC round-robin that is rate-limited and u		AMBIGUOUS	doc denies/qualifies this name, but proxy-router/internal/config/config.go:35 defines it — check the framing	-	script	yes									
C1108-3bdb9c50	P0	docs/providers/full/quickstart.mdx	73	doc_link	/reference/env-proxy-router	0	Full reference: [Env: proxy-router](/reference/env-proxy-router) (see "Conflicting / overlapping variables" up top).		TRUE	docs/reference/env-proxy-router.mdx exists and is in docs.json nav	-	script	yes									
C1109-52d4c0bd	P0	docs/providers/full/quickstart.mdx	86	doc_link	/reference/models-config	0	Full schema: [models-config.json](/reference/models-config). Restart after edits.		TRUE	docs/reference/models-config.mdx exists and is in docs.json nav	-	script	yes									
C1110-229fc17f	P0	docs/providers/full/quickstart.mdx	99	doc_link	/reference/rating-config	0	Weights must sum to 1. Reference: [rating-config.json](/reference/rating-config).		TRUE	docs/reference/rating-config.mdx exists and is in docs.json nav	-	script	yes									
C1111-759a137f	P0	docs/providers/full/quickstart.mdx	115	runtime_path	%USERPROFILE%\morpheus-router	0	Double-click `proxy-router.exe` in `%USERPROFILE%\morpheus-router`. Allow Defender if prompted.		N/A	runtime/OS path — not expected to exist in the repo	-	script	yes									
C1112-d6865be4	P0	docs/providers/full/quickstart.mdx	121	port	8082	0	- `http://localhost:8082/swagger/index.html` should render. Authenticated routes need **Authorize** with your `.cookie` credentials ([API auth](/reference/api-auth)).		TRUE	ui-desktop/.env.example:33 (PROXY_WEB_DEFAULT_PORT)	-	script	yes									
C1113-8b18e575	P0	docs/providers/full/quickstart.mdx	121	doc_link	/reference/api-auth	0	- `http://localhost:8082/swagger/index.html` should render. Authenticated routes need **Authorize** with your `.cookie` credentials ([API auth](/reference/api-auth)).		TRUE	docs/reference/api-auth.mdx exists and is in docs.json nav	-	script	yes									
C1114-a1e0f1c6	P0	docs/providers/full/quickstart.mdx	122	runtime_path	./data/	0	- `./data/` directory contains logs.		N/A	runtime/OS path — not expected to exist in the repo	-	script	yes									
C1115-2af3f736	P0	docs/providers/full/quickstart.mdx	126	port	8082	1	INFO  HTTP  http server is listening: 0.0.0.0:8082		TRUE	ui-desktop/.env.example:33 (PROXY_WEB_DEFAULT_PORT)	-	script	yes									
C1116-a9752aed	P0	docs/providers/full/quickstart.mdx	127	port	3333	1	INFO  TCP   tcp server is listening: 0.0.0.0:3333		TRUE	proxy-router/.env.example.win:25 (PROXY_ADDRESS)	-	script	yes									
C1117-e3cc5341	P0	docs/providers/full/quickstart.mdx	134	external_url	https://active.mor.org/status	0	1. Look up existing models on [active.mor.org/status](https://active.mor.org/status) — prefer bidding on an existing `modelId`.		UNVERIFIABLE-IN-REPO	external URL — out of scope (in-repo reach)	-	script	yes									
C1118-5f6e3602	P0	docs/providers/full/quickstart.mdx	135	doc_link	/providers/full/myprovider-gui	0	2. Register via [MyProvider](/providers/full/myprovider-gui) if your admin API is reachable over HTTPS (or use the desktop/local app for HTTP `:8082`); otherwise use Swagger. Full steps: [Register on		TRUE	docs/providers/full/myprovider-gui.mdx exists and is in docs.json nav	-	script	yes									
C1119-b7e002e1	P0	docs/providers/full/quickstart.mdx	135	doc_link	/providers/full/register-onchain	0	2. Register via [MyProvider](/providers/full/myprovider-gui) if your admin API is reachable over HTTPS (or use the desktop/local app for HTTP `:8082`); otherwise use Swagger. Full steps: [Register on		TRUE	docs/providers/full/register-onchain.mdx exists and is in docs.json nav	-	script	yes									
C1120-520544f0	P0	docs/providers/full/quickstart.mdx	136	doc_link	/providers/full/verify-setup	0	3. Run the [self-checks in Verify your provider setup](/providers/full/verify-setup) before declaring victory.		TRUE	docs/providers/full/verify-setup.mdx exists and is in docs.json nav	-	script	yes									
C1121-f5744e2d	P0	docs/providers/full/quickstart.mdx	150	doc_link	/concepts/sessions-stake-close-recover	0	| Sessions consumed before your node was actually serving | Possibly small — see "Disputed early closes" in [Sessions: stake, close, claim](/concepts/sessions-stake-close-recover) | n/a |		TRUE	docs/concepts/sessions-stake-close-recover.mdx exists and is in docs.json nav	-	script	yes									
C1122-f8879b8d	P0	docs/providers/full/quickstart.mdx	154	doc_link	/providers/full/verify-setup	0	**Mitigation:** finish your model and `models-config.json` setup, run [verify-setup steps 1-4](/providers/full/verify-setup) **before** posting your first bid. Repost only when pricing actually needs		TRUE	docs/providers/full/verify-setup.mdx exists and is in docs.json nav	-	script	yes									
C1123-678bee23	P0	docs/providers/full/quickstart.mdx	156	doc_link	/providers/full/pricing	0	For details on bid pricing and how to change a price, see [Pricing](/providers/full/pricing).		TRUE	docs/providers/full/pricing.mdx exists and is in docs.json nav	-	script	yes									
C1124-7b582cfa	P0	docs/providers/full/register-onchain.mdx	6	last_verified	v7.5.0	0	last_verified: "v7.5.0"		TRUE	tag v7.5.0 exists in this repo	-	script	yes									
C1125-e19b546c	P0	docs/providers/full/register-onchain.mdx	1	frontmatter_keys	title,description,audience,product,last_verified,source	0	frontmatter keys: title, description, audience, product, last_verified, source		TRUE	title and description present	-	script	yes									
C1126-81ad391e	P0	docs/providers/full/register-onchain.mdx	13	port	8082	0	**Preferred operator UI:** [MyProvider](https://myprovider.mor.org) ([guide](/providers/full/myprovider-gui)) — especially on SecretVM, where the node already serves HTTPS. Swagger at `http://localhos		TRUE	ui-desktop/.env.example:33 (PROXY_WEB_DEFAULT_PORT)	-	script	yes									
C1127-65ddfde0	P0	docs/providers/full/register-onchain.mdx	13	external_url	https://myprovider.mor.org	0	**Preferred operator UI:** [MyProvider](https://myprovider.mor.org) ([guide](/providers/full/myprovider-gui)) — especially on SecretVM, where the node already serves HTTPS. Swagger at `http://localhos		UNVERIFIABLE-IN-REPO	external URL — out of scope (in-repo reach)	-	script	yes									
C1128-68c36501	P0	docs/providers/full/register-onchain.mdx	13	doc_link	/providers/full/myprovider-gui	0	**Preferred operator UI:** [MyProvider](https://myprovider.mor.org) ([guide](/providers/full/myprovider-gui)) — especially on SecretVM, where the node already serves HTTPS. Swagger at `http://localhos		TRUE	docs/providers/full/myprovider-gui.mdx exists and is in docs.json nav	-	script	yes									
C1129-83e4b4e0	P0	docs/providers/full/register-onchain.mdx	13	doc_link	/reference/api-auth	0	**Preferred operator UI:** [MyProvider](https://myprovider.mor.org) ([guide](/providers/full/myprovider-gui)) — especially on SecretVM, where the node already serves HTTPS. Swagger at `http://localhos		TRUE	docs/reference/api-auth.mdx exists and is in docs.json nav	-	script	yes									
C1130-33b1b7de	P0	docs/providers/full/register-onchain.mdx	13	env	COOKIE_CONTENT	0	**Preferred operator UI:** [MyProvider](https://myprovider.mor.org) ([guide](/providers/full/myprovider-gui)) — especially on SecretVM, where the node already serves HTTPS. Swagger at `http://localhos		TRUE	proxy-router/internal/config/config.go:72	-	script	yes									
C1131-5c53b5dc	P0	docs/providers/full/register-onchain.mdx	29	address	addr#15e75bd4	0	| Provider wallet | `0x<redacted>` |		N/A	explicitly labelled example value (Example column / sample JSON payload)	-	script	yes									
C1132-cf41ef6d	P0	docs/providers/full/register-onchain.mdx	31	external_url	https://active.mor.org/status	0	| Existing or new on-chain `modelId` | From [active.mor.org](https://active.mor.org/status) — see below |		UNVERIFIABLE-IN-REPO	external URL — out of scope (in-repo reach)	-	script	yes									
C1133-d2d5f4d8	P0	docs/providers/full/register-onchain.mdx	36	external_url	https://active.mor.org/status	0	Browse [active.mor.org/status](https://active.mor.org/status) or pull the JSON snapshots:		UNVERIFIABLE-IN-REPO	external URL — out of scope (in-repo reach)	-	script	yes									
C1134-37a1f6b9	P0	docs/providers/full/register-onchain.mdx	40	external_url	https://active.mor.org/active_models.json	0	| [active_models.json](https://active.mor.org/active_models.json) | Routable models (healthy/degraded bids) — start here |		UNVERIFIABLE-IN-REPO	external URL — out of scope (in-repo reach)	-	script	yes									
C1135-84706d04	P0	docs/providers/full/register-onchain.mdx	41	external_url	https://active.mor.org/active_bids.json	0	| [active_bids.json](https://active.mor.org/active_bids.json) | Competing `pricePerSecond` for a model name |		UNVERIFIABLE-IN-REPO	external URL — out of scope (in-repo reach)	-	script	yes									
C1136-8a0d7300	P0	docs/providers/full/register-onchain.mdx	42	external_url	https://active.mor.org/all_models.json	0	| [all_models.json](https://active.mor.org/all_models.json) | All non-deleted on-chain models (including ones with no live healthy provider) |		UNVERIFIABLE-IN-REPO	external URL — out of scope (in-repo reach)	-	script	yes									
C1137-a701b130	P0	docs/providers/full/register-onchain.mdx	43	external_url	https://active.mor.org/status	0	| [status](https://active.mor.org/status) | Human UI + uptime / min price views |		UNVERIFIABLE-IN-REPO	external URL — out of scope (in-repo reach)	-	script	yes									
C1138-2e94950e	P0	docs/providers/full/register-onchain.mdx	63	external_url	https://active.mor.org	0	Any registered provider can bid on any active model — you do **not** need to own the model record. Creating another model with the same display name still adds a separate marketplace entry and is what		UNVERIFIABLE-IN-REPO	external URL — out of scope (in-repo reach)	-	script	yes									
C1139-6a3ff9f8	P0	docs/providers/full/register-onchain.mdx	71	npm_script	dev	0	Open [myprovider.mor.org](https://myprovider.mor.org). Enter your proxy-router base URL and Basic Auth credentials from `.cookie` / `COOKIE_CONTENT` (not a browser wallet). Hosted MyProvider requires		TRUE	docs/package.json scripts.dev (+1 more)	-	script	yes									
C1140-ec5f9bad	P0	docs/providers/full/register-onchain.mdx	71	external_url	https://myprovider.mor.org	0	Open [myprovider.mor.org](https://myprovider.mor.org). Enter your proxy-router base URL and Basic Auth credentials from `.cookie` / `COOKIE_CONTENT` (not a browser wallet). Hosted MyProvider requires		UNVERIFIABLE-IN-REPO	external URL — out of scope (in-repo reach)	-	script	yes									
C1141-2cac7e6e	P0	docs/providers/full/register-onchain.mdx	71	doc_link	/providers/full/myprovider-gui	0	Open [myprovider.mor.org](https://myprovider.mor.org). Enter your proxy-router base URL and Basic Auth credentials from `.cookie` / `COOKIE_CONTENT` (not a browser wallet). Hosted MyProvider requires		TRUE	docs/providers/full/myprovider-gui.mdx exists and is in docs.json nav	-	script	yes									
C1142-77565958	P0	docs/providers/full/register-onchain.mdx	71	env_negated	COOKIE_CONTENT	0	Open [myprovider.mor.org](https://myprovider.mor.org). Enter your proxy-router base URL and Basic Auth credentials from `.cookie` / `COOKIE_CONTENT` (not a browser wallet). Hosted MyProvider requires		AMBIGUOUS	doc denies/qualifies this name, but proxy-router/internal/config/config.go:72 defines it — check the framing	-	script	yes									
C1143-86b64808	P0	docs/providers/full/register-onchain.mdx	83	doc_link	/reference/models-config	0	Use **Model Configuration Sync** to map the on-chain `modelId` to your backend `apiUrl`, copy `MODELS_CONFIG_CONTENT` / update `models-config.json`, and restart or redeploy the node so config matches		TRUE	docs/reference/models-config.mdx exists and is in docs.json nav	-	script	yes									
C1144-93f7e28a	P0	docs/providers/full/register-onchain.mdx	83	env	MODELS_CONFIG_CONTENT	0	Use **Model Configuration Sync** to map the on-chain `modelId` to your backend `apiUrl`, copy `MODELS_CONFIG_CONTENT` / update `models-config.json`, and restart or redeploy the node so config matches		TRUE	proxy-router/internal/config/config.go:68	-	script	yes									
C1145-3f297d57	P0	docs/providers/full/register-onchain.mdx	106	doc_link	/reference/models-config	0	Map the on-chain `modelID` you bid on to your backend `apiUrl`. Restart the proxy-router. See [models-config.json](/reference/models-config).		TRUE	docs/reference/models-config.mdx exists and is in docs.json nav	-	script	yes									
C1146-50d9656e	P0	docs/providers/full/register-onchain.mdx	123	doc_link	/concepts/tee-overview	0	See [TEE overview](/concepts/tee-overview) and [TEE reference](/providers/full/tee-reference).		TRUE	docs/concepts/tee-overview.mdx exists and is in docs.json nav	-	script	yes									
C1147-59b8adb7	P0	docs/providers/full/register-onchain.mdx	123	doc_link	/providers/full/tee-reference	0	See [TEE overview](/concepts/tee-overview) and [TEE reference](/providers/full/tee-reference).		TRUE	docs/providers/full/tee-reference.mdx exists and is in docs.json nav	-	script	yes									
C1148-da270436	P0	docs/providers/full/register-onchain.mdx	130	external_url	https://active.mor.org/status	0	- Live network listings: [active.mor.org](https://active.mor.org/status)		UNVERIFIABLE-IN-REPO	external URL — out of scope (in-repo reach)	-	script	yes									
C1149-3d45033f	P0	docs/providers/full/register-onchain.mdx	131	doc_link	/providers/full/myprovider-gui	0	- Operator dashboard: [MyProvider](/providers/full/myprovider-gui)		TRUE	docs/providers/full/myprovider-gui.mdx exists and is in docs.json nav	-	script	yes									
C1150-024d7cfd	P0	docs/providers/full/register-onchain.mdx	139	port	8082	1	curl -sS -u 'admin:admin' 'http://localhost:8082/blockchain/bids' \		TRUE	ui-desktop/.env.example:33 (PROXY_WEB_DEFAULT_PORT)	-	script	yes									
C1151-54b69b35	P0	docs/providers/full/register-onchain.mdx	139	api_path	/blockchain/bids	1	curl -sS -u 'admin:admin' 'http://localhost:8082/blockchain/bids' \		TRUE	proxy-router/docs/swagger.yaml:1458	-	script	yes									
C1152-d67c7442	P0	docs/providers/full/register-onchain.mdx	144	port	8082	1	'http://localhost:8082/blockchain/bids/0xYOUR_BID_ID/delete'		TRUE	ui-desktop/.env.example:33 (PROXY_WEB_DEFAULT_PORT)	-	script	yes									
C1153-4cb9e3c9	P0	docs/providers/full/register-onchain.mdx	144	api_path	/blockchain/bids/0xYOUR_BID_ID/delete	1	'http://localhost:8082/blockchain/bids/0xYOUR_BID_ID/delete'		FALSE	swagger.yaml:1481-1482 defines DELETE /blockchain/bids/{id}; the doc uses -X POST and a /delete path segment that does not exist	S2	script	yes									
C1154-d8179c77	P0	docs/providers/full/register-onchain.mdx	147	doc_link	/providers/full/pricing	0	The model record stays on chain. To resume, post a new bid (which charges the `0.3 MOR` `marketplaceBidFee` again — see [pricing](/providers/full/pricing)).		TRUE	docs/providers/full/pricing.mdx exists and is in docs.json nav	-	script	yes									
C1155-58d034e7	P0	docs/providers/full/register-onchain.mdx	158	external_url	https://tech.mor.org/session.html	0	- For the **direct-payment** carve-out (a separate flow some sessions use), behavior differs — see the contract source and [tech.mor.org/session.html](https://tech.mor.org/session.html) for the canoni		UNVERIFIABLE-IN-REPO	external URL — out of scope (in-repo reach)	-	script	yes									
C1156-dcf7155a	P0	docs/providers/full/secretvm-quickstart.mdx	6	last_verified	v7.7.0	0	last_verified: "v7.7.0"		UNVERIFIABLE-IN-REPO	no tag v7.7.0 in this repo (282 tags; highest release tag v7.5.0) — may exist upstream	-	script	yes									
C1157-894584fb	P0	docs/providers/full/secretvm-quickstart.mdx	1	frontmatter_keys	title,description,audience,product,last_verified,source	0	frontmatter keys: title, description, audience, product, last_verified, source		TRUE	title and description present	-	script	yes									
C1158-0997b468	P0	docs/providers/full/secretvm-quickstart.mdx	10	external_url	https://secretai.scrtlabs.com	0	This guide walks you through deploying a Morpheus TEE-hardened provider node on [SecretVM](https://secretai.scrtlabs.com) (SCRT Labs' confidential VM platform). By the end you'll have a provider runni		UNVERIFIABLE-IN-REPO	external URL — out of scope (in-repo reach)	-	script	yes									
C1159-b7d3a819	P0	docs/providers/full/secretvm-quickstart.mdx	12	external_url	https://myprovider.mor.org	0	Most of the operator work after deploy is **graphical**: [MyProvider](https://myprovider.mor.org) against your SecretVM HTTPS URL, plus looking up models on [active.mor.org/status](https://active.mor.		UNVERIFIABLE-IN-REPO	external URL — out of scope (in-repo reach)	-	script	yes									
C1160-16234af7	P0	docs/providers/full/secretvm-quickstart.mdx	12	external_url	https://active.mor.org/status	0	Most of the operator work after deploy is **graphical**: [MyProvider](https://myprovider.mor.org) against your SecretVM HTTPS URL, plus looking up models on [active.mor.org/status](https://active.mor.		UNVERIFIABLE-IN-REPO	external URL — out of scope (in-repo reach)	-	script	yes									
C1161-633de013	P0	docs/providers/full/secretvm-quickstart.mdx	14	doc_link	/providers/full/tee-reference	0	For deeper details (cosign verification, RTMR3 recomputation, attestation manifest inspection) see [TEE reference](/providers/full/tee-reference). For the trust-chain conceptual picture see [TEE overv		TRUE	docs/providers/full/tee-reference.mdx exists and is in docs.json nav	-	script	yes									
C1162-6ec0c064	P0	docs/providers/full/secretvm-quickstart.mdx	14	doc_link	/concepts/tee-overview	0	For deeper details (cosign verification, RTMR3 recomputation, attestation manifest inspection) see [TEE reference](/providers/full/tee-reference). For the trust-chain conceptual picture see [TEE overv		TRUE	docs/concepts/tee-overview.mdx exists and is in docs.json nav	-	script	yes									
C1163-15af1600	P0	docs/providers/full/secretvm-quickstart.mdx	24	external_url	https://myprovider.mor.org	0	- *(Recommended)* [MyProvider](https://myprovider.mor.org) for registration and bidding after the VM is healthy.		UNVERIFIABLE-IN-REPO	external URL — out of scope (in-repo reach)	-	script	yes									
C1164-8708d8e7	P0	docs/providers/full/secretvm-quickstart.mdx	38	env	MODELS_CONFIG_CONTENT	0	- If a matching model `Id` already exists **and** (for TEE) it carries a `tee` tag — plan to **bid on that `Id`** and put it in `MODELS_CONFIG_CONTENT` below.		TRUE	proxy-router/internal/config/config.go:68	-	script	yes									
C1165-3e997b31	P0	docs/providers/full/secretvm-quickstart.mdx	40	external_url	https://active.mor.org/status	0	- Or browse the human UI: [active.mor.org/status](https://active.mor.org/status).		UNVERIFIABLE-IN-REPO	external URL — out of scope (in-repo reach)	-	script	yes									
C1166-ab9bcc2b	P0	docs/providers/full/secretvm-quickstart.mdx	42	doc_link	/providers/full/register-onchain	0	Full decision table: [Register on chain → Step 0](/providers/full/register-onchain#step-0--look-up-models-before-you-mint).		TRUE	docs/providers/full/register-onchain.mdx exists and is in docs.json nav	-	script	yes									
C1167-67123f19	P0	docs/providers/full/secretvm-quickstart.mdx	48	external_url	https://github.com/MorpheusAIs/Morpheus-Lumerin-Node/releases	0	Download `docker-compose.tee.deployed.yml` from the [latest GitHub Release](https://github.com/MorpheusAIs/Morpheus-Lumerin-Node/releases) — the digest is already filled in. You can also use the templ		UNVERIFIABLE-IN-REPO	external URL — out of scope (in-repo reach)	-	script	yes									
C1168-b2704dbc	P0	docs/providers/full/secretvm-quickstart.mdx	48	external_url	https://github.com/MorpheusAIs/Morpheus-Lumerin-Node/blob/main/proxy-router/docker-compose.tee.yml	0	Download `docker-compose.tee.deployed.yml` from the [latest GitHub Release](https://github.com/MorpheusAIs/Morpheus-Lumerin-Node/releases) — the digest is already filled in. You can also use the templ		UNVERIFIABLE-IN-REPO	external URL — out of scope (in-repo reach)	-	script	yes									
C1169-21b15582	P0	docs/providers/full/secretvm-quickstart.mdx	50	doc_link	/providers/full/tee-reference	0	The compose includes a Traefik TLS sidecar that uses SecretVM's auto-generated certs to serve the API on HTTPS port 443. The full compose body is reproduced in [TEE reference → Step 1](/providers/full		TRUE	docs/providers/full/tee-reference.mdx exists and is in docs.json nav	-	script	yes									
C1170-b33caa97	P0	docs/providers/full/secretvm-quickstart.mdx	61	shell_var	WALLET_PRIVATE_KEY	1	WALLET_PRIVATE_KEY=<your_private_key>		TRUE	proxy-router/internal/config/config.go:48 (also a config env var)	-	script	yes									
C1171-844f4513	P0	docs/providers/full/secretvm-quickstart.mdx	62	shell_var	ETH_NODE_ADDRESS	1	ETH_NODE_ADDRESS=wss://base-mainnet.g.alchemy.com/v2/<your_alchemy_key>		TRUE	proxy-router/internal/config/config.go:29 (also a config env var)	-	script	yes									
C1172-fc6e6d1d	P0	docs/providers/full/secretvm-quickstart.mdx	63	shell_var	MODELS_CONFIG_CONTENT	1	MODELS_CONFIG_CONTENT={"models":[{"modelId":"0x<your_model_id>","modelName":"your-model-name","apiType":"openai","apiUrl":"http://your-model:8080/v1/chat/completions","concurrentSlots":6,"capacityPoli		TRUE	proxy-router/internal/config/config.go:68 (also a config env var)	-	script	yes									
C1173-ee0ff8a6	P0	docs/providers/full/secretvm-quickstart.mdx	64	shell_var	WEB_PUBLIC_URL	1	WEB_PUBLIC_URL=https://your-public-domain.com		TRUE	proxy-router/internal/config/config.go:107 (also a config env var)	-	script	yes									
C1174-082ffc6e	P0	docs/providers/full/secretvm-quickstart.mdx	65	shell_var	COOKIE_CONTENT	1	COOKIE_CONTENT=admin:<your_secure_password>		TRUE	proxy-router/internal/config/config.go:72 (also a config env var)	-	script	yes									
C1175-69089f88	P0	docs/providers/full/secretvm-quickstart.mdx	68	doc_link	/reference/models-config	0	`MODELS_CONFIG_CONTENT` must be single-line JSON. Schema: [models-config.json](/reference/models-config).		TRUE	docs/reference/models-config.mdx exists and is in docs.json nav	-	script	yes									
C1176-2956095a	P0	docs/providers/full/secretvm-quickstart.mdx	68	env	MODELS_CONFIG_CONTENT	0	`MODELS_CONFIG_CONTENT` must be single-line JSON. Schema: [models-config.json](/reference/models-config).		TRUE	proxy-router/internal/config/config.go:68	-	script	yes									
C1177-57df8300	P0	docs/providers/full/secretvm-quickstart.mdx	107	external_url	https://docs.scrt.network/secret-network-documentation/secretvm-confidential-virtual-machines/secretvm-cli	0	Full CLI reference: [SecretVM CLI docs](https://docs.scrt.network/secret-network-documentation/secretvm-confidential-virtual-machines/secretvm-cli).		UNVERIFIABLE-IN-REPO	external URL — out of scope (in-repo reach)	-	script	yes									
C1178-7d5eb279	P0	docs/providers/full/secretvm-quickstart.mdx	135	external_url	https://myprovider.mor.org	0	SecretVM already terminates TLS on port 443, so the hosted GUI at [myprovider.mor.org](https://myprovider.mor.org) can talk to your node without mixed-content issues.		UNVERIFIABLE-IN-REPO	external URL — out of scope (in-repo reach)	-	script	yes									
C1179-c427b31d	P0	docs/providers/full/secretvm-quickstart.mdx	139	external_url	https://myprovider.mor.org	0	Go to [myprovider.mor.org](https://myprovider.mor.org). Connect with:		UNVERIFIABLE-IN-REPO	external URL — out of scope (in-repo reach)	-	script	yes									
C1180-3027c8f0	P0	docs/providers/full/secretvm-quickstart.mdx	141	env	COOKIE_CONTENT	0	- **Username / password:** from `COOKIE_CONTENT` (e.g. `admin:yourpassword`)		TRUE	proxy-router/internal/config/config.go:72	-	script	yes									
C1181-8ca7bf28	P0	docs/providers/full/secretvm-quickstart.mdx	153	doc_link	/providers/full/myprovider-gui	0	Use **Model Configuration Sync** to generate updated `MODELS_CONFIG_CONTENT`, then update SecretVM encrypted secrets and redeploy/restart if the on-chain `modelId` changed from your Step 2 placeholder		TRUE	docs/providers/full/myprovider-gui.mdx exists and is in docs.json nav	-	script	yes									
C1182-779e02c7	P0	docs/providers/full/secretvm-quickstart.mdx	153	env	MODELS_CONFIG_CONTENT	0	Use **Model Configuration Sync** to generate updated `MODELS_CONFIG_CONTENT`, then update SecretVM encrypted secrets and redeploy/restart if the on-chain `modelId` changed from your Step 2 placeholder		TRUE	proxy-router/internal/config/config.go:68	-	script	yes									
C1183-d0ca5498	P0	docs/providers/full/secretvm-quickstart.mdx	157	doc_link	/providers/full/register-onchain	0	Swagger fallback: `https://<your-secretvm-url>/swagger/index.html` — same contract calls as [Register on chain](/providers/full/register-onchain). Click **Authorize** with your `COOKIE_CONTENT` / `.co		TRUE	docs/providers/full/register-onchain.mdx exists and is in docs.json nav	-	script	yes									
C1184-3ea4f4fc	P0	docs/providers/full/secretvm-quickstart.mdx	157	doc_link	/reference/api-auth	0	Swagger fallback: `https://<your-secretvm-url>/swagger/index.html` — same contract calls as [Register on chain](/providers/full/register-onchain). Click **Authorize** with your `COOKIE_CONTENT` / `.co		TRUE	docs/reference/api-auth.mdx exists and is in docs.json nav	-	script	yes									
C1185-27a65bee	P0	docs/providers/full/secretvm-quickstart.mdx	157	env	COOKIE_CONTENT	0	Swagger fallback: `https://<your-secretvm-url>/swagger/index.html` — same contract calls as [Register on chain](/providers/full/register-onchain). Click **Authorize** with your `COOKIE_CONTENT` / `.co		TRUE	proxy-router/internal/config/config.go:72	-	script	yes									
C1186-4f0d1995	P0	docs/providers/full/secretvm-quickstart.mdx	188	doc_link	/concepts/tee-overview	0	The two-hop trust chain — see [TEE overview](/concepts/tee-overview) for the full conceptual breakdown.		TRUE	docs/concepts/tee-overview.mdx exists and is in docs.json nav	-	script	yes									
C1187-59bd0713	P0	docs/providers/full/secretvm-quickstart.mdx	218	api_path	/healthcheck	0	The VM reboots with the new image. Verify with `/healthcheck` and the attestation portal.		TRUE	proxy-router/docs/swagger.yaml:2471	-	script	yes									
C1188-84c435ad	P0	docs/providers/full/secretvm-quickstart.mdx	224	doc_link	/providers/full/myprovider-gui	0	| MyProvider (operator GUI) | [MyProvider GUI](/providers/full/myprovider-gui) |		TRUE	docs/providers/full/myprovider-gui.mdx exists and is in docs.json nav	-	script	yes									
C1189-a10973b6	P0	docs/providers/full/secretvm-quickstart.mdx	225	doc_link	/providers/full/register-onchain	0	| Discover models / bid | [Register on chain](/providers/full/register-onchain) |		TRUE	docs/providers/full/register-onchain.mdx exists and is in docs.json nav	-	script	yes									
C1190-0226e8d1	P0	docs/providers/full/secretvm-quickstart.mdx	226	external_url	https://active.mor.org/status	0	| Live marketplace | [active.mor.org/status](https://active.mor.org/status) |		UNVERIFIABLE-IN-REPO	external URL — out of scope (in-repo reach)	-	script	yes									
C1191-3b964ca5	P0	docs/providers/full/secretvm-quickstart.mdx	227	doc_link	/providers/full/tee-reference	0	| Full TEE reference | [tee-reference](/providers/full/tee-reference) |		TRUE	docs/providers/full/tee-reference.mdx exists and is in docs.json nav	-	script	yes									
C1192-5fbf3a32	P0	docs/providers/full/secretvm-quickstart.mdx	228	doc_link	/concepts/tee-overview	0	| Conceptual TEE overview | [TEE overview](/concepts/tee-overview) |		TRUE	docs/concepts/tee-overview.mdx exists and is in docs.json nav	-	script	yes									
C1193-46de7434	P0	docs/providers/full/secretvm-quickstart.mdx	229	doc_link	/reference/models-config	0	| models-config.json | [reference](/reference/models-config) |		TRUE	docs/reference/models-config.mdx exists and is in docs.json nav	-	script	yes									
C1194-244081b7	P0	docs/providers/full/secretvm-quickstart.mdx	230	doc_link	/providers/full/verify-setup	0	| Verify end-to-end | [Verify setup](/providers/full/verify-setup) |		TRUE	docs/providers/full/verify-setup.mdx exists and is in docs.json nav	-	script	yes									
C1195-317034cf	P0	docs/providers/full/secretvm-quickstart.mdx	231	doc_link	/providers/full/proxy-router-docker	0	| Standard Docker (non-TEE) | [proxy-router-docker](/providers/full/proxy-router-docker) |		TRUE	docs/providers/full/proxy-router-docker.mdx exists and is in docs.json nav	-	script	yes									
C1196-acb3c298	P0	docs/providers/full/sev-verification.mdx	6	last_verified	v7.9.0	0	last_verified: "v7.9.0"		UNVERIFIABLE-IN-REPO	no tag v7.9.0 in this repo (282 tags; highest release tag v7.5.0) — may exist upstream	-	script	yes									
C1197-7de55819	P0	docs/providers/full/sev-verification.mdx	1	frontmatter_keys	title,description,audience,product,last_verified,source	0	frontmatter keys: title, description, audience, product, last_verified, source		TRUE	title and description present	-	script	yes									
C1198-c4c9481c	P0	docs/providers/full/sev-verification.mdx	10	doc_link	/providers/full/tee-backend-verification	0	The proxy-router supports two TEE platforms for [Phase 2 backend attestation](/providers/full/tee-backend-verification): **Intel TDX** and **AMD SEV-SNP**. This page describes the SEV-SNP verification		TRUE	docs/providers/full/tee-backend-verification.mdx exists and is in docs.json nav	-	script	yes									
C1199-2d2988d1	P0	docs/providers/full/sev-verification.mdx	19	repo_path	/api/quote-parse	0	| Portal endpoint | `/api/quote-parse` | `/api/quote-parse-sev` |		UNVERIFIABLE-IN-REPO	looks like an external owner/repo reference	-	script	yes									
C1200-0a1924a4	P0	docs/providers/full/sev-verification.mdx	19	repo_path	/api/quote-parse-sev	0	| Portal endpoint | `/api/quote-parse` | `/api/quote-parse-sev` |		UNVERIFIABLE-IN-REPO	looks like an external owner/repo reference	-	script	yes									
C1201-732f92e1	P0	docs/providers/full/sev-verification.mdx	24	repo_path	artifacts_registry/tdx.csv	0	| Registry URL | `artifacts_registry/tdx.csv` | `artifacts_registry/sev.json` |		UNVERIFIABLE-IN-REPO	path inside an external package	-	script	yes									
C1202-e8290c93	P0	docs/providers/full/sev-verification.mdx	24	repo_path	artifacts_registry/sev.json	0	| Registry URL | `artifacts_registry/tdx.csv` | `artifacts_registry/sev.json` |		UNVERIFIABLE-IN-REPO	path inside an external package	-	script	yes									
C1203-53f9b8e4	P0	docs/providers/full/sev-verification.mdx	85	repo_path	/api/quote-parse-sev	0	The backend returns a **base64-encoded** SEV-SNP attestation report from the attestation endpoint's `/cpu`. The proxy-router detects this is not a TDX quote and routes it to the SEV-specific portal en		UNVERIFIABLE-IN-REPO	looks like an external owner/repo reference	-	script	yes									
C1204-e415ad3d	P0	docs/providers/full/sev-verification.mdx	173	external_url	https://www.npmjs.com/package/secretvm-verify	0	The SEV registry is a JSON array shipped in [secretvm-verify](https://www.npmjs.com/package/secretvm-verify) ([sev.json via jsDelivr](https://cdn.jsdelivr.net/npm/secretvm-verify@0.13.0/data/sev.json)		UNVERIFIABLE-IN-REPO	external URL — out of scope (in-repo reach)	-	script	yes									
C1205-151d18a9	P0	docs/providers/full/sev-verification.mdx	173	external_url	https://cdn.jsdelivr.net/npm/secretvm-verify@0.13.0/data/sev.json	0	The SEV registry is a JSON array shipped in [secretvm-verify](https://www.npmjs.com/package/secretvm-verify) ([sev.json via jsDelivr](https://cdn.jsdelivr.net/npm/secretvm-verify@0.13.0/data/sev.json)		UNVERIFIABLE-IN-REPO	external URL — out of scope (in-repo reach)	-	script	yes									
C1206-ff538371	P0	docs/providers/full/sev-verification.mdx	173	external_url	https://pypi.org/project/secretvm-verify/	0	The SEV registry is a JSON array shipped in [secretvm-verify](https://www.npmjs.com/package/secretvm-verify) ([sev.json via jsDelivr](https://cdn.jsdelivr.net/npm/secretvm-verify@0.13.0/data/sev.json)		UNVERIFIABLE-IN-REPO	external URL — out of scope (in-repo reach)	-	script	yes									
C1207-86b0f9ae	P0	docs/providers/full/sev-verification.mdx	205	external_url	https://cdn.jsdelivr.net/npm/secretvm-verify@0.13.0/data/sev.json	0	| `SEV_ARTIFACT_REGISTRY_URL` | [sev.json via npm](https://cdn.jsdelivr.net/npm/secretvm-verify@0.13.0/data/sev.json) | URL for the SEV-SNP artifact registry JSON ([secretvm-verify](https://www.npmjs.		UNVERIFIABLE-IN-REPO	external URL — out of scope (in-repo reach)	-	script	yes									
C1208-6bc47f8e	P0	docs/providers/full/sev-verification.mdx	205	external_url	https://www.npmjs.com/package/secretvm-verify	0	| `SEV_ARTIFACT_REGISTRY_URL` | [sev.json via npm](https://cdn.jsdelivr.net/npm/secretvm-verify@0.13.0/data/sev.json) | URL for the SEV-SNP artifact registry JSON ([secretvm-verify](https://www.npmjs.		UNVERIFIABLE-IN-REPO	external URL — out of scope (in-repo reach)	-	script	yes									
C1209-9cb9a53b	P0	docs/providers/full/sev-verification.mdx	205	env	SEV_ARTIFACT_REGISTRY_URL	0	| `SEV_ARTIFACT_REGISTRY_URL` | [sev.json via npm](https://cdn.jsdelivr.net/npm/secretvm-verify@0.13.0/data/sev.json) | URL for the SEV-SNP artifact registry JSON ([secretvm-verify](https://www.npmjs.		TRUE	proxy-router/internal/config/config.go:102	-	script	yes									
C1210-941aee38	P0	docs/providers/full/sev-verification.mdx	206	env	ARTIFACT_REGISTRY_REFRESH_INTERVAL	0	| `ARTIFACT_REGISTRY_REFRESH_INTERVAL` | `1h` | Shared refresh interval for both TDX and SEV registries |		TRUE	proxy-router/internal/config/config.go:103	-	script	yes									
C1211-5a0f0f01	P0	docs/providers/full/sev-verification.mdx	210	repo_path	proxy-router/internal/attestation/	0	All files live in `proxy-router/internal/attestation/`:		TRUE	proxy-router/internal/attestation exists	-	script	yes									
C1212-ec2bda65	P0	docs/providers/full/tee-backend-verification.mdx	6	last_verified	v7.9.0	0	last_verified: "v7.9.0"		UNVERIFIABLE-IN-REPO	no tag v7.9.0 in this repo (282 tags; highest release tag v7.5.0) — may exist upstream	-	script	yes									
C1213-8b5507a3	P0	docs/providers/full/tee-backend-verification.mdx	1	frontmatter_keys	title,description,audience,product,last_verified,source	0	frontmatter keys: title, description, audience, product, last_verified, source		TRUE	title and description present	-	script	yes									
C1214-95faa11a	P0	docs/providers/full/tee-backend-verification.mdx	21	doc_link	/providers/full/tee-reference	0	This document describes **Phase 2 only** — the verification performed **by the P-Node** (the provider's proxy-router running inside its own TEE) **against its backend LLM**. Phase 1 (consumer verifyin		TRUE	docs/providers/full/tee-reference.mdx exists and is in docs.json nav	-	script	yes									
C1215-cfcc5e12	P0	docs/providers/full/tee-backend-verification.mdx	27	doc_link	/providers/full/sev-verification	0	The Phase 2 backend verification system provides cryptographic proof that AI inference requests forwarded by this P-Node are processed inside authentic, unmodified SecretVM instances running on genuin		TRUE	docs/providers/full/sev-verification.mdx exists and is in docs.json nav	-	script	yes									
C1216-cab693e2	P0	docs/providers/full/tee-backend-verification.mdx	120	repo_path	/v4/attest/gpu	0	7. **NRAS verification** — Submit GPU evidence to NVIDIA's Remote Attestation Service (`/v4/attest/gpu`) for independent hardware validation. NRAS returns a signed JWT (Entity Attestation Token); the		UNVERIFIABLE-IN-REPO	NVIDIA NRAS external endpoint	-	script	yes									
C1217-2fb46b79	P0	docs/providers/full/tee-backend-verification.mdx	200	shell_var	MODELS	1	MODELS='deepseek-r1:70b gemma3:4b llama3.2-vision llama3.3:70b qwen3:8b'		N/A	shell variable local to a fenced example, not repo config	-	script	yes									
C1218-2a52f92a	P0	docs/providers/full/tee-backend-verification.mdx	220	repo_path	internal/blockchainapi/model_tags.go	0	Tag detection is implemented in `internal/blockchainapi/model_tags.go`:		TRUE	resolves to proxy-router/internal/blockchainapi/model_tags.go	-	script	yes									
C1219-e42f8af5	P0	docs/providers/full/tee-backend-verification.mdx	249	env	TEE_PORTAL_URL	0	| `TEE_PORTAL_URL` | Yes (for `tee`-tagged models) | — | SecretAI Portal API URL for CPU quote verification |		TRUE	proxy-router/internal/config/config.go:99	-	script	yes									
C1220-229b09a2	P0	docs/providers/full/tee-backend-verification.mdx	250	env_negated	TEE_IMAGE_REPO	0	| `TEE_IMAGE_REPO` | No | — | GHCR image repo for cosign attestation manifest verification (e.g. `ghcr.io/morpheusais/morpheus-lumerin-node-tee`). Used by consumer-side P-Node attestation to fetch the		AMBIGUOUS	doc denies/qualifies this name, but proxy-router/internal/config/config.go:100 defines it — check the framing	-	script	yes									
C1221-40242017	P0	docs/providers/full/tee-backend-verification.mdx	250	repo_path	ghcr.io/morpheusais/morpheus-lumerin-node-tee	0	| `TEE_IMAGE_REPO` | No | — | GHCR image repo for cosign attestation manifest verification (e.g. `ghcr.io/morpheusais/morpheus-lumerin-node-tee`). Used by consumer-side P-Node attestation to fetch the		UNVERIFIABLE-IN-REPO	looks like an external Go import path	-	script	yes									
C1222-1bbc2735	P0	docs/providers/full/tee-backend-verification.mdx	251	external_url	https://cdn.jsdelivr.net/npm/secretvm-verify@0.13.0/data/tdx.csv	0	| `ARTIFACT_REGISTRY_URL` | No | [tdx.csv via npm](https://cdn.jsdelivr.net/npm/secretvm-verify@0.13.0/data/tdx.csv) | URL to the TDX artifact registry CSV ([secretvm-verify on npm](https://www.npmjs.		UNVERIFIABLE-IN-REPO	external URL — out of scope (in-repo reach)	-	script	yes									
C1223-cfdc5675	P0	docs/providers/full/tee-backend-verification.mdx	251	external_url	https://www.npmjs.com/package/secretvm-verify	0	| `ARTIFACT_REGISTRY_URL` | No | [tdx.csv via npm](https://cdn.jsdelivr.net/npm/secretvm-verify@0.13.0/data/tdx.csv) | URL to the TDX artifact registry CSV ([secretvm-verify on npm](https://www.npmjs.		UNVERIFIABLE-IN-REPO	external URL — out of scope (in-repo reach)	-	script	yes									
C1224-bfbbaf00	P0	docs/providers/full/tee-backend-verification.mdx	251	external_url	https://pypi.org/project/secretvm-verify/	0	| `ARTIFACT_REGISTRY_URL` | No | [tdx.csv via npm](https://cdn.jsdelivr.net/npm/secretvm-verify@0.13.0/data/tdx.csv) | URL to the TDX artifact registry CSV ([secretvm-verify on npm](https://www.npmjs.		UNVERIFIABLE-IN-REPO	external URL — out of scope (in-repo reach)	-	script	yes									
C1225-4c0c3a63	P0	docs/providers/full/tee-backend-verification.mdx	251	env_negated	ARTIFACT_REGISTRY_URL	0	| `ARTIFACT_REGISTRY_URL` | No | [tdx.csv via npm](https://cdn.jsdelivr.net/npm/secretvm-verify@0.13.0/data/tdx.csv) | URL to the TDX artifact registry CSV ([secretvm-verify on npm](https://www.npmjs.		AMBIGUOUS	doc denies/qualifies this name, but proxy-router/internal/config/config.go:101 defines it — check the framing	-	script	yes									
C1226-df741e96	P0	docs/providers/full/tee-backend-verification.mdx	252	external_url	https://cdn.jsdelivr.net/npm/secretvm-verify@0.13.0/data/sev.json	0	| `SEV_ARTIFACT_REGISTRY_URL` | No | [sev.json via npm](https://cdn.jsdelivr.net/npm/secretvm-verify@0.13.0/data/sev.json) | URL to the AMD SEV-SNP artifact registry JSON |		UNVERIFIABLE-IN-REPO	external URL — out of scope (in-repo reach)	-	script	yes									
C1227-a923a11b	P0	docs/providers/full/tee-backend-verification.mdx	252	env_negated	SEV_ARTIFACT_REGISTRY_URL	0	| `SEV_ARTIFACT_REGISTRY_URL` | No | [sev.json via npm](https://cdn.jsdelivr.net/npm/secretvm-verify@0.13.0/data/sev.json) | URL to the AMD SEV-SNP artifact registry JSON |		AMBIGUOUS	doc denies/qualifies this name, but proxy-router/internal/config/config.go:102 defines it — check the framing	-	script	yes									
C1228-eac67dd5	P0	docs/providers/full/tee-backend-verification.mdx	253	env_negated	ARTIFACT_REGISTRY_REFRESH_INTERVAL	0	| `ARTIFACT_REGISTRY_REFRESH_INTERVAL` | No | `1h` | How often to re-download the artifact registries (shared by TDX and SEV) |		AMBIGUOUS	doc denies/qualifies this name, but proxy-router/internal/config/config.go:103 defines it — check the framing	-	script	yes									
C1229-073e4dfb	P0	docs/providers/full/tee-backend-verification.mdx	273	repo_path	proxy-router/internal/attestation/	0	All TEE verification code resides in `proxy-router/internal/attestation/`:		TRUE	proxy-router/internal/attestation exists	-	script	yes									
C1230-db52392c	P0	docs/providers/full/tee-backend-verification.mdx	280	doc_link	/providers/full/sev-verification	0	| `sev_registry.go` / `sev_gctx.go` / `sev_workload.go` | SEV verification | AMD SEV-SNP registry, GCTX launch digest computation, and workload verification — see [SEV verification](/providers/full/se		TRUE	docs/providers/full/sev-verification.mdx exists and is in docs.json nav	-	script	yes									
C1231-4fd63ac6	P0	docs/providers/full/tee-backend-verification.mdx	326	api_path	/models	0	- **Backend model enumeration endpoint** — use the LLM server's `/models` endpoint (served from within the TEE over the attested TLS channel) and compare the returned list against the consumer's reque		UNVERIFIABLE-IN-REPO	external TEE backend service route	-	script	yes									
C1232-3b0f844b	P0	docs/providers/full/tee-reference.mdx	6	last_verified	v7.9.0	0	last_verified: "v7.9.0"		UNVERIFIABLE-IN-REPO	no tag v7.9.0 in this repo (282 tags; highest release tag v7.5.0) — may exist upstream	-	script	yes									
C1233-00539d13	P0	docs/providers/full/tee-reference.mdx	1	frontmatter_keys	title,description,audience,product,last_verified,source	0	frontmatter keys: title, description, audience, product, last_verified, source		TRUE	title and description present	-	script	yes									
C1234-60d728d8	P0	docs/providers/full/tee-reference.mdx	15	doc_link	/providers/full/secretvm-quickstart	0	For the shortest path to deploying on SecretVM, jump to [SecretVM quickstart](/providers/full/secretvm-quickstart). For a conceptual overview of the two-hop trust chain, see [TEE overview](/concepts/t		TRUE	docs/providers/full/secretvm-quickstart.mdx exists and is in docs.json nav	-	script	yes									
C1235-83ce6389	P0	docs/providers/full/tee-reference.mdx	15	doc_link	/concepts/tee-overview	0	For the shortest path to deploying on SecretVM, jump to [SecretVM quickstart](/providers/full/secretvm-quickstart). For a conceptual overview of the two-hop trust chain, see [TEE overview](/concepts/t		TRUE	docs/concepts/tee-overview.mdx exists and is in docs.json nav	-	script	yes									
C1236-01b72b6d	P0	docs/providers/full/tee-reference.mdx	19	repo_path	ghcr.io/morpheusais/morpheus-lumerin-node-tee	0	The `-tee` Docker image (`ghcr.io/morpheusais/morpheus-lumerin-node-tee`) is a hardened version of the standard proxy-router image with all non-secret configuration **baked in at build time**:		UNVERIFIABLE-IN-REPO	looks like an external Go import path	-	script	yes									
C1237-113f8264	P0	docs/providers/full/tee-reference.mdx	39	env	WALLET_PRIVATE_KEY	0	| `WALLET_PRIVATE_KEY` | Provider's wallet private key |		TRUE	proxy-router/internal/config/config.go:48	-	script	yes									
C1238-2ddfca46	P0	docs/providers/full/tee-reference.mdx	40	env	ETH_NODE_ADDRESS	0	| `ETH_NODE_ADDRESS` | RPC endpoint for BASE Mainnet (e.g., Alchemy, Infura) |		TRUE	proxy-router/internal/config/config.go:29	-	script	yes									
C1239-c8f274f5	P0	docs/providers/full/tee-reference.mdx	41	env	MODELS_CONFIG_CONTENT	0	| `MODELS_CONFIG_CONTENT` | JSON model configuration (model IDs, backend URLs, slots) |		TRUE	proxy-router/internal/config/config.go:68	-	script	yes									
C1240-59cab3af	P0	docs/providers/full/tee-reference.mdx	42	port	8082	0	| `WEB_PUBLIC_URL` | Public-facing URL for the API (default: `http://localhost:8082`) |		TRUE	ui-desktop/.env.example:33 (PROXY_WEB_DEFAULT_PORT)	-	script	yes									
C1241-63447ec7	P0	docs/providers/full/tee-reference.mdx	42	env	WEB_PUBLIC_URL	0	| `WEB_PUBLIC_URL` | Public-facing URL for the API (default: `http://localhost:8082`) |		TRUE	proxy-router/internal/config/config.go:107	-	script	yes									
C1242-7b631934	P0	docs/providers/full/tee-reference.mdx	43	env	COOKIE_CONTENT	0	| `COOKIE_CONTENT` | API auth credentials (default: `admin:admin`) |		TRUE	proxy-router/internal/config/config.go:72	-	script	yes									
C1243-302037f7	P0	docs/providers/full/tee-reference.mdx	56	doc_link	/reference/models-config	0	- A `models-config.json` content (see [models-config schema](/reference/models-config)).		TRUE	docs/reference/models-config.mdx exists and is in docs.json nav	-	script	yes									
C1244-ec8ba130	P0	docs/providers/full/tee-reference.mdx	57	external_url	https://secretai.scrtlabs.com/secret-vms/create	0	- Access to a Confidential VM provider supporting Intel TDX or AMD SEV-SNP (e.g., [SecretVM](https://secretai.scrtlabs.com/secret-vms/create)).		UNVERIFIABLE-IN-REPO	external URL — out of scope (in-repo reach)	-	script	yes									
C1245-0a8d2e2f	P0	docs/providers/full/tee-reference.mdx	67	external_url	https://github.com/MorpheusAIs/Morpheus-Lumerin-Node/releases	0	Download `docker-compose.tee.deployed.yml` from the [GitHub Release](https://github.com/MorpheusAIs/Morpheus-Lumerin-Node/releases) for your target version, or use the template at [`proxy-router/docke		UNVERIFIABLE-IN-REPO	external URL — out of scope (in-repo reach)	-	script	yes									
C1246-5cd0d8ba	P0	docs/providers/full/tee-reference.mdx	67	external_url	https://github.com/MorpheusAIs/Morpheus-Lumerin-Node/blob/main/proxy-router/docker-compose.tee.yml	0	Download `docker-compose.tee.deployed.yml` from the [GitHub Release](https://github.com/MorpheusAIs/Morpheus-Lumerin-Node/releases) for your target version, or use the template at [`proxy-router/docke		UNVERIFIABLE-IN-REPO	external URL — out of scope (in-repo reach)	-	script	yes									
C1247-b636c58a	P0	docs/providers/full/tee-reference.mdx	145	external_url	https://github.com/orgs/MorpheusAIs/packages?repo_name=Morpheus-Lumerin-Node	0	Published images and digests: [GHCR packages](https://github.com/orgs/MorpheusAIs/packages?repo_name=Morpheus-Lumerin-Node).		UNVERIFIABLE-IN-REPO	external URL — out of scope (in-repo reach)	-	script	yes									
C1248-67286663	P0	docs/providers/full/tee-reference.mdx	152	shell_var	WALLET_PRIVATE_KEY	1	WALLET_PRIVATE_KEY=<your_private_key>		TRUE	proxy-router/internal/config/config.go:48 (also a config env var)	-	script	yes									
C1249-5ab257d0	P0	docs/providers/full/tee-reference.mdx	153	shell_var	ETH_NODE_ADDRESS	1	ETH_NODE_ADDRESS=wss://base-mainnet.g.alchemy.com/v2/<your_alchemy_key>		TRUE	proxy-router/internal/config/config.go:29 (also a config env var)	-	script	yes									
C1250-a2033c92	P0	docs/providers/full/tee-reference.mdx	154	shell_var	MODELS_CONFIG_CONTENT	1	MODELS_CONFIG_CONTENT=<your_models_json_single_line>		TRUE	proxy-router/internal/config/config.go:68 (also a config env var)	-	script	yes									
C1251-627f226f	P0	docs/providers/full/tee-reference.mdx	155	shell_var	WEB_PUBLIC_URL	1	WEB_PUBLIC_URL=https://your-public-domain.com:8082		TRUE	proxy-router/internal/config/config.go:107 (also a config env var)	-	script	yes									
C1252-26a0a9fb	P0	docs/providers/full/tee-reference.mdx	156	shell_var	COOKIE_CONTENT	1	COOKIE_CONTENT=admin:<your_secure_password>		TRUE	proxy-router/internal/config/config.go:72 (also a config env var)	-	script	yes									
C1253-c3ada07f	P0	docs/providers/full/tee-reference.mdx	159	env	MODELS_CONFIG_CONTENT	0	`MODELS_CONFIG_CONTENT` must be a **single-line JSON string**:		TRUE	proxy-router/internal/config/config.go:68	-	script	yes									
C1254-646a0240	P0	docs/providers/full/tee-reference.mdx	162	shell_var	MODELS_CONFIG_CONTENT	1	MODELS_CONFIG_CONTENT={"models":[{"modelId":"0x626bcb19...","modelName":"hermes-4-14b","apiType":"openai","apiUrl":"http://your-model:8080/v1/chat/completions","concurrentSlots":6,"capacityPolicy":"si		TRUE	proxy-router/internal/config/config.go:68 (also a config env var)	-	script	yes									
C1255-92514492	P0	docs/providers/full/tee-reference.mdx	165	doc_link	/reference/models-config	0	Schema: [models-config.json](/reference/models-config).		TRUE	docs/reference/models-config.mdx exists and is in docs.json nav	-	script	yes									
C1256-169f752f	P0	docs/providers/full/tee-reference.mdx	169	doc_link	/providers/full/secretvm-quickstart	0	For SecretVM specifics (web portal vs CLI, advanced features, recommended platform = Intel TDX), see [SecretVM quickstart](/providers/full/secretvm-quickstart).		TRUE	docs/providers/full/secretvm-quickstart.mdx exists and is in docs.json nav	-	script	yes									
C1257-a5fd1a8d	P0	docs/providers/full/tee-reference.mdx	171	repo_path	linux/amd64	0	For other TEE platforms, consult their documentation for Docker Compose with encrypted secret injection. The image and compose are platform-agnostic — any environment supporting `linux/amd64` Docker i		UNVERIFIABLE-IN-REPO	looks like an external owner/repo reference	-	script	yes									
C1258-e42e8cc8	P0	docs/providers/full/tee-reference.mdx	185	doc_link	/providers/full/register-onchain	0	Then proceed with [Register on chain](/providers/full/register-onchain) — prefer [MyProvider](/providers/full/myprovider-gui) on SecretVM; bid on an existing `tee` model when one exists, otherwise min		TRUE	docs/providers/full/register-onchain.mdx exists and is in docs.json nav	-	script	yes									
C1259-121d25ad	P0	docs/providers/full/tee-reference.mdx	185	doc_link	/providers/full/myprovider-gui	0	Then proceed with [Register on chain](/providers/full/register-onchain) — prefer [MyProvider](/providers/full/myprovider-gui) on SecretVM; bid on an existing `tee` model when one exists, otherwise min		TRUE	docs/providers/full/myprovider-gui.mdx exists and is in docs.json nav	-	script	yes									
C1260-aa4c9dde	P0	docs/providers/full/tee-reference.mdx	299	doc_link	/concepts/tee-overview	0	See the conceptual breakdown in [TEE overview](/concepts/tee-overview), which mirrors and summarizes the per-phase guarantees and remaining gaps documented here.		TRUE	docs/concepts/tee-overview.mdx exists and is in docs.json nav	-	script	yes									
C1261-24f4926a	P0	docs/providers/full/tee-reference.mdx	303	repo_path	.github/tee/secretvm.env	0	When SCRT Labs publishes a new SecretVM release (e.g. `v0.0.31 → v0.0.32`), the rootfs changes and all RTMR3 / SEV measurements must be recomputed. The CI/CD pipeline is fully variabilized so updating		TRUE	.github/tee/secretvm.env exists	-	script	yes									
C1262-571672d8	P0	docs/providers/full/tee-reference.mdx	307	external_url	https://www.npmjs.com/package/secretvm-verify	0	Source of truth for the Production artifacts version is the **SecretVM portal**. Cross-check digests against the published [secretvm-verify](https://www.npmjs.com/package/secretvm-verify) package (`da		UNVERIFIABLE-IN-REPO	external URL — out of scope (in-repo reach)	-	script	yes									
C1263-a814cd16	P0	docs/providers/full/tee-reference.mdx	307	external_url	https://pypi.org/project/secretvm-verify/	0	Source of truth for the Production artifacts version is the **SecretVM portal**. Cross-check digests against the published [secretvm-verify](https://www.npmjs.com/package/secretvm-verify) package (`da		UNVERIFIABLE-IN-REPO	external URL — out of scope (in-repo reach)	-	script	yes									
C1264-7a9a0583	P0	docs/providers/full/tee-reference.mdx	307	repo_path	data/tdx.csv	0	Source of truth for the Production artifacts version is the **SecretVM portal**. Cross-check digests against the published [secretvm-verify](https://www.npmjs.com/package/secretvm-verify) package (`da		UNVERIFIABLE-IN-REPO	path inside the external secretvm-verify npm package	-	script	yes									
C1265-33908b77	P0	docs/providers/full/tee-reference.mdx	307	repo_path	data/sev.json	0	Source of truth for the Production artifacts version is the **SecretVM portal**. Cross-check digests against the published [secretvm-verify](https://www.npmjs.com/package/secretvm-verify) package (`da		UNVERIFIABLE-IN-REPO	path inside the external secretvm-verify npm package	-	script	yes									
C1266-b799a618	P0	docs/providers/full/tee-reference.mdx	316	env	SECRETVM_VERIFY_NPM_VERSION	0	Bump `SECRETVM_VERIFY_NPM_VERSION` (and the registry URLs) when SCRT publishes a newer package that includes the release you are pinning.		AMBIGUOUS	identifier defined at .github/tee/secretvm.env:27, but it is not a config env var — verify the doc's framing	-	script	yes									
C1267-b7a8af9a	P0	docs/providers/full/tee-reference.mdx	323	shell_var	SECRETVM_RELEASE	1	SECRETVM_RELEASE=v0.0.31		N/A	shell variable local to a fenced example, not repo config	-	script	yes									
C1268-f85d0029	P0	docs/providers/full/tee-reference.mdx	324	shell_var	SECRETVM_VERIFY_NPM_VERSION	1	SECRETVM_VERIFY_NPM_VERSION=0.13.0		N/A	shell variable local to a fenced example, not repo config	-	script	yes									
C1269-a50f9aad	P0	docs/providers/full/tee-reference.mdx	325	shell_var	SECRETVM_TDX_REGISTRY_URL	1	SECRETVM_TDX_REGISTRY_URL=https://cdn.jsdelivr.net/npm/secretvm-verify@0.13.0/data/tdx.csv		N/A	shell variable local to a fenced example, not repo config	-	script	yes									
C1270-df702fd9	P0	docs/providers/full/tee-reference.mdx	326	shell_var	SECRETVM_SEV_REGISTRY_URL	1	SECRETVM_SEV_REGISTRY_URL=https://cdn.jsdelivr.net/npm/secretvm-verify@0.13.0/data/sev.json		N/A	shell variable local to a fenced example, not repo config	-	script	yes									
C1271-c8d4bbac	P0	docs/providers/full/tee-reference.mdx	327	shell_var	SECRETVM_ROOTFS_TDX_SHA256	1	SECRETVM_ROOTFS_TDX_SHA256=<rootfs_data from tdx.csv for prod/v0.0.31>		N/A	shell variable local to a fenced example, not repo config	-	script	yes									
C1272-44ea3dcc	P0	docs/providers/full/tee-reference.mdx	328	shell_var	SECRETVM_ROOTFS_SEV_SHA256	1	SECRETVM_ROOTFS_SEV_SHA256=<rootfs_hash from sev.json for prod/v0.0.31>		N/A	shell variable local to a fenced example, not repo config	-	script	yes									
C1273-7c579881	P0	docs/providers/full/tee-reference.mdx	330	env	SECRETVM_ROOTFS_VARIANT	0	`SECRETVM_ROOTFS_VARIANT` stays `rootfs-prod` unless naming changes. ISO download URLs are optional; CI uses the pinned SHA when the ISO host is unavailable.		AMBIGUOUS	identifier defined at .github/tee/secretvm.env:23, but it is not a config env var — verify the doc's framing	-	script	yes									
C1274-551c989d	P0	docs/providers/full/tee-reference.mdx	351	external_url	https://github.com/MorpheusAIs/Morpheus-Lumerin-Node/blob/main/proxy-router/scripts/compute-rtmr3.py	0	| RTMR3 computation script | [`proxy-router/scripts/compute-rtmr3.py`](https://github.com/MorpheusAIs/Morpheus-Lumerin-Node/blob/main/proxy-router/scripts/compute-rtmr3.py) |		UNVERIFIABLE-IN-REPO	external URL — out of scope (in-repo reach)	-	script	yes									
C1275-66faf23b	P0	docs/providers/full/tee-reference.mdx	352	external_url	https://github.com/MorpheusAIs/Morpheus-Lumerin-Node/blob/main/.github/tee/secretvm.env	0	| SecretVM artifact config | [`.github/tee/secretvm.env`](https://github.com/MorpheusAIs/Morpheus-Lumerin-Node/blob/main/.github/tee/secretvm.env) |		UNVERIFIABLE-IN-REPO	external URL — out of scope (in-repo reach)	-	script	yes									
C1276-68363802	P0	docs/providers/full/tee-reference.mdx	359	doc_link	/providers/full/tee-backend-verification	0	| Phase 2 backend developer reference | [TEE backend verification](/providers/full/tee-backend-verification) |		TRUE	docs/providers/full/tee-backend-verification.mdx exists and is in docs.json nav	-	script	yes									
C1277-eb9b1794	P0	docs/providers/full/verify-setup.mdx	6	last_verified	v7.0.0	0	last_verified: "v7.0.0"		TRUE	tag v7.0.0 exists in this repo	-	script	yes									
C1278-290e28a9	P0	docs/providers/full/verify-setup.mdx	1	frontmatter_keys	title,description,audience,product,last_verified	0	frontmatter keys: title, description, audience, product, last_verified		TRUE	title and description present	-	script	yes									
C1279-de2333d7	P0	docs/providers/full/verify-setup.mdx	9	doc_link	/providers/full/register-onchain	0	After [registering](/providers/full/register-onchain) your provider and bid (and a new model only if you had to mint one), you want to know **before any consumer hits you** that everything works. Ther		TRUE	docs/providers/full/register-onchain.mdx exists and is in docs.json nav	-	script	yes									
C1280-1a6abfdc	P0	docs/providers/full/verify-setup.mdx	11	doc_link	/providers/full/myprovider-gui	0	If you used [MyProvider](/providers/full/myprovider-gui), confirm **Model Configuration Sync** already wrote the on-chain `modelId` into `models-config.json` / `MODELS_CONFIG_CONTENT` before Step 1.		TRUE	docs/providers/full/myprovider-gui.mdx exists and is in docs.json nav	-	script	yes									
C1281-fd16c1ef	P0	docs/providers/full/verify-setup.mdx	11	env	MODELS_CONFIG_CONTENT	0	If you used [MyProvider](/providers/full/myprovider-gui), confirm **Model Configuration Sync** already wrote the on-chain `modelId` into `models-config.json` / `MODELS_CONFIG_CONTENT` before Step 1.		TRUE	proxy-router/internal/config/config.go:68	-	script	yes									
C1282-4e55d2bd	P0	docs/providers/full/verify-setup.mdx	18	port	8082	1	curl http://localhost:8082/healthcheck		TRUE	ui-desktop/.env.example:33 (PROXY_WEB_DEFAULT_PORT)	-	script	yes									
C1283-547d411b	P0	docs/providers/full/verify-setup.mdx	18	api_path	/healthcheck	1	curl http://localhost:8082/healthcheck		TRUE	proxy-router/docs/swagger.yaml:2471	-	script	yes									
C1284-686ed7c5	P0	docs/providers/full/verify-setup.mdx	27	doc_link	/reference/env-proxy-router	0	On provider nodes the response also includes a `models` array — the periodic model health self-report covering your **whole ecosystem of configured models and active bids**. For every model in `models		TRUE	docs/reference/env-proxy-router.mdx exists and is in docs.json nav	-	script	yes									
C1285-57a3daec	P0	docs/providers/full/verify-setup.mdx	27	env_negated	MODEL_HEALTH_CHECK_INTERVAL	0	On provider nodes the response also includes a `models` array — the periodic model health self-report covering your **whole ecosystem of configured models and active bids**. For every model in `models		AMBIGUOUS	doc denies/qualifies this name, but proxy-router/internal/config/config.go:79 defines it — check the framing	-	script	yes									
C1286-f751f87c	P0	docs/providers/full/verify-setup.mdx	27	env_negated	MODEL_HEALTH_CHECK_PROBE_DELAY	0	On provider nodes the response also includes a `models` array — the periodic model health self-report covering your **whole ecosystem of configured models and active bids**. For every model in `models		AMBIGUOUS	doc denies/qualifies this name, but proxy-router/internal/config/config.go:81 defines it — check the framing	-	script	yes									
C1287-a19df6e8	P0	docs/providers/full/verify-setup.mdx	69	doc_link	/providers/full/model-health	0	The self-report has its own operational reference — schedule, tuning, backend impact, and diagnosis recipes — at [Model health self-report](/providers/full/model-health).		TRUE	docs/providers/full/model-health.mdx exists and is in docs.json nav	-	script	yes									
C1288-74214945	P0	docs/providers/full/verify-setup.mdx	84	port	8082	1	INFO  HTTP  http server is listening: 0.0.0.0:8082		TRUE	ui-desktop/.env.example:33 (PROXY_WEB_DEFAULT_PORT)	-	script	yes									
C1289-5157f770	P0	docs/providers/full/verify-setup.mdx	85	port	3333	1	INFO  TCP   tcp server is listening: 0.0.0.0:3333		TRUE	proxy-router/.env.example.win:25 (PROXY_ADDRESS)	-	script	yes									
C1290-d9c877cc	P0	docs/providers/full/verify-setup.mdx	88	doc_link	/reference/troubleshooting	0	If anything here is wrong, stop and fix it before the next steps — see [troubleshooting](/reference/troubleshooting).		TRUE	docs/reference/troubleshooting.mdx exists and is in docs.json nav	-	script	yes									
C1291-861e4e15	P0	docs/providers/full/verify-setup.mdx	108	port	8082	1	'http://localhost:8082/blockchain/providers' \		TRUE	ui-desktop/.env.example:33 (PROXY_WEB_DEFAULT_PORT)	-	script	yes									
C1292-20b73101	P0	docs/providers/full/verify-setup.mdx	108	api_path	/blockchain/providers	1	'http://localhost:8082/blockchain/providers' \		TRUE	proxy-router/docs/swagger.yaml:1731	-	script	yes									
C1293-06f94197	P0	docs/providers/full/verify-setup.mdx	117	port	8082	1	curl -sS -u 'admin:admin' 'http://localhost:8082/blockchain/models' \		TRUE	ui-desktop/.env.example:33 (PROXY_WEB_DEFAULT_PORT)	-	script	yes									
C1294-fcecd099	P0	docs/providers/full/verify-setup.mdx	117	api_path	/blockchain/models	1	curl -sS -u 'admin:admin' 'http://localhost:8082/blockchain/models' \		TRUE	proxy-router/docs/swagger.yaml:1565	-	script	yes									
C1295-9b2d0485	P0	docs/providers/full/verify-setup.mdx	124	port	8082	1	curl -sS -u 'admin:admin' 'http://localhost:8082/blockchain/bids' \		TRUE	ui-desktop/.env.example:33 (PROXY_WEB_DEFAULT_PORT)	-	script	yes									
C1296-fe7b1806	P0	docs/providers/full/verify-setup.mdx	124	api_path	/blockchain/bids	1	curl -sS -u 'admin:admin' 'http://localhost:8082/blockchain/bids' \		TRUE	proxy-router/docs/swagger.yaml:1458	-	script	yes									
C1297-d6da3248	P0	docs/providers/full/verify-setup.mdx	128	external_url	https://base.blockscout.com	0	If any of these doesn't return your record, the on-chain transaction either failed or is still pending. Check the explorer with your provider wallet address ([base.blockscout.com](https://base.blocksc		UNVERIFIABLE-IN-REPO	external URL — out of scope (in-repo reach)	-	script	yes									
C1298-501c69b7	P0	docs/providers/full/verify-setup.mdx	157	doc_link	/inference-api/overview	0	The hosted [Morpheus Inference API](/inference-api/overview) serves as the easiest end-to-end consumer. If a real prompt against your model name returns text, you've proven the full chain (consumer →		TRUE	docs/inference-api/overview.mdx exists and is in docs.json nav	-	script	yes									
C1299-b10f270c	P0	docs/providers/full/verify-setup.mdx	159	external_url	https://app.mor.org	0	1. Sign in at [app.mor.org](https://app.mor.org), grab an API key.		UNVERIFIABLE-IN-REPO	external URL — out of scope (in-repo reach)	-	script	yes									
C1300-6ad4f6ed	P0	docs/providers/full/verify-setup.mdx	165	doc_link	/reference/api-direct	0	You can also do this directly from a separate consumer-side proxy-router; see [API direct](/reference/api-direct).		TRUE	docs/reference/api-direct.mdx exists and is in docs.json nav	-	script	yes									
C1301-43180c84	P0	docs/providers/full/verify-setup.mdx	183	doc_link	/reference/env-proxy-router	0	| Healthcheck fails with `connection refused` to BASE | Default round-robin RPC rate-limited / unavailable | Set your own `ETH_NODE_ADDRESS` (Alchemy / Infura) — see [env-proxy-router](/reference/env-		TRUE	docs/reference/env-proxy-router.mdx exists and is in docs.json nav	-	script	yes									
C1302-e0fd5afa	P0	docs/providers/full/verify-setup.mdx	183	env	ETH_NODE_ADDRESS	0	| Healthcheck fails with `connection refused` to BASE | Default round-robin RPC rate-limited / unavailable | Set your own `ETH_NODE_ADDRESS` (Alchemy / Infura) — see [env-proxy-router](/reference/env-		TRUE	proxy-router/internal/config/config.go:29	-	script	yes									
C1303-3bfcdc80	P0	docs/providers/full/verify-setup.mdx	184	doc_link	/providers/full/pricing	0	| Lost ~MOR during setup | Each `postModelBid` charges a non-refundable `marketplaceBidFee` (`0.3 MOR`); reposting bids during configuration adds up | See [Pricing](/providers/full/pricing) and the "W		TRUE	docs/providers/full/pricing.mdx exists and is in docs.json nav	-	script	yes									
C1304-b03ef168	P0	docs/providers/full/verify-setup.mdx	184	doc_link	/providers/full/quickstart	0	| Lost ~MOR during setup | Each `postModelBid` charges a non-refundable `marketplaceBidFee` (`0.3 MOR`); reposting bids during configuration adds up | See [Pricing](/providers/full/pricing) and the "W		TRUE	docs/providers/full/quickstart.mdx exists and is in docs.json nav	-	script	yes									
C1305-c5ed98cb	P0	docs/providers/resale/container-pnode.mdx	6	last_verified	v7.0.0	0	last_verified: "v7.0.0"		TRUE	tag v7.0.0 exists in this repo	-	script	yes									
C1306-aa31d569	P0	docs/providers/resale/container-pnode.mdx	1	frontmatter_keys	title,description,audience,product,last_verified	0	frontmatter keys: title, description, audience, product, last_verified		TRUE	title and description present	-	script	yes									
C1307-20e5a540	P0	docs/providers/resale/container-pnode.mdx	11	doc_link	/providers/full/proxy-router-docker	0	For full mechanics (volumes, env files, ports, build), follow [Provider Docker](/providers/full/proxy-router-docker). This page focuses on what changes.		TRUE	docs/providers/full/proxy-router-docker.mdx exists and is in docs.json nav	-	script	yes									
C1308-7ac5ad7c	P0	docs/providers/resale/container-pnode.mdx	51	doc_link	/reference/models-config	0	Full schema: [models-config.json](/reference/models-config).		TRUE	docs/reference/models-config.mdx exists and is in docs.json nav	-	script	yes									
C1309-2baaa7a7	P0	docs/providers/resale/container-pnode.mdx	60	address	addr#acb3e366	1	-e DIAMOND_CONTRACT_ADDRESS=0x<redacted> \		TRUE	matches an address in .env.example / smart-contracts/deploy/data (value withheld)	-	script	yes									
C1310-a3e8837b	P0	docs/providers/resale/container-pnode.mdx	61	address	addr#56f99c5e	1	-e MOR_TOKEN_ADDRESS=0x<redacted> \		TRUE	matches an address in .env.example / smart-contracts/deploy/data (value withheld)	-	script	yes									
C1311-f0580ba9	P0	docs/providers/resale/container-pnode.mdx	63	port	3333	1	-e PROXY_ADDRESS=0.0.0.0:3333 \		TRUE	proxy-router/.env.example.win:25 (PROXY_ADDRESS)	-	script	yes									
C1312-6851b17c	P0	docs/providers/resale/container-pnode.mdx	64	port	8082	1	-e WEB_ADDRESS=0.0.0.0:8082 \		TRUE	ui-desktop/.env.example:33 (PROXY_WEB_DEFAULT_PORT)	-	script	yes									
C1313-bf20cc8c	P0	docs/providers/resale/container-pnode.mdx	81	doc_link	/providers/resale/reselling-venice	0	- [Reselling Venice](/providers/resale/reselling-venice) — concrete walkthrough.		TRUE	docs/providers/resale/reselling-venice.mdx exists and is in docs.json nav	-	script	yes									
C1314-35d0d8ec	P0	docs/providers/resale/container-pnode.mdx	82	doc_link	/providers/resale/registering-bid	0	- [Registering a bid](/providers/resale/registering-bid) — pricing decisions.		TRUE	docs/providers/resale/registering-bid.mdx exists and is in docs.json nav	-	script	yes									
C1315-20d6977c	P0	docs/providers/resale/container-pnode.mdx	83	doc_link	/providers/full/register-onchain	0	- [Register on chain](/providers/full/register-onchain) — same flow as full providers.		TRUE	docs/providers/full/register-onchain.mdx exists and is in docs.json nav	-	script	yes									
C1316-fbd41042	P0	docs/providers/resale/overview.mdx	6	last_verified	v7.5.0	0	last_verified: "v7.5.0"		TRUE	tag v7.5.0 exists in this repo	-	script	yes									
C1317-cd504ea6	P0	docs/providers/resale/overview.mdx	1	frontmatter_keys	title,description,audience,product,last_verified	0	frontmatter keys: title, description, audience, product, last_verified		TRUE	title and description present	-	script	yes									
C1318-473bab42	P0	docs/providers/resale/overview.mdx	28	doc_link	/concepts/tee-overview	0	- You cannot offer TEE attestation guarantees (see [TEE overview](/concepts/tee-overview)) because you do not control the backend.		TRUE	docs/concepts/tee-overview.mdx exists and is in docs.json nav	-	script	yes									
C1319-98e110fb	P0	docs/providers/resale/overview.mdx	32	doc_link	/providers/resale/reselling-venice	0	If you already pay for **Venice Diem** (or similar) and want a low-friction way to earn MOR from spare API quota, follow [Reselling Venice (Diem)](/providers/resale/reselling-venice): look up an exist		TRUE	docs/providers/resale/reselling-venice.mdx exists and is in docs.json nav	-	script	yes									
C1320-3b07778a	P0	docs/providers/resale/overview.mdx	32	external_url	https://myprovider.mor.org	0	If you already pay for **Venice Diem** (or similar) and want a low-friction way to earn MOR from spare API quota, follow [Reselling Venice (Diem)](/providers/resale/reselling-venice): look up an exist		UNVERIFIABLE-IN-REPO	external URL — out of scope (in-repo reach)	-	script	yes									
C1321-97c795e7	P0	docs/providers/resale/overview.mdx	36	doc_link	/providers/resale/container-pnode	0	1. You run a normal proxy-router (containerized or bare-metal) — see [Container P-Node](/providers/resale/container-pnode).		TRUE	docs/providers/resale/container-pnode.mdx exists and is in docs.json nav	-	script	yes									
C1322-a2a593cf	P0	docs/providers/resale/overview.mdx	38	external_url	https://active.mor.org/status	0	3. You register your provider on chain, then **prefer bidding on an existing model** from [active.mor.org](https://active.mor.org/status) — same as a standard full provider, just **without the `tee` t		UNVERIFIABLE-IN-REPO	external URL — out of scope (in-repo reach)	-	script	yes									
C1323-b18d2958	P0	docs/providers/resale/overview.mdx	38	external_url	https://myprovider.mor.org	0	3. You register your provider on chain, then **prefer bidding on an existing model** from [active.mor.org](https://active.mor.org/status) — same as a standard full provider, just **without the `tee` t		UNVERIFIABLE-IN-REPO	external URL — out of scope (in-repo reach)	-	script	yes									
C1324-2f932a90	P0	docs/providers/resale/overview.mdx	49	doc_link	/reference/models-config	0	- **API compatibility.** The proxy-router speaks OpenAI-shaped requests; your upstream should as well. Mappings exist for Anthropic and Prodia. See [models-config.json](/reference/models-config).		TRUE	docs/reference/models-config.mdx exists and is in docs.json nav	-	script	yes									
C1325-59fc1d6e	P0	docs/providers/resale/registering-bid.mdx	6	last_verified	v7.0.0	0	last_verified: "v7.0.0"		TRUE	tag v7.0.0 exists in this repo	-	script	yes									
C1326-4d56e11b	P0	docs/providers/resale/registering-bid.mdx	1	frontmatter_keys	title,description,audience,product,last_verified	0	frontmatter keys: title, description, audience, product, last_verified		TRUE	title and description present	-	script	yes									
C1327-da71c7ac	P0	docs/providers/resale/registering-bid.mdx	55	external_url	https://active.mor.org	0	- Look at competing bids on [active.mor.org](https://active.mor.org).		UNVERIFIABLE-IN-REPO	external URL — out of scope (in-repo reach)	-	script	yes									
C1328-1fa9642a	P0	docs/providers/resale/reselling-venice.mdx	6	last_verified	v7.5.0	0	last_verified: "v7.5.0"		TRUE	tag v7.5.0 exists in this repo	-	script	yes									
C1329-0334d327	P0	docs/providers/resale/reselling-venice.mdx	1	frontmatter_keys	title,description,audience,product,last_verified	0	frontmatter keys: title, description, audience, product, last_verified		TRUE	title and description present	-	script	yes									
C1330-e63af1c0	P0	docs/providers/resale/reselling-venice.mdx	9	external_url	https://venice.ai	0	[Venice](https://venice.ai) subscription tiers (including **Diem**) include API access. If you have spare headroom, you can resell that capacity through Morpheus: your proxy-router forwards inference		UNVERIFIABLE-IN-REPO	external URL — out of scope (in-repo reach)	-	script	yes									
C1331-0c75ca05	P0	docs/providers/resale/reselling-venice.mdx	22	external_url	https://active.mor.org/status	0	| Avoid marketplace clutter | Do **not** register a new model if one already exists on [active.mor.org](https://active.mor.org/status) |		UNVERIFIABLE-IN-REPO	external URL — out of scope (in-repo reach)	-	script	yes									
C1332-4cdc39a7	P0	docs/providers/resale/reselling-venice.mdx	23	external_url	https://myprovider.mor.org	0	| Stay graphical | Use [MyProvider](https://myprovider.mor.org) onboarding → **Venice Diem resale** path |		UNVERIFIABLE-IN-REPO	external URL — out of scope (in-repo reach)	-	script	yes									
C1333-0598181c	P0	docs/providers/resale/reselling-venice.mdx	40	external_url	https://myprovider.mor.org	0	Go to [myprovider.mor.org](https://myprovider.mor.org). Choose **Venice Diem resale** in **New provider onboarding**.		UNVERIFIABLE-IN-REPO	external URL — out of scope (in-repo reach)	-	script	yes									
C1334-8480bd42	P0	docs/providers/resale/reselling-venice.mdx	43	external_url	https://active.mor.org/status	0	Search [active.mor.org](https://active.mor.org/status) (built into the wizard) for a model name Venice can serve. Copy the existing `Id`. Prefer bidding on that Id over creating a new model.		UNVERIFIABLE-IN-REPO	external URL — out of scope (in-repo reach)	-	script	yes									
C1335-3a013608	P0	docs/providers/resale/reselling-venice.mdx	46	doc_link	/providers/full/myprovider-gui	0	Pick a Venice preset (chat / embeddings / TTS), paste your Venice API key, and export `MODELS_CONFIG_CONTENT` (and the rest of your `.env` / container secrets). Details also in [MyProvider GUI](/provi		TRUE	docs/providers/full/myprovider-gui.mdx exists and is in docs.json nav	-	script	yes									
C1336-9fac01e2	P0	docs/providers/resale/reselling-venice.mdx	46	env	MODELS_CONFIG_CONTENT	0	Pick a Venice preset (chat / embeddings / TTS), paste your Venice API key, and export `MODELS_CONFIG_CONTENT` (and the rest of your `.env` / container secrets). Details also in [MyProvider GUI](/provi		TRUE	proxy-router/internal/config/config.go:68	-	script	yes									
C1337-4d439b56	P0	docs/providers/resale/reselling-venice.mdx	49	doc_link	/providers/resale/container-pnode	0	Docker or binary is enough — see [Container P-Node](/providers/resale/container-pnode). Point `models-config` / `MODELS_CONFIG_CONTENT` at Venice URLs with your key. Expose `:3333` publicly; keep admi		TRUE	docs/providers/resale/container-pnode.mdx exists and is in docs.json nav	-	script	yes									
C1338-5f53e8d8	P0	docs/providers/resale/reselling-venice.mdx	49	env	MODELS_CONFIG_CONTENT	0	Docker or binary is enough — see [Container P-Node](/providers/resale/container-pnode). Point `models-config` / `MODELS_CONFIG_CONTENT` at Venice URLs with your key. Expose `:3333` publicly; keep admi		TRUE	proxy-router/internal/config/config.go:68	-	script	yes									
C1339-2f4ed25c	P0	docs/providers/resale/reselling-venice.mdx	55	doc_link	/providers/resale/registering-bid	0	See [Pricing a resale bid](/providers/resale/registering-bid). Every bid costs a non-refundable `0.3 MOR` fee — finish config before posting.		TRUE	docs/providers/resale/registering-bid.mdx exists and is in docs.json nav	-	script	yes									
C1340-044fe750	P0	docs/providers/resale/reselling-venice.mdx	58	doc_link	/providers/full/verify-setup	0	Follow [Verify your provider setup](/providers/full/verify-setup). Watch Venice usage limits so a busy session cannot blow your Diem quota.		TRUE	docs/providers/full/verify-setup.mdx exists and is in docs.json nav	-	script	yes									
C1341-444fa018	P0	docs/providers/resale/reselling-venice.mdx	83	doc_link	/providers/full/register-onchain	0	Restart the proxy-router after edits. Full register/bid contract steps: [Register on chain](/providers/full/register-onchain).		TRUE	docs/providers/full/register-onchain.mdx exists and is in docs.json nav	-	script	yes									
C1342-e62ac807	P0	docs/providers/resale/reselling-venice.mdx	94	doc_link	/providers/full/myprovider-gui	0	- [MyProvider GUI](/providers/full/myprovider-gui)		TRUE	docs/providers/full/myprovider-gui.mdx exists and is in docs.json nav	-	script	yes									
C1343-f0a6bc2f	P0	docs/providers/resale/reselling-venice.mdx	95	doc_link	/providers/resale/overview	0	- [Resale overview](/providers/resale/overview)		TRUE	docs/providers/resale/overview.mdx exists and is in docs.json nav	-	script	yes									
C1344-52db1893	P0	docs/providers/resale/reselling-venice.mdx	96	doc_link	/providers/full/register-onchain	0	- [Register on chain](/providers/full/register-onchain)		TRUE	docs/providers/full/register-onchain.mdx exists and is in docs.json nav	-	script	yes									
C1345-434a6290	P0	docs/providers/resale/reselling-venice.mdx	97	doc_link	/ecosystem/active-status	0	- [active.mor.org](/ecosystem/active-status)		TRUE	docs/ecosystem/active-status.mdx exists and is in docs.json nav	-	script	yes									
C1346-d7d658b6	P0	docs/reference/api-auth.mdx	6	last_verified	v7.0.0	0	last_verified: "v7.0.0"		TRUE	tag v7.0.0 exists in this repo	-	script	yes									
C1347-24b01d03	P0	docs/reference/api-auth.mdx	1	frontmatter_keys	title,description,audience,product,last_verified,source	0	frontmatter keys: title, description, audience, product, last_verified, source		TRUE	title and description present	-	script	yes									
C1348-7a35ad80	P0	docs/reference/api-auth.mdx	25	env	COOKIE_FILE_PATH	0	| `COOKIE_FILE_PATH` | Where to read/write the `.cookie` file |		TRUE	proxy-router/internal/config/config.go:71	-	script	yes									
C1349-a827dbf5	P0	docs/reference/api-auth.mdx	26	env	AUTH_CONFIG_FILE_PATH	0	| `AUTH_CONFIG_FILE_PATH` | Where to read/write `proxy.conf` |		TRUE	proxy-router/internal/config/config.go:73	-	script	yes									
C1350-af8328d1	P0	docs/reference/api-auth.mdx	73	repo_path	application/json	0	`POST /auth/users` — `application/json`		UNVERIFIABLE-IN-REPO	looks like an external owner/repo reference	-	script	yes									
C1351-e045b712	P0	docs/reference/api-auth.mdx	89	repo_path	application/json	0	`DELETE /auth/users` — `application/json`		UNVERIFIABLE-IN-REPO	looks like an external owner/repo reference	-	script	yes									
C1352-f8ba2cb8	P0	docs/reference/api-direct.mdx	6	last_verified	v7.9.0	0	last_verified: "v7.9.0"		UNVERIFIABLE-IN-REPO	no tag v7.9.0 in this repo (282 tags; highest release tag v7.5.0) — may exist upstream	-	script	yes									
C1353-33235f55	P0	docs/reference/api-direct.mdx	1	frontmatter_keys	title,description,audience,product,last_verified,source	0	frontmatter keys: title, description, audience, product, last_verified, source		TRUE	title and description present	-	script	yes									
C1354-4fac4d84	P0	docs/reference/api-direct.mdx	14	doc_link	/consumers/install-from-source	0	- A consumer-side proxy-router running locally with a funded wallet. See [Install from source](/consumers/install-from-source) or [C-Node setup](/prosumers/c-node-setup).		TRUE	docs/consumers/install-from-source.mdx exists and is in docs.json nav	-	script	yes									
C1355-85b34160	P0	docs/reference/api-direct.mdx	14	doc_link	/prosumers/c-node-setup	0	- A consumer-side proxy-router running locally with a funded wallet. See [Install from source](/consumers/install-from-source) or [C-Node setup](/prosumers/c-node-setup).		TRUE	docs/prosumers/c-node-setup.mdx exists and is in docs.json nav	-	script	yes									
C1356-46b69d17	P0	docs/reference/api-direct.mdx	15	doc_link	/reference/api-auth	0	- BasicAuth credentials. The default `admin` lives in `.cookie`. See [API auth](/reference/api-auth).		TRUE	docs/reference/api-auth.mdx exists and is in docs.json nav	-	script	yes									
C1357-7fbffd0c	P0	docs/reference/api-direct.mdx	16	port	8082	0	- If you prefer Swagger at `http://localhost:8082/swagger/index.html`, click **Authorize** and enter those same credentials before **Try it out** — Swagger's generated curl includes `Authorization: Ba		TRUE	ui-desktop/.env.example:33 (PROXY_WEB_DEFAULT_PORT)	-	script	yes									
C1358-f33fbb30	P0	docs/reference/api-direct.mdx	31	address	addr#acb3e366	1	'http://localhost:8082/blockchain/approve?spender=0x<redacted>&amount=3' \		TRUE	matches an address in .env.example / smart-contracts/deploy/data (value withheld)	-	script	yes									
C1359-a35636b9	P0	docs/reference/api-direct.mdx	31	port	8082	1	'http://localhost:8082/blockchain/approve?spender=0x6aBE1d282f72B474E54527D93b979A4f64d3030a&amount=3' \		TRUE	ui-desktop/.env.example:33 (PROXY_WEB_DEFAULT_PORT)	-	script	yes									
C1360-159f16c3	P0	docs/reference/api-direct.mdx	31	api_path	/blockchain/approve	1	'http://localhost:8082/blockchain/approve?spender=0x6aBE1d282f72B474E54527D93b979A4f64d3030a&amount=3' \		TRUE	proxy-router/docs/swagger.yaml:1417	-	script	yes									
C1361-5190527f	P0	docs/reference/api-direct.mdx	41	port	8082	1	curl -X GET 'http://localhost:8082/wallet' \		TRUE	ui-desktop/.env.example:33 (PROXY_WEB_DEFAULT_PORT)	-	script	yes									
C1362-1514d24a	P0	docs/reference/api-direct.mdx	45	port	8082	1	curl -X GET 'http://localhost:8082/blockchain/models' \		TRUE	ui-desktop/.env.example:33 (PROXY_WEB_DEFAULT_PORT)	-	script	yes									
C1363-40d2df8e	P0	docs/reference/api-direct.mdx	45	api_path	/blockchain/models	1	curl -X GET 'http://localhost:8082/blockchain/models' \		TRUE	proxy-router/docs/swagger.yaml:1565	-	script	yes									
C1364-4d4796b4	P0	docs/reference/api-direct.mdx	56	bytes32_id	id#8ac3b068	1	"Id": "0x<redacted>",		N/A	example session/model id in a sample payload — not a configured value	-	script	yes									
C1365-d83bd126	P0	docs/reference/api-direct.mdx	59	address	addr#e214377a	1	"Owner": "0x<redacted>",		N/A	explicitly labelled example value (Example column / sample JSON payload)	-	script	yes									
C1366-76d3100c	P0	docs/reference/api-direct.mdx	72	port	8082	1	'http://localhost:8082/blockchain/models/<modelId>/session' \		TRUE	ui-desktop/.env.example:33 (PROXY_WEB_DEFAULT_PORT)	-	script	yes									
C1367-03681d36	P0	docs/reference/api-direct.mdx	72	api_path	/blockchain/models/<modelId>/session	1	'http://localhost:8082/blockchain/models/<modelId>/session' \		TRUE	proxy-router/docs/swagger.yaml:1702	-	script	yes									
C1368-cd069f13	P0	docs/reference/api-direct.mdx	84	port	8082	1	curl -X POST 'http://localhost:8082/v1/chat/completions' \		TRUE	ui-desktop/.env.example:33 (PROXY_WEB_DEFAULT_PORT)	-	script	yes									
C1369-0df99982	P0	docs/reference/api-direct.mdx	84	api_path	/v1/chat/completions	1	curl -X POST 'http://localhost:8082/v1/chat/completions' \		TRUE	proxy-router/docs/swagger.yaml:2891	-	script	yes									
C1370-4a9061cf	P0	docs/reference/api-direct.mdx	100	address	addr#acb3e366	1	SPENDER=0x<redacted>		TRUE	matches an address in .env.example / smart-contracts/deploy/data (value withheld)	-	script	yes									
C1371-4c6a4f48	P0	docs/reference/api-direct.mdx	100	shell_var	SPENDER	1	SPENDER=0x6aBE1d282f72B474E54527D93b979A4f64d3030a		N/A	shell variable local to a fenced example, not repo config	-	script	yes									
C1372-7b3da245	P0	docs/reference/api-direct.mdx	101	shell_var	AUTH	1	AUTH='Authorization: Basic <base64(user:pass)>'		N/A	shell variable local to a fenced example, not repo config	-	script	yes									
C1373-d3df3c30	P0	docs/reference/api-direct.mdx	103	port	8082	1	curl -s -X POST "http://localhost:8082/blockchain/approve?spender=$SPENDER&amount=3" -H "$AUTH" -d ''		TRUE	ui-desktop/.env.example:33 (PROXY_WEB_DEFAULT_PORT)	-	script	yes									
C1374-0e71176f	P0	docs/reference/api-direct.mdx	103	api_path	/blockchain/approve	1	curl -s -X POST "http://localhost:8082/blockchain/approve?spender=$SPENDER&amount=3" -H "$AUTH" -d ''		TRUE	proxy-router/docs/swagger.yaml:1417	-	script	yes									
C1375-b31e19f8	P0	docs/reference/api-direct.mdx	105	port	8082	1	curl -s 'http://localhost:8082/wallet' -H "$AUTH" | jq .address		TRUE	ui-desktop/.env.example:33 (PROXY_WEB_DEFAULT_PORT)	-	script	yes									
C1376-9455c35c	P0	docs/reference/api-direct.mdx	107	port	8082	1	curl -s 'http://localhost:8082/blockchain/models' -H "$AUTH" \		TRUE	ui-desktop/.env.example:33 (PROXY_WEB_DEFAULT_PORT)	-	script	yes									
C1377-6d249530	P0	docs/reference/api-direct.mdx	107	api_path	/blockchain/models	1	curl -s 'http://localhost:8082/blockchain/models' -H "$AUTH" \		TRUE	proxy-router/docs/swagger.yaml:1565	-	script	yes									
C1378-9b89f19e	P0	docs/reference/api-direct.mdx	111	bytes32_id	id#bbc9e5ce	1	MODEL=0x<redacted>		N/A	example session/model id in a sample payload — not a configured value	-	script	yes									
C1379-c17e13cb	P0	docs/reference/api-direct.mdx	111	shell_var	MODEL	1	MODEL=0x84b6df5c84e1e6ae59c90e1639e3e77148d140065ef2cd4fba7f41cc7440e2c5		N/A	shell variable local to a fenced example, not repo config	-	script	yes									
C1380-9ba63c08	P0	docs/reference/api-direct.mdx	113	port	8082	1	SESSION=$(curl -s -X POST "http://localhost:8082/blockchain/models/$MODEL/session" \		TRUE	ui-desktop/.env.example:33 (PROXY_WEB_DEFAULT_PORT)	-	script	yes									
C1381-c810a9ce	P0	docs/reference/api-direct.mdx	113	shell_var	SESSION	1	SESSION=$(curl -s -X POST "http://localhost:8082/blockchain/models/$MODEL/session" \		N/A	shell variable local to a fenced example, not repo config	-	script	yes									
C1382-1d71ffbd	P0	docs/reference/api-direct.mdx	113	api_path	/blockchain/models/$MODEL/session	1	SESSION=$(curl -s -X POST "http://localhost:8082/blockchain/models/$MODEL/session" \		TRUE	proxy-router/docs/swagger.yaml:1702	-	script	yes									
C1383-9312ee81	P0	docs/reference/api-direct.mdx	117	port	8082	1	curl -X POST 'http://localhost:8082/v1/chat/completions' \		TRUE	ui-desktop/.env.example:33 (PROXY_WEB_DEFAULT_PORT)	-	script	yes									
C1384-57fa4c13	P0	docs/reference/api-direct.mdx	117	api_path	/v1/chat/completions	1	curl -X POST 'http://localhost:8082/v1/chat/completions' \		TRUE	proxy-router/docs/swagger.yaml:2891	-	script	yes									
C1385-3568013e	P0	docs/reference/api-direct.mdx	132	doc_link	/reference/api-endpoints	0	For full request/response schemas across endpoints, see [API endpoints](/reference/api-endpoints) or [`proxy-router/docs/swagger.yaml`](https://github.com/MorpheusAIs/Morpheus-Lumerin-Node/blob/main/p		TRUE	docs/reference/api-endpoints.mdx exists and is in docs.json nav	-	script	yes									
C1386-dadf0c73	P0	docs/reference/api-direct.mdx	132	external_url	https://github.com/MorpheusAIs/Morpheus-Lumerin-Node/blob/main/proxy-router/docs/swagger.yaml	0	For full request/response schemas across endpoints, see [API endpoints](/reference/api-endpoints) or [`proxy-router/docs/swagger.yaml`](https://github.com/MorpheusAIs/Morpheus-Lumerin-Node/blob/main/p		UNVERIFIABLE-IN-REPO	external URL — out of scope (in-repo reach)	-	script	yes									
C1387-2552a708	P0	docs/reference/api-endpoints.mdx	6	last_verified	v7.9.0	0	last_verified: "v7.9.0"		UNVERIFIABLE-IN-REPO	no tag v7.9.0 in this repo (282 tags; highest release tag v7.5.0) — may exist upstream	-	script	yes									
C1388-41a66021	P0	docs/reference/api-endpoints.mdx	1	frontmatter_keys	title,description,audience,product,last_verified,source	0	frontmatter keys: title, description, audience, product, last_verified, source		TRUE	title and description present	-	script	yes									
C1389-d16a59a1	P0	docs/reference/api-endpoints.mdx	10	port	8082	0	This page gives prose context for the endpoints integrators reach for first when calling **the proxy-router HTTP API** (i.e. the API your local node exposes on `:8082`). The complete schema lives at [		TRUE	ui-desktop/.env.example:33 (PROXY_WEB_DEFAULT_PORT)	-	script	yes									
C1390-266043d7	P0	docs/reference/api-endpoints.mdx	10	external_url	https://github.com/MorpheusAIs/Morpheus-Lumerin-Node/blob/main/proxy-router/docs/swagger.yaml	0	This page gives prose context for the endpoints integrators reach for first when calling **the proxy-router HTTP API** (i.e. the API your local node exposes on `:8082`). The complete schema lives at [		UNVERIFIABLE-IN-REPO	external URL — out of scope (in-repo reach)	-	script	yes									
C1391-f7c14013	P0	docs/reference/api-endpoints.mdx	13	doc_link	/inference-api/overview	0	If you're looking for the **hosted** OpenAI-compatible Morpheus product (no node required), that is a separate service — see [Inference API overview](/inference-api/overview) and [apidocs.mor.org](htt		TRUE	docs/inference-api/overview.mdx exists and is in docs.json nav	-	script	yes									
C1392-f87a1241	P0	docs/reference/api-endpoints.mdx	13	external_url	https://apidocs.mor.org	0	If you're looking for the **hosted** OpenAI-compatible Morpheus product (no node required), that is a separate service — see [Inference API overview](/inference-api/overview) and [apidocs.mor.org](htt		UNVERIFIABLE-IN-REPO	external URL — out of scope (in-repo reach)	-	script	yes									
C1393-aeb7672f	P0	docs/reference/api-endpoints.mdx	24	doc_link	/reference/api-auth	0	See [API auth](/reference/api-auth).		TRUE	docs/reference/api-auth.mdx exists and is in docs.json nav	-	script	yes									
C1394-26a14674	P0	docs/reference/api-endpoints.mdx	39	port	8084	1	curl --location 'http://localhost:8084/v1/chat/completions' \		FALSE	no .env.example binds this port; the page itself states :8082 at line 10	S2	script	yes									
C1395-64cdefbe	P0	docs/reference/api-endpoints.mdx	39	api_path	/v1/chat/completions	1	curl --location 'http://localhost:8084/v1/chat/completions' \		TRUE	proxy-router/docs/swagger.yaml:2891	-	script	yes									
C1396-ef84d39b	P0	docs/reference/api-endpoints.mdx	41	bytes32_id	id#bb76868a	1	--header 'session_id: 0x<redacted>' \		N/A	example session/model id in a sample payload — not a configured value	-	script	yes									
C1397-bfe1b9fc	P0	docs/reference/api-endpoints.mdx	54	repo_path	text/event-stream	0	Response: `200 OK`, `text/event-stream` (streaming) or `application/json`.		UNVERIFIABLE-IN-REPO	looks like an external owner/repo reference	-	script	yes									
C1398-8e83e022	P0	docs/reference/api-endpoints.mdx	54	repo_path	application/json	0	Response: `200 OK`, `text/event-stream` (streaming) or `application/json`.		UNVERIFIABLE-IN-REPO	looks like an external owner/repo reference	-	script	yes									
C1399-153fce7e	P0	docs/reference/api-endpoints.mdx	62	repo_path	multipart/form-data	0	`multipart/form-data`. The body is forwarded — any field the provider accepts will pass through. Common fields:		UNVERIFIABLE-IN-REPO	looks like an external owner/repo reference	-	script	yes									
C1400-373bde29	P0	docs/reference/api-endpoints.mdx	75	port	8084	1	curl --location 'http://localhost:8084/v1/audio/transcriptions' \		FALSE	no .env.example binds this port; the page itself states :8082 at line 10	S2	script	yes									
C1401-87956b1f	P0	docs/reference/api-endpoints.mdx	75	api_path	/v1/audio/transcriptions	1	curl --location 'http://localhost:8084/v1/audio/transcriptions' \		TRUE	proxy-router/docs/swagger.yaml:2839	-	script	yes									
C1402-2139717c	P0	docs/reference/api-endpoints.mdx	76	bytes32_id	id#b17e9fd5	1	--header 'session_id: 0x<redacted>' \		N/A	example session/model id in a sample payload — not a configured value	-	script	yes									
C1403-95b048ec	P0	docs/reference/api-endpoints.mdx	90	port	8085	1	curl --location 'http://localhost:8085/v1/audio/speech' \		FALSE	no .env.example binds this port; the page itself states :8082 at line 10	S2	script	yes									
C1404-5e42b730	P0	docs/reference/api-endpoints.mdx	90	api_path	/v1/audio/speech	1	curl --location 'http://localhost:8085/v1/audio/speech' \		TRUE	proxy-router/docs/swagger.yaml:2802	-	script	yes									
C1405-86ac6f6c	P0	docs/reference/api-endpoints.mdx	91	bytes32_id	id#87c6f031	1	--header 'session_id: 0x<redacted>' \		N/A	example session/model id in a sample payload — not a configured value	-	script	yes									
C1406-23192cdf	P0	docs/reference/api-endpoints.mdx	104	port	8084	1	curl --location 'http://localhost:8084/v1/embeddings' \		FALSE	no .env.example binds this port; the page itself states :8082 at line 10	S2	script	yes									
C1407-f04776ac	P0	docs/reference/api-endpoints.mdx	104	api_path	/v1/embeddings	1	curl --location 'http://localhost:8084/v1/embeddings' \		TRUE	proxy-router/docs/swagger.yaml:3008	-	script	yes									
C1408-e2dc412f	P0	docs/reference/api-endpoints.mdx	105	bytes32_id	id#bd76a709	1	--header 'session_id: 0x<redacted>' \		N/A	example session/model id in a sample payload — not a configured value	-	script	yes									
C1409-d38533b6	P0	docs/reference/api-endpoints.mdx	120	port	8082	1	curl --location 'http://localhost:8082/blockchain/providers' \		TRUE	ui-desktop/.env.example:33 (PROXY_WEB_DEFAULT_PORT)	-	script	yes									
C1410-9d031037	P0	docs/reference/api-endpoints.mdx	120	api_path	/blockchain/providers	1	curl --location 'http://localhost:8082/blockchain/providers' \		TRUE	proxy-router/docs/swagger.yaml:1731	-	script	yes									
C1411-e880b22c	P0	docs/reference/api-endpoints.mdx	130	external_url	https://github.com/MorpheusAIs/Morpheus-Lumerin-Node/blob/main/proxy-router/docs/swagger.yaml	0	`ModelType` is one of `LLM`, `STT`, `TTS`, `EMBEDDING`, `UNKNOWN`. Use it to choose the appropriate endpoint family. Full sample response in [`proxy-router/docs/swagger.yaml`](https://github.com/Morph		UNVERIFIABLE-IN-REPO	external URL — out of scope (in-repo reach)	-	script	yes									
C1412-8bebbfa9	P0	docs/reference/api-endpoints.mdx	145	bytes32_id	id#e4580801	1	curl --location 'http://localhost:8084/blockchain/models/0x<redacted>/session' \		N/A	example session/model id in a sample payload — not a configured value	-	script	yes									
C1413-86833b76	P0	docs/reference/api-endpoints.mdx	145	port	8084	1	curl --location 'http://localhost:8084/blockchain/models/0xe086adc275c99e32bb10b0aff5e8bfc391aad18cbb184727a75b2569149425c6/session' \		FALSE	no .env.example binds this port; the page itself states :8082 at line 10	S2	script	yes									
C1414-3edfe505	P0	docs/reference/api-endpoints.mdx	145	api_path	/blockchain/models/0xe086adc275c99e32bb10b0aff5e8bfc391aad18cbb184727a75b2569149425c6/session	1	curl --location 'http://localhost:8084/blockchain/models/0xe086adc275c99e32bb10b0aff5e8bfc391aad18cbb184727a75b2569149425c6/session' \		TRUE	proxy-router/docs/swagger.yaml:1702	-	script	yes									
C1415-6973666d	P0	docs/reference/api-endpoints.mdx	160	bytes32_id	id#01445dd0	1	curl --location 'http://localhost:8084/blockchain/sessions/0x<redacted>/close' \		N/A	example session/model id in a sample payload — not a configured value	-	script	yes									
C1416-afe25417	P0	docs/reference/api-endpoints.mdx	160	port	8084	1	curl --location 'http://localhost:8084/blockchain/sessions/0xf343b654cc8a21d0666c38606146ae68ef67b4445643deba02991a72f0d09785/close' \		FALSE	no .env.example binds this port; the page itself states :8082 at line 10	S2	script	yes									
C1417-66fe82c0	P0	docs/reference/api-endpoints.mdx	160	api_path	/blockchain/sessions/0xf343b654cc8a21d0666c38606146ae68ef67b4445643deba02991a72f0d09785/close	1	curl --location 'http://localhost:8084/blockchain/sessions/0xf343b654cc8a21d0666c38606146ae68ef67b4445643deba02991a72f0d09785/close' \		TRUE	proxy-router/docs/swagger.yaml:1971	-	script	yes									
C1418-b751b491	P0	docs/reference/api-endpoints.mdx	168	doc_link	/concepts/sessions-stake-close-recover	0	**Note on refunds:** **unused** stake is `safeTransfer`'d back in this same transaction. The **used stipend** may be parked in `userStakesOnHold` with `releaseAt = startOfTheDay(min(closedAt, endsAt))		TRUE	docs/concepts/sessions-stake-close-recover.mdx exists and is in docs.json nav	-	script	yes									
C1419-a0510d5c	P0	docs/reference/api-endpoints.mdx	178	port	8082	1	'http://localhost:8082/blockchain/sessions/user?user=0xYOUR_WALLET&offset=0&limit=20&order=desc'		TRUE	ui-desktop/.env.example:33 (PROXY_WEB_DEFAULT_PORT)	-	script	yes									
C1420-3c9f37c5	P0	docs/reference/api-endpoints.mdx	178	api_path	/blockchain/sessions/user	1	'http://localhost:8082/blockchain/sessions/user?user=0xYOUR_WALLET&offset=0&limit=20&order=desc'		TRUE	proxy-router/docs/swagger.yaml:2045	-	script	yes									
C1421-32aac3f8	P0	docs/reference/api-endpoints.mdx	190	address	addr#acb3e366	1	cast send 0x<redacted> \		TRUE	matches an address in .env.example / smart-contracts/deploy/data (value withheld)	-	script	yes									
C1422-36bff630	P0	docs/reference/api-endpoints.mdx	196	doc_link	/ai/where-is-my-mor	0	Function selector: `0xa98a7c6b`. The caller must be the delegatee allowed for that consumer (usually the same key your consumer node uses). `iterations_` (e.g. `20`) caps how many releasable on-hold r		TRUE	docs/ai/where-is-my-mor.mdx exists and is in docs.json nav	-	script	yes									
C1423-9b394b45	P0	docs/reference/api-endpoints.mdx	202	port	8082	0	The complete OpenAPI schema lives at [`proxy-router/docs/swagger.yaml`](https://github.com/MorpheusAIs/Morpheus-Lumerin-Node/blob/main/proxy-router/docs/swagger.yaml). When your proxy-router is runnin		TRUE	ui-desktop/.env.example:33 (PROXY_WEB_DEFAULT_PORT)	-	script	yes									
C1424-76c2a908	P0	docs/reference/api-endpoints.mdx	202	external_url	https://github.com/MorpheusAIs/Morpheus-Lumerin-Node/blob/main/proxy-router/docs/swagger.yaml	0	The complete OpenAPI schema lives at [`proxy-router/docs/swagger.yaml`](https://github.com/MorpheusAIs/Morpheus-Lumerin-Node/blob/main/proxy-router/docs/swagger.yaml). When your proxy-router is runnin		UNVERIFIABLE-IN-REPO	external URL — out of scope (in-repo reach)	-	script	yes									
C1425-f0da26c9	P0	docs/reference/api-overview.mdx	6	last_verified	v7.0.0	0	last_verified: "v7.0.0"		TRUE	tag v7.0.0 exists in this repo	-	script	yes									
C1426-ec16e5d5	P0	docs/reference/api-overview.mdx	1	frontmatter_keys	title,description,audience,product,last_verified	0	frontmatter keys: title, description, audience, product, last_verified		TRUE	title and description present	-	script	yes									
C1427-6806da9a	P0	docs/reference/api-overview.mdx	13	external_url	https://apidocs.mor.org	0	This page documents the **proxy-router HTTP API** — the local API exposed by the proxy-router binary in this repo. It is **not** the hosted Morpheus Inference API; that is a separate product at [apido		UNVERIFIABLE-IN-REPO	external URL — out of scope (in-repo reach)	-	script	yes									
C1428-474bd24a	P0	docs/reference/api-overview.mdx	13	doc_link	/inference-api/overview	0	This page documents the **proxy-router HTTP API** — the local API exposed by the proxy-router binary in this repo. It is **not** the hosted Morpheus Inference API; that is a separate product at [apido		TRUE	docs/inference-api/overview.mdx exists and is in docs.json nav	-	script	yes									
C1429-e156a8aa	P0	docs/reference/api-overview.mdx	17	port	8082	0	| Local API | `http://localhost:8082` | All proxy-router HTTP endpoints (auth-protected) |		TRUE	ui-desktop/.env.example:33 (PROXY_WEB_DEFAULT_PORT)	-	script	yes									
C1430-f9f31c2d	P0	docs/reference/api-overview.mdx	18	port	8082	0	| Swagger UI | `http://localhost:8082/swagger/index.html` | Interactive request playground served by your own proxy-router |		TRUE	ui-desktop/.env.example:33 (PROXY_WEB_DEFAULT_PORT)	-	script	yes									
C1431-8b95748d	P0	docs/reference/api-overview.mdx	30	doc_link	/reference/api-auth	0	The `.cookie` file in your proxy-router directory has the default `admin:<random>`. Add scoped users via `proxy.conf` and the `/auth/users` endpoints. Full reference: [API auth](/reference/api-auth).		TRUE	docs/reference/api-auth.mdx exists and is in docs.json nav	-	script	yes									
C1432-5e77546a	P0	docs/reference/api-overview.mdx	30	api_path	/auth/users	0	The `.cookie` file in your proxy-router directory has the default `admin:<random>`. Add scoped users via `proxy.conf` and the `/auth/users` endpoints. Full reference: [API auth](/reference/api-auth).		TRUE	proxy-router/docs/swagger.yaml:1283	-	script	yes									
C1433-a222a47c	P0	docs/reference/api-overview.mdx	34	port	8082	0	The canonical OpenAPI schema for the proxy-router HTTP API is [`proxy-router/docs/swagger.yaml`](https://github.com/MorpheusAIs/Morpheus-Lumerin-Node/blob/main/proxy-router/docs/swagger.yaml), auto-ge		TRUE	ui-desktop/.env.example:33 (PROXY_WEB_DEFAULT_PORT)	-	script	yes									
C1434-448029cb	P0	docs/reference/api-overview.mdx	34	external_url	https://github.com/MorpheusAIs/Morpheus-Lumerin-Node/blob/main/proxy-router/docs/swagger.yaml	0	The canonical OpenAPI schema for the proxy-router HTTP API is [`proxy-router/docs/swagger.yaml`](https://github.com/MorpheusAIs/Morpheus-Lumerin-Node/blob/main/proxy-router/docs/swagger.yaml), auto-ge		UNVERIFIABLE-IN-REPO	external URL — out of scope (in-repo reach)	-	script	yes									
C1435-61c60a5e	P0	docs/reference/api-overview.mdx	34	doc_link	/reference/api-endpoints	0	The canonical OpenAPI schema for the proxy-router HTTP API is [`proxy-router/docs/swagger.yaml`](https://github.com/MorpheusAIs/Morpheus-Lumerin-Node/blob/main/proxy-router/docs/swagger.yaml), auto-ge		TRUE	docs/reference/api-endpoints.mdx exists and is in docs.json nav	-	script	yes									
C1436-cecb05ae	P0	docs/reference/api-overview.mdx	40	api_path	/v1/chat/completions	0	`/v1/chat/completions`, `/v1/embeddings`, `/v1/audio/transcriptions`, `/v1/audio/speech`.		TRUE	proxy-router/docs/swagger.yaml:2891	-	script	yes									
C1437-149d3bbe	P0	docs/reference/api-overview.mdx	40	api_path	/v1/embeddings	0	`/v1/chat/completions`, `/v1/embeddings`, `/v1/audio/transcriptions`, `/v1/audio/speech`.		TRUE	proxy-router/docs/swagger.yaml:3008	-	script	yes									
C1438-2e9cfb1e	P0	docs/reference/api-overview.mdx	40	api_path	/v1/audio/transcriptions	0	`/v1/chat/completions`, `/v1/embeddings`, `/v1/audio/transcriptions`, `/v1/audio/speech`.		TRUE	proxy-router/docs/swagger.yaml:2839	-	script	yes									
C1439-4c63cc36	P0	docs/reference/api-overview.mdx	40	api_path	/v1/audio/speech	0	`/v1/chat/completions`, `/v1/embeddings`, `/v1/audio/transcriptions`, `/v1/audio/speech`.		TRUE	proxy-router/docs/swagger.yaml:2802	-	script	yes									
C1440-5b50518d	P0	docs/reference/api-overview.mdx	61	doc_link	/reference/api-direct	0	Most users go through MorpheusUI or the CLI; both call this API underneath. For headless scripts and agents, see [API direct](/reference/api-direct) for a curl-only walkthrough.		TRUE	docs/reference/api-direct.mdx exists and is in docs.json nav	-	script	yes									
C1441-3c554129	P0	docs/reference/env-proxy-router.mdx	6	last_verified	v7.9.0	0	last_verified: "v7.9.0"		UNVERIFIABLE-IN-REPO	no tag v7.9.0 in this repo (282 tags; highest release tag v7.5.0) — may exist upstream	-	script	yes									
C1442-39485ae7	P0	docs/reference/env-proxy-router.mdx	1	frontmatter_keys	title,description,audience,product,last_verified,source	0	frontmatter keys: title, description, audience, product, last_verified, source		TRUE	title and description present	-	script	yes									
C1443-6d41dfc5	P0	docs/reference/env-proxy-router.mdx	10	external_url	https://github.com/MorpheusAIs/Morpheus-Lumerin-Node/blob/main/proxy-router/.env.example	0	The proxy-router is configured through `.env` (or container env vars). This page documents every variable. The canonical `.env.example` lives in the repo at [`proxy-router/.env.example`](https://githu		UNVERIFIABLE-IN-REPO	external URL — out of scope (in-repo reach)	-	script	yes									
C1444-82d1c9fb	P0	docs/reference/env-proxy-router.mdx	10	external_url	https://github.com/MorpheusAIs/Morpheus-Lumerin-Node/blob/main/docs/proxy-router.all.env	0	The proxy-router is configured through `.env` (or container env vars). This page documents every variable. The canonical `.env.example` lives in the repo at [`proxy-router/.env.example`](https://githu		UNVERIFIABLE-IN-REPO	external URL — out of scope (in-repo reach)	-	script	yes									
C1445-938b4f27	P0	docs/reference/env-proxy-router.mdx	13	repo_path	proxy-router/internal/config/config.go	0	Defaults below are from the source of truth (`proxy-router/internal/config/config.go`). When in doubt, the source wins.		TRUE	proxy-router/internal/config/config.go exists	-	script	yes									
C1446-db09201e	P0	docs/reference/env-proxy-router.mdx	24	env	COOKIE_FILE_PATH	0	### `COOKIE_FILE_PATH` ↔ `COOKIE_CONTENT`		TRUE	proxy-router/internal/config/config.go:71	-	script	yes									
C1447-4a9c7470	P0	docs/reference/env-proxy-router.mdx	24	env	COOKIE_CONTENT	0	### `COOKIE_FILE_PATH` ↔ `COOKIE_CONTENT`		TRUE	proxy-router/internal/config/config.go:72	-	script	yes									
C1448-eb862eb1	P0	docs/reference/env-proxy-router.mdx	28	env	COOKIE_FILE_PATH	0	| File at `COOKIE_FILE_PATH` already exists | Reads the file. **`COOKIE_CONTENT` is silently ignored.** |		TRUE	proxy-router/internal/config/config.go:71	-	script	yes									
C1449-a21c0b15	P0	docs/reference/env-proxy-router.mdx	28	env	COOKIE_CONTENT	0	| File at `COOKIE_FILE_PATH` already exists | Reads the file. **`COOKIE_CONTENT` is silently ignored.** |		TRUE	proxy-router/internal/config/config.go:72	-	script	yes									
C1450-6fbc359c	P0	docs/reference/env-proxy-router.mdx	29	env_negated	COOKIE_CONTENT	0	| File does not exist + `COOKIE_CONTENT` is set | Writes `COOKIE_CONTENT` to the file (`username:password\n`), then reads it. |		AMBIGUOUS	doc denies/qualifies this name, but proxy-router/internal/config/config.go:72 defines it — check the framing	-	script	yes									
C1452-af4f3df9	P0	docs/reference/env-proxy-router.mdx	30	env_negated	COOKIE_CONTENT	0	| File does not exist + `COOKIE_CONTENT` is unset | Generates a random 32-char password for `admin`, writes it to the file. |		AMBIGUOUS	doc denies/qualifies this name, but proxy-router/internal/config/config.go:72 defines it — check the framing	-	script	yes									
C1453-09f5dedf	P0	docs/reference/env-proxy-router.mdx	32	external_url	https://github.com/MorpheusAIs/Morpheus-Lumerin-Node/blob/main/proxy-router/internal/system/auth.go	0	Source: [`proxy-router/internal/system/auth.go`](https://github.com/MorpheusAIs/Morpheus-Lumerin-Node/blob/main/proxy-router/internal/system/auth.go) (`EnsureConfigFilesExist`).		UNVERIFIABLE-IN-REPO	external URL — out of scope (in-repo reach)	-	script	yes									
C1454-840cb099	P0	docs/reference/env-proxy-router.mdx	36	env	COOKIE_CONTENT	0	- For TEE / Akash / ephemeral container deployments, set `COOKIE_CONTENT` once on first start; the file gets seeded inside the volume and persists.		TRUE	proxy-router/internal/config/config.go:72	-	script	yes									
C1455-c9c53014	P0	docs/reference/env-proxy-router.mdx	37	env	COOKIE_CONTENT	0	- To rotate credentials on a self-hosted node, use the **`POST /auth/users` endpoint** (or edit the cookie file in place) — changing `COOKIE_CONTENT` after first start does nothing.		TRUE	proxy-router/internal/config/config.go:72	-	script	yes									
C1456-6ff6eb7a	P0	docs/reference/env-proxy-router.mdx	39	env	MODELS_CONFIG_PATH	0	### `MODELS_CONFIG_PATH` ↔ `MODELS_CONFIG_CONTENT`		TRUE	proxy-router/internal/config/config.go:67	-	script	yes									
C1457-c9791f87	P0	docs/reference/env-proxy-router.mdx	39	env	MODELS_CONFIG_CONTENT	0	### `MODELS_CONFIG_PATH` ↔ `MODELS_CONFIG_CONTENT`		TRUE	proxy-router/internal/config/config.go:68	-	script	yes									
C1458-7b992210	P0	docs/reference/env-proxy-router.mdx	43	env	MODELS_CONFIG_PATH	0	| File at `MODELS_CONFIG_PATH` already exists | Reads the file. **`MODELS_CONFIG_CONTENT` is silently ignored.** |		TRUE	proxy-router/internal/config/config.go:67	-	script	yes									
C1459-e0ab23ab	P0	docs/reference/env-proxy-router.mdx	43	env	MODELS_CONFIG_CONTENT	0	| File at `MODELS_CONFIG_PATH` already exists | Reads the file. **`MODELS_CONFIG_CONTENT` is silently ignored.** |		TRUE	proxy-router/internal/config/config.go:68	-	script	yes									
C1460-036bee68	P0	docs/reference/env-proxy-router.mdx	44	env_negated	MODELS_CONFIG_CONTENT	0	| File does not exist + `MODELS_CONFIG_CONTENT` is set | Writes `MODELS_CONFIG_CONTENT` to the file, then reads it. |		AMBIGUOUS	doc denies/qualifies this name, but proxy-router/internal/config/config.go:68 defines it — check the framing	-	script	yes									
C1462-5eca6889	P0	docs/reference/env-proxy-router.mdx	45	env_negated	MODELS_CONFIG_CONTENT	0	| File does not exist + `MODELS_CONFIG_CONTENT` is unset | Logs a warning and runs with an empty model registry. |		AMBIGUOUS	doc denies/qualifies this name, but proxy-router/internal/config/config.go:68 defines it — check the framing	-	script	yes									
C1463-88a5c8e4	P0	docs/reference/env-proxy-router.mdx	47	external_url	https://github.com/MorpheusAIs/Morpheus-Lumerin-Node/blob/main/proxy-router/internal/config/models_config.go	0	Source: [`proxy-router/internal/config/models_config.go`](https://github.com/MorpheusAIs/Morpheus-Lumerin-Node/blob/main/proxy-router/internal/config/models_config.go) (`ModelConfigLoader.Init`).		UNVERIFIABLE-IN-REPO	external URL — out of scope (in-repo reach)	-	script	yes									
C1464-edd80ed7	P0	docs/reference/env-proxy-router.mdx	51	env	MODELS_CONFIG_CONTENT	0	- Use `MODELS_CONFIG_CONTENT` (single-line JSON) in TEE/Akash deployments where you can't mount a volume.		TRUE	proxy-router/internal/config/config.go:68	-	script	yes									
C1465-6cb29f31	P0	docs/reference/env-proxy-router.mdx	52	doc_link	/reference/models-config	0	- To update models on a self-hosted node, edit the JSON file directly and restart — don't bump `MODELS_CONFIG_CONTENT`. See [models-config.json](/reference/models-config).		TRUE	docs/reference/models-config.mdx exists and is in docs.json nav	-	script	yes									
C1466-3a855564	P0	docs/reference/env-proxy-router.mdx	52	env	MODELS_CONFIG_CONTENT	0	- To update models on a self-hosted node, edit the JSON file directly and restart — don't bump `MODELS_CONFIG_CONTENT`. See [models-config.json](/reference/models-config).		TRUE	proxy-router/internal/config/config.go:68	-	script	yes									
C1467-a1821e80	P0	docs/reference/env-proxy-router.mdx	54	env	AGENT_CONFIG_PATH	0	### `AGENT_CONFIG_PATH` ↔ `AGENT_CONFIG_CONTENT`		TRUE	proxy-router/internal/config/config.go:65	-	script	yes									
C1468-39c3d9a3	P0	docs/reference/env-proxy-router.mdx	54	env	AGENT_CONFIG_CONTENT	0	### `AGENT_CONFIG_PATH` ↔ `AGENT_CONFIG_CONTENT`		TRUE	proxy-router/internal/config/config.go:66	-	script	yes									
C1469-2e0f6b9c	P0	docs/reference/env-proxy-router.mdx	56	external_url	https://github.com/MorpheusAIs/Morpheus-Lumerin-Node/blob/main/proxy-router/internal/config/agents_config.go	0	Same `*_CONTENT`-only-seeds-the-file rule as the two above. Source: [`proxy-router/internal/config/agents_config.go`](https://github.com/MorpheusAIs/Morpheus-Lumerin-Node/blob/main/proxy-router/intern		UNVERIFIABLE-IN-REPO	external URL — out of scope (in-repo reach)	-	script	yes									
C1470-997a48de	P0	docs/reference/env-proxy-router.mdx	58	env_negated	AUTH_CONFIG_FILE_PATH	0	### `AUTH_CONFIG_FILE_PATH` (no inline twin)		AMBIGUOUS	doc denies/qualifies this name, but proxy-router/internal/config/config.go:73 defines it — check the framing	-	script	yes									
C1471-944a1b2c	P0	docs/reference/env-proxy-router.mdx	60	doc_link	/reference/api-auth	0	Path to `proxy.conf`, which holds `rpcauth=` and `rpcwhitelist=` lines. **There is no `AUTH_CONFIG_CONTENT` env** — the file is built at runtime by the proxy-router itself when you add users via [`POS		TRUE	docs/reference/api-auth.mdx exists and is in docs.json nav	-	script	yes									
C1472-090676ae	P0	docs/reference/env-proxy-router.mdx	60	env_negated	AUTH_CONFIG_CONTENT	0	Path to `proxy.conf`, which holds `rpcauth=` and `rpcwhitelist=` lines. **There is no `AUTH_CONFIG_CONTENT` env** — the file is built at runtime by the proxy-router itself when you add users via [`POS		TRUE	doc asserts this name does NOT exist, and it does not exist in the repo	-	script	yes									
C1473-31005bbd	P0	docs/reference/env-proxy-router.mdx	62	env	WALLET_PRIVATE_KEY	0	### `WALLET_PRIVATE_KEY` ↔ system keychain		TRUE	proxy-router/internal/config/config.go:48	-	script	yes									
C1474-c113e90b	P0	docs/reference/env-proxy-router.mdx	66	env_negated	WALLET_PRIVATE_KEY	0	| `WALLET_PRIVATE_KEY` is set | Uses it. The keychain is **not** read. |		AMBIGUOUS	doc denies/qualifies this name, but proxy-router/internal/config/config.go:48 defines it — check the framing	-	script	yes									
C1475-55dca718	P0	docs/reference/env-proxy-router.mdx	67	env	WALLET_PRIVATE_KEY	0	| `WALLET_PRIVATE_KEY` is unset and the OS supports a keychain (macOS) | Reads / writes the key from the system keychain. |		TRUE	proxy-router/internal/config/config.go:48	-	script	yes									
C1476-fe8c3be1	P0	docs/reference/env-proxy-router.mdx	72	env	WEB_PUBLIC_URL	0	### `WEB_PUBLIC_URL` fallback		TRUE	proxy-router/internal/config/config.go:107	-	script	yes									
C1477-ca75ac34	P0	docs/reference/env-proxy-router.mdx	74	env	WEB_PUBLIC_URL	0	If `WEB_PUBLIC_URL` is unset, the proxy-router synthesizes `http://localhost:<port-from-WEB_ADDRESS>`. For provider deployments where consumers must reach you over the public internet, **always set th		TRUE	proxy-router/internal/config/config.go:107	-	script	yes									
C1478-837ed487	P0	docs/reference/env-proxy-router.mdx	76	env	ETH_NODE_USE_SUBSCRIPTIONS	0	### `ETH_NODE_USE_SUBSCRIPTIONS` ↔ `ETH_NODE_POLLING_INTERVAL`		TRUE	proxy-router/internal/config/config.go:35	-	script	yes									
C1479-c90df234	P0	docs/reference/env-proxy-router.mdx	76	env	ETH_NODE_POLLING_INTERVAL	0	### `ETH_NODE_USE_SUBSCRIPTIONS` ↔ `ETH_NODE_POLLING_INTERVAL`		TRUE	proxy-router/internal/config/config.go:36	-	script	yes									
C1480-3a5c63d2	P0	docs/reference/env-proxy-router.mdx	80	env	ETH_NODE_ADDRESS	0	- `ETH_NODE_USE_SUBSCRIPTIONS=true` → expects a **WSS** `ETH_NODE_ADDRESS` (e.g. `wss://...`). Polling interval is irrelevant.		TRUE	proxy-router/internal/config/config.go:29	-	script	yes									
C1481-daa0a805	P0	docs/reference/env-proxy-router.mdx	81	env	ETH_NODE_ADDRESS	0	- `ETH_NODE_USE_SUBSCRIPTIONS=false` (default) → expects an **HTTPS** `ETH_NODE_ADDRESS` and uses `ETH_NODE_POLLING_INTERVAL` (default `10` seconds).		TRUE	proxy-router/internal/config/config.go:29	-	script	yes									
C1482-b60ad9a4	P0	docs/reference/env-proxy-router.mdx	81	env	ETH_NODE_POLLING_INTERVAL	0	- `ETH_NODE_USE_SUBSCRIPTIONS=false` (default) → expects an **HTTPS** `ETH_NODE_ADDRESS` and uses `ETH_NODE_POLLING_INTERVAL` (default `10` seconds).		TRUE	proxy-router/internal/config/config.go:36	-	script	yes									
C1483-8f6022c7	P0	docs/reference/env-proxy-router.mdx	85	env	PROXY_STORE_CHAT_CONTEXT	0	### `PROXY_STORE_CHAT_CONTEXT` is TEE-frozen		TRUE	proxy-router/internal/config/config.go:63	-	script	yes									
C1484-b88315fe	P0	docs/reference/env-proxy-router.mdx	87	doc_link	/providers/full/tee-reference	0	In the **`-tee` image** this is hard-coded `false` at build time and **cannot be overridden at runtime**. Setting it in the env has no effect inside a TEE deployment. See [TEE reference](/providers/fu		TRUE	docs/providers/full/tee-reference.mdx exists and is in docs.json nav	-	script	yes									
C1485-6d28c801	P0	docs/reference/env-proxy-router.mdx	95	env	APP_RESET_KEYCHAIN	0	| `APP_RESET_KEYCHAIN` | `false` | Set `true` to reset the macOS keychain entry on start |		TRUE	proxy-router/internal/config/config.go:25	-	script	yes									
C1486-12a8b566	P0	docs/reference/env-proxy-router.mdx	96	env_negated	AUTH_CONFIG_FILE_PATH	0	| `AUTH_CONFIG_FILE_PATH` | `./proxy.conf` | Path to the auth config file (no inline twin) |		AMBIGUOUS	doc denies/qualifies this name, but proxy-router/internal/config/config.go:73 defines it — check the framing	-	script	yes									
C1487-dd87a0d4	P0	docs/reference/env-proxy-router.mdx	96	repo_path	proxy.conf	0	| `AUTH_CONFIG_FILE_PATH` | `./proxy.conf` | Path to the auth config file (no inline twin) |		N/A	runtime file created by the proxy-router on first start	-	script	yes									
C1488-1df9db25	P0	docs/reference/env-proxy-router.mdx	97	env	COOKIE_FILE_PATH	0	| `COOKIE_FILE_PATH` | `./.cookie` | Path to admin cookie file |		TRUE	proxy-router/internal/config/config.go:71	-	script	yes									
C1489-52c6e62f	P0	docs/reference/env-proxy-router.mdx	97	repo_path	.cookie	0	| `COOKIE_FILE_PATH` | `./.cookie` | Path to admin cookie file |		N/A	runtime file created by the proxy-router on first start	-	script	yes									
C1490-aa74becc	P0	docs/reference/env-proxy-router.mdx	98	env	COOKIE_CONTENT	0	| `COOKIE_CONTENT` | (unset) | **Seeds the cookie file on first start only.** See precedence above. |		TRUE	proxy-router/internal/config/config.go:72	-	script	yes									
C1491-778ecdd6	P0	docs/reference/env-proxy-router.mdx	104	chain_id	8453	0	| `ETH_NODE_CHAIN_ID` | `8453` (mainnet) / `84532` (testnet) | BASE chain ID |		TRUE	ui-desktop/.env.example:5 declares this chain id	-	script	yes									
C1492-dfd66c3d	P0	docs/reference/env-proxy-router.mdx	104	chain_id	84532	0	| `ETH_NODE_CHAIN_ID` | `8453` (mainnet) / `84532` (testnet) | BASE chain ID |		TRUE	ui-desktop/.env.example:17 declares this chain id	-	script	yes									
C1493-dea011eb	P0	docs/reference/env-proxy-router.mdx	104	env	ETH_NODE_CHAIN_ID	0	| `ETH_NODE_CHAIN_ID` | `8453` (mainnet) / `84532` (testnet) | BASE chain ID |		TRUE	proxy-router/internal/config/config.go:28	-	script	yes									
C1494-1c184060	P0	docs/reference/env-proxy-router.mdx	105	env	ETH_NODE_ADDRESS	0	| `ETH_NODE_ADDRESS` | (unset, falls back to built-in public RPC round-robin) | RPC endpoint URL (HTTPS or WSS — must match `ETH_NODE_USE_SUBSCRIPTIONS`). **Set explicitly for any real deployment** —		TRUE	proxy-router/internal/config/config.go:29	-	script	yes									
C1495-a30b3a67	P0	docs/reference/env-proxy-router.mdx	105	env	ETH_NODE_USE_SUBSCRIPTIONS	0	| `ETH_NODE_ADDRESS` | (unset, falls back to built-in public RPC round-robin) | RPC endpoint URL (HTTPS or WSS — must match `ETH_NODE_USE_SUBSCRIPTIONS`). **Set explicitly for any real deployment** —		TRUE	proxy-router/internal/config/config.go:35	-	script	yes									
C1496-2fcd63bf	P0	docs/reference/env-proxy-router.mdx	106	env	ETH_NODE_LEGACY_TX	0	| `ETH_NODE_LEGACY_TX` | `false` | Set `true` to disable EIP-1559 |		TRUE	proxy-router/internal/config/config.go:30	-	script	yes									
C1497-dc402c71	P0	docs/reference/env-proxy-router.mdx	107	env	BLOCKSCOUT_API_URL	0	| `BLOCKSCOUT_API_URL` | `https://base.blockscout.com/api/v2` | Block explorer API |		TRUE	proxy-router/internal/config/config.go:32	-	script	yes									
C1498-9d1cf0ad	P0	docs/reference/env-proxy-router.mdx	108	env	EXPLORER_RETRY_DELAY	0	| `EXPLORER_RETRY_DELAY` | `5` | Delay between explorer retries (seconds) |		TRUE	doc is CORRECT — Notes column states "(seconds)"; doc 5 == code 5 * time.Second	-	script+mechanized+scout	yes				REFUTED	doc says "`5`"; code applies "5s" (SetDefaults Blockchain.ExplorerRetryDelay)	refuted-by-scout			
C1499-c049cc86	P0	docs/reference/env-proxy-router.mdx	109	env	EXPLORER_MAX_RETRIES	0	| `EXPLORER_MAX_RETRIES` | `5` | Max explorer retries |		TRUE	proxy-router/internal/config/config.go:34	-	script	yes									
C1500-04e8ddfe	P0	docs/reference/env-proxy-router.mdx	110	env	ETH_NODE_USE_SUBSCRIPTIONS	0	| `ETH_NODE_USE_SUBSCRIPTIONS` | `false` | `true` to use WSS subscriptions; `false` for HTTP polling |		TRUE	proxy-router/internal/config/config.go:35	-	script	yes									
C1501-95a564ab	P0	docs/reference/env-proxy-router.mdx	111	env	ETH_NODE_POLLING_INTERVAL	0	| `ETH_NODE_POLLING_INTERVAL` | `10` | Polling interval (seconds, only when `ETH_NODE_USE_SUBSCRIPTIONS=false`) |		TRUE	doc is CORRECT — Notes column states "(seconds...)"; doc 10 == code 10 * time.Second	-	script+mechanized+scout	yes				REFUTED	doc says "`10`"; code applies "10s" (SetDefaults Blockchain.PollingInterval)	refuted-by-scout			
C1502-5b3f3c89	P0	docs/reference/env-proxy-router.mdx	112	env	ETH_NODE_MAX_RECONNECTS	0	| `ETH_NODE_MAX_RECONNECTS` | `30` | Max reconnect attempts |		TRUE	proxy-router/internal/config/config.go:37	-	script	yes									
C1503-fec5cd2b	P0	docs/reference/env-proxy-router.mdx	124	address	addr#acb3e366	0	| `DIAMOND_CONTRACT_ADDRESS` | mainnet `0x<redacted>`; testnet `0x<redacted>` | Diamond marketplace contract |		TRUE	matches an address in .env.example / smart-contracts/deploy/data (value withheld)	-	script	yes									
C1504-66d6dda0	P0	docs/reference/env-proxy-router.mdx	124	address	addr#6e2daceb	0	| `DIAMOND_CONTRACT_ADDRESS` | mainnet `0x<redacted>`; testnet `0x<redacted>` | Diamond marketplace contract |		TRUE	matches an address in .env.example / smart-contracts/deploy/data (value withheld)	-	script	yes									
C1505-64b94857	P0	docs/reference/env-proxy-router.mdx	124	env	DIAMOND_CONTRACT_ADDRESS	0	| `DIAMOND_CONTRACT_ADDRESS` | mainnet `0x6aBE1d282f72B474E54527D93b979A4f64d3030a`; testnet `0xA328196f2438DADA5ab729E39388D86896c27c85` | Diamond marketplace contract |		TRUE	proxy-router/internal/config/config.go:46	-	script	yes									
C1506-eedb6cd3	P0	docs/reference/env-proxy-router.mdx	125	address	addr#56f99c5e	0	| `MOR_TOKEN_ADDRESS` | mainnet `0x<redacted>`; testnet `0x<redacted>` | MOR ERC-20 token |		TRUE	matches an address in .env.example / smart-contracts/deploy/data (value withheld)	-	script	yes									
C1507-4947def6	P0	docs/reference/env-proxy-router.mdx	125	address	addr#1781a01d	0	| `MOR_TOKEN_ADDRESS` | mainnet `0x<redacted>`; testnet `0x<redacted>` | MOR ERC-20 token |		TRUE	matches an address in .env.example / smart-contracts/deploy/data (value withheld)	-	script	yes									
C1508-77ef8fd8	P0	docs/reference/env-proxy-router.mdx	125	env	MOR_TOKEN_ADDRESS	0	| `MOR_TOKEN_ADDRESS` | mainnet `0x7431aDa8a591C955a994a21710752EF9b882b8e3`; testnet `0x5C80Ddd187054E1E4aBBfFCD750498e81d34FfA3` | MOR ERC-20 token |		TRUE	proxy-router/internal/config/config.go:47	-	script	yes									
C1509-77c98d03	P0	docs/reference/env-proxy-router.mdx	126	env	WALLET_PRIVATE_KEY	0	| `WALLET_PRIVATE_KEY` | (unset) | Wallet private key. Falls back to system keychain when unset. See precedence above. |		TRUE	proxy-router/internal/config/config.go:48	-	script	yes									
C1510-e015ff43	P0	docs/reference/env-proxy-router.mdx	132	env	LOG_COLOR	0	| `LOG_COLOR` | `false` | Colored console output |		TRUE	doc is CORRECT — no SetDefaults entry -> Go zero value false; .env.example true is a sample, not the default	-	script+mechanized+scout	yes				REFUTED	doc says "`false`"; code applies "true" (.env.example)	refuted-by-scout			
C1511-42c30d1c	P0	docs/reference/env-proxy-router.mdx	133	env	LOG_FOLDER_PATH	0	| `LOG_FOLDER_PATH` | (unset) | If set, also write logs to files in this directory |		TRUE	proxy-router/internal/config/config.go:52	-	script	yes									
C1512-ae4ed2b8	P0	docs/reference/env-proxy-router.mdx	134	env	LOG_IS_PROD	0	| `LOG_IS_PROD` | `false` | Production log format |		TRUE	proxy-router/internal/config/config.go:53	-	script	yes									
C1513-2bb364f6	P0	docs/reference/env-proxy-router.mdx	135	env	LOG_JSON	0	| `LOG_JSON` | `false` | JSON-formatted log lines |		TRUE	proxy-router/internal/config/config.go:54	-	script	yes									
C1514-ed142698	P0	docs/reference/env-proxy-router.mdx	136	env	LOG_LEVEL_APP	0	| `LOG_LEVEL_APP` | `warn` | App-level log level: `debug` `info` `warn` `error` `dpanic` `panic` `fatal` |		FALSE	doc says "`warn`"; code applies "debug" (SetDefaults Log.LevelApp)	S2	script+mechanized+scout-confirmed	yes				FALSE	doc says "`warn`"; code applies "debug" (SetDefaults Log.LevelApp)	FIXED: warn -> debug			
C1515-782f16db	P0	docs/reference/env-proxy-router.mdx	137	env	LOG_LEVEL_TCP	0	| `LOG_LEVEL_TCP` | `warn` | TCP layer log level |		FALSE	doc says "`warn`"; code applies "info" (SetDefaults Log.LevelTCP)	S2	script+mechanized+scout-confirmed	yes				FALSE	doc says "`warn`"; code applies "info" (SetDefaults Log.LevelTCP)	FIXED: warn -> info			
C1516-1bc35d13	P0	docs/reference/env-proxy-router.mdx	138	env	LOG_LEVEL_ETH_RPC	0	| `LOG_LEVEL_ETH_RPC` | `warn` | Ethereum RPC log level |		FALSE	doc says "`warn`"; code applies "info" (SetDefaults Log.LevelEthRPC)	S2	script+mechanized+scout-confirmed	yes				FALSE	doc says "`warn`"; code applies "info" (SetDefaults Log.LevelEthRPC)	FIXED: warn -> info			
C1517-2a086b8e	P0	docs/reference/env-proxy-router.mdx	139	env	LOG_LEVEL_STORAGE	0	| `LOG_LEVEL_STORAGE` | `warn` | Badger storage log level |		FALSE	doc says "`warn`"; code applies "info" (SetDefaults Log.LevelStorage)	S2	script+mechanized+scout-confirmed	yes				FALSE	doc says "`warn`"; code applies "info" (SetDefaults Log.LevelStorage)	FIXED: warn -> info			
C1518-cf49200b	P0	docs/reference/env-proxy-router.mdx	147	port	8082	0	| `WEB_ADDRESS` | `0.0.0.0:8082` | Bind for the HTTP/Swagger API |		TRUE	ui-desktop/.env.example:33 (PROXY_WEB_DEFAULT_PORT)	-	script	yes									
C1519-13acecba	P0	docs/reference/env-proxy-router.mdx	147	env	WEB_ADDRESS	0	| `WEB_ADDRESS` | `0.0.0.0:8082` | Bind for the HTTP/Swagger API |		TRUE	proxy-router/internal/config/config.go:106	-	script	yes									
C1520-72ead2ea	P0	docs/reference/env-proxy-router.mdx	148	env	WEB_PUBLIC_URL	0	| `WEB_PUBLIC_URL` | `http://localhost:<WEB_ADDRESS port>` | Public-facing URL of the API. **Set explicitly** for any provider that consumers must reach. |		TRUE	proxy-router/internal/config/config.go:107	-	script	yes									
C1521-96745fca	P0	docs/reference/env-proxy-router.mdx	149	port	3333	0	| `PROXY_ADDRESS` | `0.0.0.0:3333` | Bind for the consumer-to-provider TCP proxy |		TRUE	proxy-router/.env.example.win:25 (PROXY_ADDRESS)	-	script	yes									
C1522-37c7fb13	P0	docs/reference/env-proxy-router.mdx	149	env	PROXY_ADDRESS	0	| `PROXY_ADDRESS` | `0.0.0.0:3333` | Bind for the consumer-to-provider TCP proxy |		TRUE	proxy-router/internal/config/config.go:61	-	script	yes									
C1523-0b5b8415	P0	docs/reference/env-proxy-router.mdx	155	env	MAX_CACHED_DESTS	0	| `MAX_CACHED_DESTS` | `5` | Max cached provider destinations |		FALSE	identifier appears nowhere in the repo; documents a tunable with a default of 5 that does not exist	S3	script	yes									
C1524-57187778	P0	docs/reference/env-proxy-router.mdx	156	env	PROXY_STORAGE_PATH	0	| `PROXY_STORAGE_PATH` | `./data/badger/` | Local Badger / runtime state |		TRUE	proxy-router/internal/config/config.go:62	-	script	yes									
C1525-51d2e765	P0	docs/reference/env-proxy-router.mdx	156	runtime_path	./data/badger/	0	| `PROXY_STORAGE_PATH` | `./data/badger/` | Local Badger / runtime state |		N/A	runtime/OS path — not expected to exist in the repo	-	script	yes									
C1526-3b281595	P0	docs/reference/env-proxy-router.mdx	157	env	PROXY_STORE_CHAT_CONTEXT	0	| `PROXY_STORE_CHAT_CONTEXT` | `true` | Persist chat context. **Frozen `false` in `-tee` images.** |		TRUE	proxy-router/internal/config/config.go:63	-	script	yes									
C1527-33d7c9a0	P0	docs/reference/env-proxy-router.mdx	158	env	PROXY_FORWARD_CHAT_CONTEXT	0	| `PROXY_FORWARD_CHAT_CONTEXT` | `true` | Prepend stored history to prompts |		FALSE	doc says "`true`"; code applies "false" (SetDefaults Proxy.ForwardChatContext)	S2	script+mechanized+scout-confirmed	yes				FALSE	doc says "`true`"; code applies "false" (SetDefaults Proxy.ForwardChatContext)	FIXED: true -> false			
C1528-4293592d	P0	docs/reference/env-proxy-router.mdx	159	doc_link	/reference/models-config	0	| `MODELS_CONFIG_PATH` | `./models-config.json` | See [models-config](/reference/models-config). See precedence above. |		TRUE	doc is CORRECT — models_config.go:14 ConfigPathDefault falls back to models-config.json	-	script+mechanized+scout	yes				REFUTED	doc says "`./models-config.json`"; code applies "" (.env.example)	refuted-by-scout			
C1529-345f36de	P0	docs/reference/env-proxy-router.mdx	159	env	MODELS_CONFIG_PATH	0	| `MODELS_CONFIG_PATH` | `./models-config.json` | See [models-config](/reference/models-config). See precedence above. |		TRUE	proxy-router/internal/config/config.go:67	-	script	yes									
C1530-a9d40644	P0	docs/reference/env-proxy-router.mdx	159	repo_path	models-config.json	0	| `MODELS_CONFIG_PATH` | `./models-config.json` | See [models-config](/reference/models-config). See precedence above. |		TRUE	resolves to .github/workflows/models-config.json	-	script	yes									
C1531-aed56461	P0	docs/reference/env-proxy-router.mdx	160	env	MODELS_CONFIG_CONTENT	0	| `MODELS_CONFIG_CONTENT` | (unset) | **Seeds the models config file on first start only.** See precedence above. |		TRUE	proxy-router/internal/config/config.go:68	-	script	yes									
C1532-3af0bd4c	P0	docs/reference/env-proxy-router.mdx	161	env	AGENT_CONFIG_PATH	0	| `AGENT_CONFIG_PATH` | (built-in default) | Local agent registry path |		TRUE	proxy-router/internal/config/config.go:65	-	script	yes									
C1533-d2d78c4a	P0	docs/reference/env-proxy-router.mdx	162	env	AGENT_CONFIG_CONTENT	0	| `AGENT_CONFIG_CONTENT` | (unset) | **Seeds the agent config file on first start only.** Same rules as the models pair. |		TRUE	proxy-router/internal/config/config.go:66	-	script	yes									
C1534-95cb91c4	P0	docs/reference/env-proxy-router.mdx	163	doc_link	/reference/rating-config	0	| `RATING_CONFIG_PATH` | `./rating-config.json` | See [rating-config](/reference/rating-config) |		TRUE	docs/reference/rating-config.mdx exists and is in docs.json nav	-	script	yes									
C1535-26eaa011	P0	docs/reference/env-proxy-router.mdx	163	env	RATING_CONFIG_PATH	0	| `RATING_CONFIG_PATH` | `./rating-config.json` | See [rating-config](/reference/rating-config) |		TRUE	proxy-router/internal/config/config.go:69	-	script	yes									
C1536-2a92bfdf	P0	docs/reference/env-proxy-router.mdx	163	repo_path	rating-config.json	0	| `RATING_CONFIG_PATH` | `./rating-config.json` | See [rating-config](/reference/rating-config) |		TRUE	resolves to .github/workflows/rating-config.json	-	script	yes									
C1537-116bcf4f	P0	docs/reference/env-proxy-router.mdx	169	env	LLM_TIMEOUT	0	| `LLM_TIMEOUT` | (depends on release) | P-Node → backend LLM timeout (streaming + non-streaming) |		TRUE	proxy-router/internal/config/config.go:74	-	script	yes									
C1538-e1b2c4cb	P0	docs/reference/env-proxy-router.mdx	170	env	CNODE_PNODE_TIMEOUT	0	| `CNODE_PNODE_TIMEOUT` | (depends on release) | Per-attempt timeout for C-Node waiting for P-Node first response |		TRUE	proxy-router/internal/config/config.go:75	-	script	yes									
C1539-64282bb6	P0	docs/reference/env-proxy-router.mdx	171	env	CNODE_PNODE_MAX_RETRIES	0	| `CNODE_PNODE_MAX_RETRIES` | (depends on release) | Max retries for C-Node → P-Node read timeout (chat / embeddings) |		TRUE	proxy-router/internal/config/config.go:76	-	script	yes									
C1540-d7fc3cb6	P0	docs/reference/env-proxy-router.mdx	172	env	CNODE_PNODE_AUDIO_MAX_RETRIES	0	| `CNODE_PNODE_AUDIO_MAX_RETRIES` | (depends on release) | Max retries for audio transcription / speech routes |		TRUE	proxy-router/internal/config/config.go:77	-	script	yes									
C1541-7930767e	P0	docs/reference/env-proxy-router.mdx	174	external_url	https://github.com/MorpheusAIs/Morpheus-Lumerin-Node/blob/main/proxy-router/internal/config/config.go	0	For exact defaults check the source of truth ([`config.go`](https://github.com/MorpheusAIs/Morpheus-Lumerin-Node/blob/main/proxy-router/internal/config/config.go)) — these can change between releases		UNVERIFIABLE-IN-REPO	external URL — out of scope (in-repo reach)	-	script	yes									
C1542-05af96cb	P0	docs/reference/env-proxy-router.mdx	178	doc_link	/providers/full/model-health	0	On provider nodes the proxy-router periodically probes every model from `models-config.json` that has an **active bid from this provider**: LLM models get a small dynamically generated arithmetic prom		TRUE	docs/providers/full/model-health.mdx exists and is in docs.json nav	-	script	yes									
C1543-afab4919	P0	docs/reference/env-proxy-router.mdx	182	env	MODEL_HEALTH_CHECK_DISABLED	0	| `MODEL_HEALTH_CHECK_DISABLED` | `false` | Set `true` to disable the loop (the `models` field disappears from `/healthcheck`) |		TRUE	proxy-router/internal/config/config.go:78	-	script	yes									
C1544-cc6ee687	P0	docs/reference/env-proxy-router.mdx	182	api_path	/healthcheck	0	| `MODEL_HEALTH_CHECK_DISABLED` | `false` | Set `true` to disable the loop (the `models` field disappears from `/healthcheck`) |		TRUE	proxy-router/docs/swagger.yaml:2471	-	script	yes									
C1545-0611068a	P0	docs/reference/env-proxy-router.mdx	183	env	MODEL_HEALTH_CHECK_INTERVAL	0	| `MODEL_HEALTH_CHECK_INTERVAL` | `1h` | How often models are probed; results are cached between runs |		TRUE	proxy-router/internal/config/config.go:79	-	script	yes									
C1546-2189a516	P0	docs/reference/env-proxy-router.mdx	184	env	MODEL_HEALTH_CHECK_TIMEOUT	0	| `MODEL_HEALTH_CHECK_TIMEOUT` | `60s` | Per-model probe timeout |		TRUE	proxy-router/internal/config/config.go:80	-	script	yes									
C1547-5faa9d25	P0	docs/reference/env-proxy-router.mdx	185	env	MODEL_HEALTH_CHECK_PROBE_DELAY	0	| `MODEL_HEALTH_CHECK_PROBE_DELAY` | `2s` | Pause between per-model probes so many-model providers don't burst their upstream into a rate limit |		TRUE	proxy-router/internal/config/config.go:81	-	script	yes									
C1548-700b8da4	P0	docs/reference/env-proxy-router.mdx	186	env	MODEL_HEALTH_MAX_CONSECUTIVE_ERRORS	0	| `MODEL_HEALTH_MAX_CONSECUTIVE_ERRORS` | `3` | Consecutive real-session prompt failures after which the model is reported `unhealthy` (`errorKind: session_errors`) immediately, without waiting for th		TRUE	proxy-router/internal/config/config.go:82	-	script	yes									
C1549-766c4f2a	P0	docs/reference/env-proxy-router.mdx	190	env	SESSION_HEALTH_POLICY	0	On consumer nodes, `SESSION_HEALTH_POLICY` controls how strictly the pre-open healthcheck pings gate provider selection when opening a session **by model ID** (the failover loop). Opening by a specifi		TRUE	proxy-router/internal/config/config.go:87	-	script	yes									
C1550-a1608ddc	P0	docs/reference/env-proxy-router.mdx	194	env	SESSION_HEALTH_POLICY	0	| `SESSION_HEALTH_POLICY` | `permissive` | One of `permissive`, `preferred`, `strict` — see below |		TRUE	proxy-router/internal/config/config.go:87	-	script	yes									
C1551-32567a3a	P0	docs/reference/env-proxy-router.mdx	210	env	TEE_PORTAL_URL	0	| `TEE_PORTAL_URL` | `https://secretai.scrtlabs.com/api` | SecretAI Portal used to verify raw TDX CPU quotes |		FALSE	doc says "`https://secretai.scrtlabs.com/api`"; code applies "https://secretai.scrtlabs.com/api/quote-parse" (SetDefaults TEE.PortalURL)	S2	script+mechanized+scout-confirmed	yes				FALSE	doc says "`https://secretai.scrtlabs.com/api`"; code applies "https://secretai.scrtlabs.com/api/quote-parse" (SetDefaults TEE.PortalURL)	FIXED: added /quote-parse			
C1552-e6de34d9	P0	docs/reference/env-proxy-router.mdx	211	env	TEE_IMAGE_REPO	0	| `TEE_IMAGE_REPO` | `ghcr.io/morpheusais/morpheus-lumerin-node-tee` | GHCR repo where the consumer-side P-Node attestation fetches the signed golden manifest via cosign |		TRUE	proxy-router/internal/config/config.go:100	-	script	yes									
C1553-bc2ce3d1	P0	docs/reference/env-proxy-router.mdx	211	repo_path	ghcr.io/morpheusais/morpheus-lumerin-node-tee	0	| `TEE_IMAGE_REPO` | `ghcr.io/morpheusais/morpheus-lumerin-node-tee` | GHCR repo where the consumer-side P-Node attestation fetches the signed golden manifest via cosign |		UNVERIFIABLE-IN-REPO	looks like an external Go import path	-	script	yes									
C1554-f3c9bf1b	P0	docs/reference/env-proxy-router.mdx	212	external_url	https://www.npmjs.com/package/secretvm-verify	0	| `ARTIFACT_REGISTRY_URL` | `https://cdn.jsdelivr.net/npm/secretvm-verify@0.13.0/data/tdx.csv` | SecretVM TDX artifact registry CSV (MRTD + RTMR0-2 lookup). Served from the published [secretvm-verify]		UNVERIFIABLE-IN-REPO	external URL — out of scope (in-repo reach)	-	script	yes									
C1555-b9f87bd2	P0	docs/reference/env-proxy-router.mdx	212	env_negated	ARTIFACT_REGISTRY_URL	0	| `ARTIFACT_REGISTRY_URL` | `https://cdn.jsdelivr.net/npm/secretvm-verify@0.13.0/data/tdx.csv` | SecretVM TDX artifact registry CSV (MRTD + RTMR0-2 lookup). Served from the published [secretvm-verify]		AMBIGUOUS	doc denies/qualifies this name, but proxy-router/internal/config/config.go:101 defines it — check the framing	-	script	yes									
C1556-7fa9d794	P0	docs/reference/env-proxy-router.mdx	213	env	SEV_ARTIFACT_REGISTRY_URL	0	| `SEV_ARTIFACT_REGISTRY_URL` | `https://cdn.jsdelivr.net/npm/secretvm-verify@0.13.0/data/sev.json` | SecretVM SEV-SNP artifact registry JSON |		TRUE	proxy-router/internal/config/config.go:102	-	script	yes									
C1557-7c063a1f	P0	docs/reference/env-proxy-router.mdx	214	env	ARTIFACT_REGISTRY_REFRESH_INTERVAL	0	| `ARTIFACT_REGISTRY_REFRESH_INTERVAL` | `1h` | How often the proxy-router re-downloads the artifact registry |		TRUE	proxy-router/internal/config/config.go:103	-	script	yes									
C1558-57487846	P0	docs/reference/env-proxy-router.mdx	216	doc_link	/concepts/tee-overview	0	See [TEE overview](/concepts/tee-overview) and [TEE reference](/providers/full/tee-reference).		TRUE	docs/concepts/tee-overview.mdx exists and is in docs.json nav	-	script	yes									
C1559-003f7a07	P0	docs/reference/env-proxy-router.mdx	216	doc_link	/providers/full/tee-reference	0	See [TEE overview](/concepts/tee-overview) and [TEE reference](/providers/full/tee-reference).		TRUE	docs/providers/full/tee-reference.mdx exists and is in docs.json nav	-	script	yes									
C1560-ed095516	P0	docs/reference/env-proxy-router.mdx	224	env	SYS_ENABLE	0	| `SYS_ENABLE` | `false` | Set `true` to apply the values below at startup |		TRUE	proxy-router/internal/config/config.go:90	-	script	yes									
C1561-e9b5fc17	P0	docs/reference/env-proxy-router.mdx	225	env	SYS_LOCAL_PORT_RANGE	0	| `SYS_LOCAL_PORT_RANGE` | `1024 65535` | |		TRUE	proxy-router/internal/config/config.go:91	-	script	yes									
C1562-fff60b3a	P0	docs/reference/env-proxy-router.mdx	226	env	SYS_NET_DEV_MAX_BACKLOG	0	| `SYS_NET_DEV_MAX_BACKLOG` | `100000` | |		TRUE	proxy-router/internal/config/config.go:92	-	script	yes									
C1563-77cb250d	P0	docs/reference/env-proxy-router.mdx	227	env	SYS_RLIMIT_HARD	0	| `SYS_RLIMIT_HARD` | `524288` | |		TRUE	proxy-router/internal/config/config.go:93	-	script	yes									
C1564-157c5563	P0	docs/reference/env-proxy-router.mdx	228	env	SYS_RLIMIT_SOFT	0	| `SYS_RLIMIT_SOFT` | `524288` | |		TRUE	proxy-router/internal/config/config.go:94	-	script	yes									
C1565-acaf4448	P0	docs/reference/env-proxy-router.mdx	229	env	SYS_SOMAXCONN	0	| `SYS_SOMAXCONN` | `100000` (Linux) / `2048` (Darwin/macOS) | |		TRUE	proxy-router/internal/config/config.go:95	-	script	yes									
C1566-f9542555	P0	docs/reference/env-proxy-router.mdx	230	env	SYS_TCP_MAX_SYN_BACKLOG	0	| `SYS_TCP_MAX_SYN_BACKLOG` | `100000` | |		TRUE	proxy-router/internal/config/config.go:96	-	script	yes									
C1567-b95d453c	P0	docs/reference/env-proxy-router.mdx	238	shell_var	ETH_NODE_CHAIN_ID	1	ETH_NODE_CHAIN_ID=8453		TRUE	proxy-router/internal/config/config.go:28 (also a config env var)	-	script	yes									
C1568-c7ae5d87	P0	docs/reference/env-proxy-router.mdx	239	address	addr#acb3e366	1	DIAMOND_CONTRACT_ADDRESS=0x<redacted>		TRUE	matches an address in .env.example / smart-contracts/deploy/data (value withheld)	-	script	yes									
C1569-68f3d5d4	P0	docs/reference/env-proxy-router.mdx	239	shell_var	DIAMOND_CONTRACT_ADDRESS	1	DIAMOND_CONTRACT_ADDRESS=0x6aBE1d282f72B474E54527D93b979A4f64d3030a		TRUE	proxy-router/internal/config/config.go:46 (also a config env var)	-	script	yes									
C1570-e2623692	P0	docs/reference/env-proxy-router.mdx	240	address	addr#56f99c5e	1	MOR_TOKEN_ADDRESS=0x<redacted>		TRUE	matches an address in .env.example / smart-contracts/deploy/data (value withheld)	-	script	yes									
C1571-168ae831	P0	docs/reference/env-proxy-router.mdx	240	shell_var	MOR_TOKEN_ADDRESS	1	MOR_TOKEN_ADDRESS=0x7431aDa8a591C955a994a21710752EF9b882b8e3		TRUE	proxy-router/internal/config/config.go:47 (also a config env var)	-	script	yes									
C1572-314daeaa	P0	docs/reference/env-proxy-router.mdx	241	shell_var	BLOCKSCOUT_API_URL	1	BLOCKSCOUT_API_URL=https://base.blockscout.com/api/v2		TRUE	proxy-router/internal/config/config.go:32 (also a config env var)	-	script	yes									
C1573-34c1e92c	P0	docs/reference/env-proxy-router.mdx	244	shell_var	ETH_NODE_CHAIN_ID	1	# ETH_NODE_CHAIN_ID=84532		TRUE	proxy-router/internal/config/config.go:28 (also a config env var)	-	script	yes									
C1574-56a0c7ee	P0	docs/reference/env-proxy-router.mdx	245	address	addr#6e2daceb	1	# DIAMOND_CONTRACT_ADDRESS=0x<redacted>		TRUE	matches an address in .env.example / smart-contracts/deploy/data (value withheld)	-	script	yes									
C1575-2b4a6473	P0	docs/reference/env-proxy-router.mdx	245	shell_var	DIAMOND_CONTRACT_ADDRESS	1	# DIAMOND_CONTRACT_ADDRESS=0xA328196f2438DADA5ab729E39388D86896c27c85		TRUE	proxy-router/internal/config/config.go:46 (also a config env var)	-	script	yes									
C1576-d4b44088	P0	docs/reference/env-proxy-router.mdx	246	address	addr#1781a01d	1	# MOR_TOKEN_ADDRESS=0x<redacted>		TRUE	matches an address in .env.example / smart-contracts/deploy/data (value withheld)	-	script	yes									
C1577-5719c0ed	P0	docs/reference/env-proxy-router.mdx	246	shell_var	MOR_TOKEN_ADDRESS	1	# MOR_TOKEN_ADDRESS=0x5C80Ddd187054E1E4aBBfFCD750498e81d34FfA3		TRUE	proxy-router/internal/config/config.go:47 (also a config env var)	-	script	yes									
C1578-57663acd	P0	docs/reference/env-proxy-router.mdx	247	shell_var	BLOCKSCOUT_API_URL	1	# BLOCKSCOUT_API_URL=https://base-sepolia.blockscout.com/api/v2		TRUE	proxy-router/internal/config/config.go:32 (also a config env var)	-	script	yes									
C1579-e15608cd	P0	docs/reference/env-proxy-router.mdx	252	external_url	https://github.com/MorpheusAIs/Morpheus-Lumerin-Node/blob/main/docs/proxy-router.all.env	0	For the complete annotated reference (every variable, every example value), see [`docs/proxy-router.all.env`](https://github.com/MorpheusAIs/Morpheus-Lumerin-Node/blob/main/docs/proxy-router.all.env)		UNVERIFIABLE-IN-REPO	external URL — out of scope (in-repo reach)	-	script	yes									
C1580-1b17fc47	P0	docs/reference/env-ui-desktop.mdx	6	last_verified	v7.6.0	0	last_verified: "v7.6.0"		UNVERIFIABLE-IN-REPO	no tag v7.6.0 in this repo (282 tags; highest release tag v7.5.0) — may exist upstream	-	script	yes									
C1581-4c471a36	P0	docs/reference/env-ui-desktop.mdx	1	frontmatter_keys	title,description,audience,product,last_verified,source	0	frontmatter keys: title, description, audience, product, last_verified, source		TRUE	title and description present	-	script	yes									
C1582-a9374cb0	P0	docs/reference/env-ui-desktop.mdx	10	external_url	https://github.com/MorpheusAIs/Morpheus-Lumerin-Node/blob/main/docs/ui-desktop.all.env	0	MorpheusUI configuration lives in `ui-desktop/.env` when building from source (or the equivalent platform-specific resource for a packaged install). The complete annotated dump is at [`docs/ui-desktop		UNVERIFIABLE-IN-REPO	external URL — out of scope (in-repo reach)	-	script	yes									
C1583-a83d2178	P0	docs/reference/env-ui-desktop.mdx	10	external_url	https://github.com/MorpheusAIs/Morpheus-Lumerin-Node/blob/main/ui-desktop/src/main/config/index.ts	0	MorpheusUI configuration lives in `ui-desktop/.env` when building from source (or the equivalent platform-specific resource for a packaged install). The complete annotated dump is at [`docs/ui-desktop		UNVERIFIABLE-IN-REPO	external URL — out of scope (in-repo reach)	-	script	yes									
C1584-ba4c6067	P0	docs/reference/env-ui-desktop.mdx	10	repo_path	ui-desktop/.env	0	MorpheusUI configuration lives in `ui-desktop/.env` when building from source (or the equivalent platform-specific resource for a packaged install). The complete annotated dump is at [`docs/ui-desktop		TRUE	ui-desktop/.env exists	-	script	yes									
C1585-b915ae30	P0	docs/reference/env-ui-desktop.mdx	16	env	BYPASS_AUTH	0	| `BYPASS_AUTH` | `false` | `true` to bypass auth (dev only) |		TRUE	ui-desktop/.env.example:29	-	script	yes									
C1586-770d08bb	P0	docs/reference/env-ui-desktop.mdx	17	env	PROXY_WEB_DEFAULT_PORT	0	| `PROXY_WEB_DEFAULT_PORT` | `8082` | Default port for the local proxy-router |		TRUE	ui-desktop/.env.example:33	-	script	yes									
C1587-b5ef61f5	P0	docs/reference/env-ui-desktop.mdx	18	port	8082	0	| `PROXY_WEB_URL` | `http://localhost:8082` | Override the local API URL |		TRUE	ui-desktop/.env.example:33 (PROXY_WEB_DEFAULT_PORT)	-	script	yes									
C1588-a541a12b	P0	docs/reference/env-ui-desktop.mdx	18	env	PROXY_WEB_URL	0	| `PROXY_WEB_URL` | `http://localhost:8082` | Override the local API URL |		FALSE	identifier appears nowhere in ui-desktop; documents an override that silently does nothing	S3	script	yes									
C1589-11698ab8	P0	docs/reference/env-ui-desktop.mdx	24	env	CHAIN_ID	0	| `CHAIN_ID` | (unset) | `8453` (mainnet) or `84532` (testnet) |		TRUE	ui-desktop/.env.example:5	-	script	yes									
C1590-a70e0edd	P0	docs/reference/env-ui-desktop.mdx	25	env	DEFAULT_SELLER_CURRENCY	0	| `DEFAULT_SELLER_CURRENCY` | `BTC` | Default seller currency symbol |		TRUE	ui-desktop/.env.example:31	-	script	yes									
C1591-bd817808	P0	docs/reference/env-ui-desktop.mdx	26	address	addr#acb3e366	0	| `DIAMOND_ADDRESS` | mainnet `0x<redacted>`; testnet `0x<redacted>` | Diamond contract |		TRUE	matches an address in .env.example / smart-contracts/deploy/data (value withheld)	-	script	yes									
C1592-c8e92104	P0	docs/reference/env-ui-desktop.mdx	26	address	addr#6e2daceb	0	| `DIAMOND_ADDRESS` | mainnet `0x<redacted>`; testnet `0x<redacted>` | Diamond contract |		TRUE	matches an address in .env.example / smart-contracts/deploy/data (value withheld)	-	script	yes									
C1593-a03160df	P0	docs/reference/env-ui-desktop.mdx	26	env	DIAMOND_ADDRESS	0	| `DIAMOND_ADDRESS` | mainnet `0x6aBE1d282f72B474E54527D93b979A4f64d3030a`; testnet `0xA328196f2438DADA5ab729E39388D86896c27c85` | Diamond contract |		TRUE	ui-desktop/.env.example:8	-	script	yes									
C1594-79f646ee	P0	docs/reference/env-ui-desktop.mdx	27	env	EXPLORER_URL	0	| `EXPLORER_URL` | (unset) | Block explorer URL |		TRUE	ui-desktop/.env.example:9	-	script	yes									
C1595-efb49275	P0	docs/reference/env-ui-desktop.mdx	33	env	DISPLAY_NAME	0	| `DISPLAY_NAME` | `MorpheusUI` | Window/title text |		TRUE	ui-desktop/.env.example:20	-	script	yes									
C1596-8a492e53	P0	docs/reference/env-ui-desktop.mdx	46	external_url	https://github.com/MorpheusAIs/Morpheus-Lumerin-Node/blob/main/docs/ui-desktop.all.env	0	For every variable (including theme tweaks, debug flags, and feature toggles), see [`docs/ui-desktop.all.env`](https://github.com/MorpheusAIs/Morpheus-Lumerin-Node/blob/main/docs/ui-desktop.all.env).		UNVERIFIABLE-IN-REPO	external URL — out of scope (in-repo reach)	-	script	yes									
C1597-45a7e6f1	P0	docs/reference/glossary.mdx	6	last_verified	v7.9.0	0	last_verified: "v7.9.0"		UNVERIFIABLE-IN-REPO	no tag v7.9.0 in this repo (282 tags; highest release tag v7.5.0) — may exist upstream	-	script	yes									
C1598-3c672be5	P0	docs/reference/glossary.mdx	1	frontmatter_keys	title,description,audience,product,last_verified	0	frontmatter keys: title, description, audience, product, last_verified		TRUE	title and description present	-	script	yes									
C1599-82355ae3	P0	docs/reference/glossary.mdx	14	chain_id	8453	0	| **BASE** | Coinbase's Ethereum L2 rollup. Morpheus settles here. Mainnet chain ID `8453`; Sepolia `84532`. |		TRUE	ui-desktop/.env.example:5 declares this chain id	-	script	yes									
C1600-63bc557e	P0	docs/reference/glossary.mdx	14	chain_id	84532	0	| **BASE** | Coinbase's Ethereum L2 rollup. Morpheus settles here. Mainnet chain ID `8453`; Sepolia `84532`. |		TRUE	ui-desktop/.env.example:17 declares this chain id	-	script	yes									
C1601-71f89bf4	P0	docs/reference/glossary.mdx	18	doc_link	/reference/rating-config	0	| **Reputation system** | Per-provider performance tracking (uptime, TTFT, throughput, success, stake). Used by the consumer-side proxy-router to bias session routing — see [rating-config](/reference/		TRUE	docs/reference/rating-config.mdx exists and is in docs.json nav	-	script	yes									
C1602-7597be6b	P0	docs/reference/glossary.mdx	36	repo_path	mor-cli	0	| **mor-cli** | The Go CLI client in this repo. Local builds produce `./mor-cli`; GitHub release assets are named `*-morpheus-cli-<version>`. |		N/A	build artifact: cli/Makefile:2 PROG = mor-cli	-	script	yes									
C1603-72e2b2be	P0	docs/reference/glossary.mdx	39	repo_path	ghcr.io/morpheusais/morpheus-lumerin-node-tee	0	| **`-tee` image** | The hardened proxy-router image (`ghcr.io/morpheusais/morpheus-lumerin-node-tee`) with config baked at build time. |		UNVERIFIABLE-IN-REPO	looks like an external Go import path	-	script	yes									
C1604-7937e4df	P0	docs/reference/glossary.mdx	45	doc_link	/inference-api/overview	0	| **`apidocs.mor.org`** | Documentation for the **Morpheus Inference API** — a separate, hosted, OpenAI-compatible gateway product. It is **not** the proxy-router HTTP API reference. See [Inference AP		TRUE	docs/inference-api/overview.mdx exists and is in docs.json nav	-	script	yes									
C1605-a7446c63	P0	docs/reference/glossary.mdx	46	external_url	https://apidocs.mor.org	0	| **Inference API / API Gateway** | Hosted OpenAI-compatible HTTPS gateway built on top of Morpheus. Base URL: `https://api.mor.org/api/v1`. Docs at [apidocs.mor.org](https://apidocs.mor.org). For use		UNVERIFIABLE-IN-REPO	external URL — out of scope (in-repo reach)	-	script	yes									
C1606-8414ffc3	P0	docs/reference/glossary.mdx	48	doc_link	/ai/llm-prompt-cheatsheet	0	| **`gitbook.mor.org`** | Broader Morpheus documentation hub. Supports an `?ask=<question>` query parameter that returns natural-language answers + sources — useful for AI agents. See [LLM cheatsheet]		TRUE	docs/ai/llm-prompt-cheatsheet.mdx exists and is in docs.json nav	-	script	yes									
C1607-a8f0c189	P0	docs/reference/glossary.mdx	54	doc_link	/reference/models-config	0	| **`models-config.json`** | Local file mapping on-chain `modelId` → backend `apiUrl`. See [reference](/reference/models-config). |		TRUE	docs/reference/models-config.mdx exists and is in docs.json nav	-	script	yes									
C1608-09592509	P0	docs/reference/glossary.mdx	55	doc_link	/reference/rating-config	0	| **`rating-config.json`** | Local file controlling provider selection weights and allowlists. See [reference](/reference/rating-config). |		TRUE	docs/reference/rating-config.mdx exists and is in docs.json nav	-	script	yes									
C1609-f618ad0c	P0	docs/reference/models-config.mdx	6	last_verified	v7.0.0	0	last_verified: "v7.0.0"		TRUE	tag v7.0.0 exists in this repo	-	script	yes									
C1610-f5345e2c	P0	docs/reference/models-config.mdx	1	frontmatter_keys	title,description,audience,product,last_verified,source	0	frontmatter keys: title, description, audience, product, last_verified, source		TRUE	title and description present	-	script	yes									
C1611-6dc5413f	P0	docs/reference/models-config.mdx	10	external_url	https://github.com/MorpheusAIs/Morpheus-Lumerin-Node/blob/main/proxy-router/internal/config/models-config-schema.json	0	`models-config.json` tells the proxy-router how to translate on-chain `modelId` values into actual backend HTTP calls. The schema is enforced by [`proxy-router/internal/config/models-config-schema.jso		UNVERIFIABLE-IN-REPO	external URL — out of scope (in-repo reach)	-	script	yes									
C1612-fc107396	P0	docs/reference/models-config.mdx	25	doc_link	/providers/full/register-onchain	0	**`concurrentSlots` is per-model, not global.** The proxy-router will accept up to `sum(concurrentSlots)` across all configured models concurrently. There is no built-in global cap. If your hardware c		TRUE	docs/providers/full/register-onchain.mdx exists and is in docs.json nav	-	script	yes									
C1614-aa66164a	P0	docs/reference/models-config.mdx	38	bytes32_id	id#dd892b58	1	"modelId": "0x<redacted>",		N/A	example session/model id in a sample payload — not a configured value	-	script	yes									
C1615-2af44978	P0	docs/reference/models-config.mdx	41	port	8080	1	"apiUrl": "http://localhost:8080/v1/chat/completions"		N/A	example apiUrl inside a models-config.json sample — not a shipped default	-	script	yes									
C1616-00962a30	P0	docs/reference/models-config.mdx	41	api_path	/v1/chat/completions	1	"apiUrl": "http://localhost:8080/v1/chat/completions"		TRUE	proxy-router/docs/swagger.yaml:2891	-	script	yes									
C1617-9d7badd5	P0	docs/reference/models-config.mdx	44	bytes32_id	id#41551297	1	"modelId": "0x<redacted>",		N/A	example session/model id in a sample payload — not a configured value	-	script	yes									
C1618-09c6b90c	P0	docs/reference/models-config.mdx	51	bytes32_id	id#f595e7a9	1	"modelId": "0x<redacted>",		N/A	example session/model id in a sample payload — not a configured value	-	script	yes									
C1619-30fc0829	P0	docs/reference/models-config.mdx	62	bytes32_id	id#7432cead	1	"modelId": "0x<redacted>",		N/A	example session/model id in a sample payload — not a configured value	-	script	yes									
C1620-6511f512	P0	docs/reference/models-config.mdx	69	bytes32_id	id#35edeb12	1	"modelId": "0x<redacted>",		N/A	example session/model id in a sample payload — not a configured value	-	script	yes									
C1621-8f3006f9	P0	docs/reference/models-config.mdx	76	bytes32_id	id#35f679a7	1	"modelId": "0x<redacted>",		N/A	example session/model id in a sample payload — not a configured value	-	script	yes									
C1622-7cb68325	P0	docs/reference/models-config.mdx	83	bytes32_id	id#6640a75f	1	"modelId": "0x<redacted>",		N/A	example session/model id in a sample payload — not a configured value	-	script	yes									
C1623-d5295cd0	P0	docs/reference/models-config.mdx	90	bytes32_id	id#71477ad7	1	"modelId": "0x<redacted>",		N/A	example session/model id in a sample payload — not a configured value	-	script	yes									
C1624-a086fac2	P0	docs/reference/models-config.mdx	102	doc_link	/providers/full/secretvm-quickstart	0	For deployments where mounting a JSON file is impractical, set `MODELS_CONFIG_CONTENT` to a **single-line JSON string** with the exact same shape as above. The proxy-router reads it instead of `MODELS		TRUE	docs/providers/full/secretvm-quickstart.mdx exists and is in docs.json nav	-	script	yes									
C1625-812cfb83	P0	docs/reference/models-config.mdx	102	doc_link	/providers/full/proxy-router-akash	0	For deployments where mounting a JSON file is impractical, set `MODELS_CONFIG_CONTENT` to a **single-line JSON string** with the exact same shape as above. The proxy-router reads it instead of `MODELS		TRUE	docs/providers/full/proxy-router-akash.mdx exists and is in docs.json nav	-	script	yes									
C1626-424f5a52	P0	docs/reference/models-config.mdx	102	env	MODELS_CONFIG_CONTENT	0	For deployments where mounting a JSON file is impractical, set `MODELS_CONFIG_CONTENT` to a **single-line JSON string** with the exact same shape as above. The proxy-router reads it instead of `MODELS		TRUE	proxy-router/internal/config/config.go:68	-	script	yes									
C1627-8d7d94ba	P0	docs/reference/models-config.mdx	102	env	MODELS_CONFIG_PATH	0	For deployments where mounting a JSON file is impractical, set `MODELS_CONFIG_CONTENT` to a **single-line JSON string** with the exact same shape as above. The proxy-router reads it instead of `MODELS		TRUE	proxy-router/internal/config/config.go:67	-	script	yes									
C1628-ceb317ae	P0	docs/reference/rating-config.mdx	6	last_verified	v7.0.0	0	last_verified: "v7.0.0"		TRUE	tag v7.0.0 exists in this repo	-	script	yes									
C1629-745de69f	P0	docs/reference/rating-config.mdx	1	frontmatter_keys	title,description,audience,product,last_verified,source	0	frontmatter keys: title, description, audience, product, last_verified, source		TRUE	title and description present	-	script	yes									
C1630-efbaf62f	P0	docs/reference/rating-config.mdx	10	env	RATING_CONFIG_PATH	0	`rating-config.json` configures the **rating system** the consumer proxy-router uses when picking which provider to route a session to. It lives in the project root by default; override path via `RATI		TRUE	proxy-router/internal/config/config.go:69	-	script	yes									
C1631-ddbd6a9e	P0	docs/reference/rating-config.mdx	10	env	RATING_CONFIG_CONTENT	0	`rating-config.json` configures the **rating system** the consumer proxy-router uses when picking which provider to route a session to. It lives in the project root by default; override path via `RATI		TRUE	proxy-router/internal/config/config.go:70	-	script	yes									
C1632-2633fdce	P0	docs/reference/rating-config.mdx	10	env	MODELS_CONFIG_CONTENT	0	`rating-config.json` configures the **rating system** the consumer proxy-router uses when picking which provider to route a session to. It lives in the project root by default; override path via `RATI		TRUE	proxy-router/internal/config/config.go:68	-	script	yes									
C1633-ad3393d1	P0	docs/reference/rating-config.mdx	12	env	RATING_CONFIG_PATH	0	Load order: the file at `RATING_CONFIG_PATH` (or `./rating-config.json`) wins if it exists; otherwise `RATING_CONFIG_CONTENT` is used; otherwise built-in defaults (empty allowlist, `default` algorithm		TRUE	proxy-router/internal/config/config.go:69	-	script	yes									
C1634-9851bff4	P0	docs/reference/rating-config.mdx	12	repo_path	rating-config.json	0	Load order: the file at `RATING_CONFIG_PATH` (or `./rating-config.json`) wins if it exists; otherwise `RATING_CONFIG_CONTENT` is used; otherwise built-in defaults (empty allowlist, `default` algorithm		TRUE	resolves to .github/workflows/rating-config.json	-	script	yes									
C1635-493aa21c	P0	docs/reference/rating-config.mdx	12	env	RATING_CONFIG_CONTENT	0	Load order: the file at `RATING_CONFIG_PATH` (or `./rating-config.json`) wins if it exists; otherwise `RATING_CONFIG_CONTENT` is used; otherwise built-in defaults (empty allowlist, `default` algorithm		TRUE	proxy-router/internal/config/config.go:70	-	script	yes									
C1636-4526b1d8	P0	docs/reference/rating-config.mdx	23	external_url	https://github.com/MorpheusAIs/Morpheus-Lumerin-Node/blob/main/proxy-router/internal/rating/rating-config-schema.json	0	The full schema is enforced by [`proxy-router/internal/rating/rating-config-schema.json`](https://github.com/MorpheusAIs/Morpheus-Lumerin-Node/blob/main/proxy-router/internal/rating/rating-config-sche		UNVERIFIABLE-IN-REPO	external URL — out of scope (in-repo reach)	-	script	yes									
C1637-09f81606	P0	docs/reference/rating-config.mdx	60	address	addr#8b910a79	1	"providerAllowlist": ["0x<redacted>"]		TRUE	matches an address in .env.example / smart-contracts/deploy/data (value withheld)	-	script	yes									
C1638-0823937d	P0	docs/reference/troubleshooting.mdx	6	last_verified	v7.0.0	0	last_verified: "v7.0.0"		TRUE	tag v7.0.0 exists in this repo	-	script	yes									
C1639-e4e81702	P0	docs/reference/troubleshooting.mdx	1	frontmatter_keys	title,description,audience,product,last_verified,source	0	frontmatter keys: title, description, audience, product, last_verified, source		TRUE	title and description present	-	script	yes									
C1640-825cdcc4	P0	docs/reference/troubleshooting.mdx	12	external_url	https://github.com/MorpheusAIs/Morpheus-Lumerin-Node/blob/main/docs/proxy-router.all.env	0	Tip: run the proxy-router in a foreground terminal at least once so you can see startup logs in real time. For log destinations and verbosity, see the **Logging Configuration** section of [`docs/proxy		UNVERIFIABLE-IN-REPO	external URL — out of scope (in-repo reach)	-	script	yes									
C1641-be84ee09	P0	docs/reference/troubleshooting.mdx	18	port	8082	1	INFO  HTTP  http server is listening: 0.0.0.0:8082		TRUE	ui-desktop/.env.example:33 (PROXY_WEB_DEFAULT_PORT)	-	script	yes									
C1642-2da6ef33	P0	docs/reference/troubleshooting.mdx	19	port	3333	1	INFO  TCP   tcp server is listening: 0.0.0.0:3333		TRUE	proxy-router/.env.example.win:25 (PROXY_ADDRESS)	-	script	yes									
C1643-29ad3721	P0	docs/reference/troubleshooting.mdx	22	port	8082	0	You can also confirm via `http://localhost:8082/swagger/index.html` (or whatever URL is set in your `.env`).		TRUE	ui-desktop/.env.example:33 (PROXY_WEB_DEFAULT_PORT)	-	script	yes									
C1644-a87eefbb	P0	docs/reference/troubleshooting.mdx	30	repo_path	proxy-router/env.main.example	0	These four values **must** match your chain and OS. Use `proxy-router/env.main.example` as the canonical reference:		FALSE	no such file; the canonical sample is proxy-router/.env.example	S2	script	yes									
C1645-afd87ba1	P0	docs/reference/troubleshooting.mdx	47	doc_link	/reference/env-proxy-router	0	Full reference: [Env: proxy-router](/reference/env-proxy-router).		TRUE	docs/reference/env-proxy-router.mdx exists and is in docs.json nav	-	script	yes									
C1646-3995d226	P0	docs/reference/troubleshooting.mdx	52	doc_link	/reference/models-config	0	- The JSON must follow [models-config.json](/reference/models-config).		TRUE	docs/reference/models-config.mdx exists and is in docs.json nav	-	script	yes									
C1647-c04805cf	P0	docs/reference/troubleshooting.mdx	76	doc_link	/concepts/sessions-stake-close-recover	0	- [Sessions: stake, close, claim](/concepts/sessions-stake-close-recover)		TRUE	docs/concepts/sessions-stake-close-recover.mdx exists and is in docs.json nav	-	script	yes									
C1648-e06f444f	P0	docs/reference/troubleshooting.mdx	77	doc_link	/ai/where-is-my-mor	0	- [Where is my MOR?](/ai/where-is-my-mor)		TRUE	docs/ai/where-is-my-mor.mdx exists and is in docs.json nav	-	script	yes									
C1649-1fea1fa8	P0	docs/reference/troubleshooting.mdx	78	doc_link	/ai/why-locked-in-contract	0	- [Why is my MOR locked in the contract?](/ai/why-locked-in-contract)		TRUE	docs/ai/why-locked-in-contract.mdx exists and is in docs.json nav	-	script	yes									
C1650-661f33bf	P0	docs/reference/troubleshooting.mdx	84	doc_link	/concepts/local-vs-onchain-models	0	The bundled `tinyllama` is a **demo** model. It will hallucinate, miscount, and contradict itself. Compare quality only against real Morpheus models. See [Local vs on-chain models](/concepts/local-vs-		TRUE	docs/concepts/local-vs-onchain-models.mdx exists and is in docs.json nav	-	script	yes									
C1651-c0a509fa	P0	docs/reference/troubleshooting.mdx	91	env	WEB_PUBLIC_URL	0	- Confirm `WEB_PUBLIC_URL` and the registered provider `endpoint` match your actual public host.		TRUE	proxy-router/internal/config/config.go:107	-	script	yes									
C1652-a7a74036	P0	docs/reference/troubleshooting.mdx	101	doc_link	/providers/full/tee-reference	0	- Use `cosign verify` and `cosign verify-attestation` on your `-tee` image. See [TEE reference](/providers/full/tee-reference).		TRUE	docs/providers/full/tee-reference.mdx exists and is in docs.json nav	-	script	yes									
C1653-3b20c13b	P0	docs/reference/troubleshooting.mdx	117	doc_link	/consumers/troubleshooting	0	See also: [Consumer troubleshooting](/consumers/troubleshooting).		TRUE	docs/consumers/troubleshooting.mdx exists and is in docs.json nav	-	script	yes									
C1654-6e05d7db	P0	proxy-router/readme.md	3	env	PROXY_STORE_CHAT_CONTEXT	0	`PROXY_STORE_CHAT_CONTEXT`		TRUE	proxy-router/internal/config/config.go:63	-	script	yes									
C1655-3d1c9b13	P0	proxy-router/readme.md	8	env	PROXY_STORE_CHAT_CONTEXT	0	#### When `PROXY_STORE_CHAT_CONTEXT` is set to `TRUE`		TRUE	proxy-router/internal/config/config.go:63	-	script	yes									
C1656-36cb213d	P0	proxy-router/readme.md	14	api_path	/v1/chats	0	- **API Operations:** (check swagger - `/v1/chats`)		TRUE	proxy-router/docs/swagger.yaml:2928	-	script	yes									
C1657-1479cc0c	P0	proxy-router/readme.md	24	env	PROXY_STORE_CHAT_CONTEXT	0	#### When `PROXY_STORE_CHAT_CONTEXT` is set to `FALSE`		TRUE	proxy-router/internal/config/config.go:63	-	script	yes									
C1658-b8d8b1d8	P0	smart-contracts/README.md	10	shell_var	REPORT_GAS	1	REPORT_GAS=true npx hardhat test		N/A	shell variable local to a fenced example, not repo config	-	script	yes									
C1659-94c8ee12	P0	smart-contracts/docs/inference-contract-enhancements-rfp.md	4	doc_link	../	0	**Repository:** [`smart-contracts/`](../)		TRUE	smart-contracts/ exists	-	script	yes									
C1660-7460534a	P0	smart-contracts/docs/inference-contract-enhancements-rfp.md	21	doc_link	../contracts/diamond/facets/ModelRegistry.sol	0	| ModelRegistry | [`contracts/diamond/facets/ModelRegistry.sol`](../contracts/diamond/facets/ModelRegistry.sol) |		TRUE	smart-contracts/contracts/diamond/facets/ModelRegistry.sol exists	-	script	yes									
C1661-c5616388	P0	smart-contracts/docs/inference-contract-enhancements-rfp.md	22	doc_link	../contracts/diamond/facets/Marketplace.sol	0	| Marketplace | [`contracts/diamond/facets/Marketplace.sol`](../contracts/diamond/facets/Marketplace.sol) |		TRUE	smart-contracts/contracts/diamond/facets/Marketplace.sol exists	-	script	yes									
C1662-6cedfb65	P0	smart-contracts/docs/inference-contract-enhancements-rfp.md	23	doc_link	../contracts/diamond/facets/ProviderRegistry.sol	0	| ProviderRegistry | [`contracts/diamond/facets/ProviderRegistry.sol`](../contracts/diamond/facets/ProviderRegistry.sol) |		TRUE	smart-contracts/contracts/diamond/facets/ProviderRegistry.sol exists	-	script	yes									
C1663-9ef3b8ec	P0	smart-contracts/docs/inference-contract-enhancements-rfp.md	24	doc_link	../contracts/diamond/facets/SessionRouter.sol	0	| SessionRouter | [`contracts/diamond/facets/SessionRouter.sol`](../contracts/diamond/facets/SessionRouter.sol) |		TRUE	smart-contracts/contracts/diamond/facets/SessionRouter.sol exists	-	script	yes									
C1664-aca5cc27	P0	smart-contracts/docs/inference-contract-enhancements-rfp.md	25	doc_link	../contracts/interfaces/storage/IModelStorage.sol	0	| Model struct | [`contracts/interfaces/storage/IModelStorage.sol`](../contracts/interfaces/storage/IModelStorage.sol) |		TRUE	smart-contracts/contracts/interfaces/storage/IModelStorage.sol exists	-	script	yes									
C1665-8168fa71	P0	smart-contracts/docs/inference-contract-enhancements-rfp.md	26	doc_link	../contracts/interfaces/storage/ISessionStorage.sol	0	| Session struct | [`contracts/interfaces/storage/ISessionStorage.sol`](../contracts/interfaces/storage/ISessionStorage.sol) |		TRUE	smart-contracts/contracts/interfaces/storage/ISessionStorage.sol exists	-	script	yes									
C1666-82bdddae	P0	smart-contracts/docs/inference-contract-enhancements-rfp.md	30	doc_link	../../docs/ai/session-states-open-close-recover.mdx	0	- [Session states (open, close, claim)](../../docs/ai/session-states-open-close-recover.mdx)		TRUE	docs/ai/session-states-open-close-recover.mdx exists	-	script	yes									
C1667-a8799a12	P0	smart-contracts/docs/inference-contract-enhancements-rfp.md	31	doc_link	../../docs/ai/why-locked-in-contract.mdx	0	- [Why is my MOR locked?](../../docs/ai/why-locked-in-contract.mdx)		TRUE	docs/ai/why-locked-in-contract.mdx exists	-	script	yes									
C1668-7f88f576	P0	smart-contracts/docs/inference-contract-enhancements-rfp.md	32	doc_link	../../docs/concepts/tokens-and-fees.mdx	0	- [Tokens and fees](../../docs/concepts/tokens-and-fees.mdx)		TRUE	docs/concepts/tokens-and-fees.mdx exists	-	script	yes									
C1669-7bec5862	P0	smart-contracts/docs/inference-contract-enhancements-rfp.md	33	doc_link	../../docs/concepts/rewards-and-economics.mdx	0	- [Rewards and economics](../../docs/concepts/rewards-and-economics.mdx)		TRUE	docs/concepts/rewards-and-economics.mdx exists	-	script	yes									
C1670-c7892005	P0	smart-contracts/docs/inference-contract-enhancements-rfp.md	62	env_negated	PROVIDER_REWARD_LIMITER_PERIOD	0	7. **Provider reward limiter period is 365 days** in contract (`PROVIDER_REWARD_LIMITER_PERIOD`). Some product docs incorrectly describe it as 1 day — contractor should not change this without explici		TRUE	doc asserts this name does NOT exist, and it does not exist in the repo	-	script	yes									
C1671-620b2e0f	P0	smart-contracts/docs/inference-contract-enhancements-rfp.md	161	repo_path	proxy-router/internal/repositories/registries/	0	**Downstream:** Morpheus proxy-router may adopt these to reduce multicall complexity (`proxy-router/internal/repositories/registries/`).		TRUE	proxy-router/internal/repositories/registries exists	-	script	yes									
C1672-d90105a8	P0	smart-contracts/docs/inference-contract-enhancements-rfp.md	167	env	PROVIDER_REWARD_LIMITER_PERIOD	0	**Problem:** Provider earnings are capped by `provider.stake - limitPeriodEarned` over `PROVIDER_REWARD_LIMITER_PERIOD` (365 days). This is opaque to providers and misdocumented in places.		AMBIGUOUS	identifier defined at smart-contracts/contracts/diamond/facets/ProviderRegistry.sol:48, but it is not a config env var — verify the doc's framing	-	script	yes									
C1673-656c5821	P0	smart-contracts/docs/inference-contract-enhancements-rfp.md	184	env	PROVIDER_REWARD_LIMITER_PERIOD	0	**Migration:** Additive. Optional follow-up (separate item): make `PROVIDER_REWARD_LIMITER_PERIOD` owner-configurable — requires product decision.		AMBIGUOUS	identifier defined at smart-contracts/contracts/diamond/facets/ProviderRegistry.sol:48, but it is not a config env var — verify the doc's framing	-	script	yes									
C1674-d5705477	P0	smart-contracts/docs/inference-contract-enhancements-rfp.md	276	doc_link	../../docs/ai/session-states-open-close-recover.mdx	0	**Migration:** Facet upgrade. If H3b removes consumer lock entirely, update [session-states doc](../../docs/ai/session-states-open-close-recover.mdx) and tech.mor.org checker.		TRUE	docs/ai/session-states-open-close-recover.mdx exists	-	script	yes									
C1675-ac6d7b12	P0	smart-contracts/docs/inference-contract-enhancements-rfp.md	341	env	MODEL_REGISTRAR_ROLE	0	- [ ] `modelRegister` restricted to `MODEL_REGISTRAR_ROLE` (or `onlyOwner`).		N/A	RFP proposes this role; a proposal naming something unbuilt is not a defect	-	script	yes									
C1676-6e268df4	P0	smart-contracts/docs/inference-contract-enhancements-rfp.md	431	doc_link	../../.ai-docs/TEE_Attestation_Architecture.md	0	**Primary work:** Off-chain benchmarks, TEE attestation (see [TEE Attestation Architecture](../../.ai-docs/TEE_Attestation_Architecture.md)), challenge/dispute with slashing — separate RFP.		TRUE	.ai-docs/TEE_Attestation_Architecture.md exists	-	script	yes									
C1677-af0494b5	P0	smart-contracts/docs/inference-contract-enhancements-rfp.md	558	repo_path	.ai-docs/	0	- TEE attestation implementation (see `.ai-docs/`)		TRUE	.ai-docs exists	-	script	yes									
C1678-282526ca	P0	smart-contracts/docs/session-day-lock-upgrade-runbook.md	9	address	addr#6e2daceb	0	| Diamond | `0x<redacted>` | `0x<redacted>` |		TRUE	matches an address in .env.example / smart-contracts/deploy/data (value withheld)	-	script	yes									
C1679-81ecd863	P0	smart-contracts/docs/session-day-lock-upgrade-runbook.md	9	address	addr#acb3e366	0	| Diamond | `0x<redacted>` | `0x<redacted>` |		TRUE	matches an address in .env.example / smart-contracts/deploy/data (value withheld)	-	script	yes									
C1680-fa9bb9e5	P0	smart-contracts/docs/session-day-lock-upgrade-runbook.md	10	address	addr#1b6679f7	0	| Owner | EOA `0x<redacted>` | Gnosis Safe **5-of-9** `0x<redacted>` |		TRUE	matches an address in .env.example / smart-contracts/deploy/data (value withheld)	-	script	yes									
C1681-c12773ce	P0	smart-contracts/docs/session-day-lock-upgrade-runbook.md	10	address	addr#a836e7a4	0	| Owner | EOA `0x<redacted>` | Gnosis Safe **5-of-9** `0x<redacted>` |		TRUE	matches an address in .env.example / smart-contracts/deploy/data (value withheld)	-	script	yes									
C1682-26796ad1	P0	smart-contracts/docs/session-day-lock-upgrade-runbook.md	31	repo_path	smart-contracts/	0	From `smart-contracts/` on the release commit:		TRUE	smart-contracts exists	-	script	yes									
C1683-86e33ae4	P0	smart-contracts/docs/session-day-lock-upgrade-runbook.md	38	env	PRIVATE_KEY	0	`.env`: `PRIVATE_KEY` (throwaway EOA), `ALCHEMY_KEY` (or public RPC), `BASESCAN_API_KEY`.		TRUE	smart-contracts/.env.example:7	-	script	yes									
C1684-f0b27e02	P0	smart-contracts/docs/session-day-lock-upgrade-runbook.md	38	env	ALCHEMY_KEY	0	`.env`: `PRIVATE_KEY` (throwaway EOA), `ALCHEMY_KEY` (or public RPC), `BASESCAN_API_KEY`.		AMBIGUOUS	identifier defined at smart-contracts/hardhat.config.ts:40, but it is not a config env var — verify the doc's framing	-	script	yes									
C1685-5cb76f83	P0	smart-contracts/docs/session-day-lock-upgrade-runbook.md	38	env	BASESCAN_API_KEY	0	`.env`: `PRIVATE_KEY` (throwaway EOA), `ALCHEMY_KEY` (or public RPC), `BASESCAN_API_KEY`.		TRUE	smart-contracts/.env.example:4	-	script	yes									
C1686-f41ede39	P0	smart-contracts/docs/session-day-lock-upgrade-runbook.md	57	shell_var	NEW_SESSION_ROUTER_FACET	1	NEW_SESSION_ROUTER_FACET=0x... \		N/A	shell variable local to a fenced example, not repo config	-	script	yes									
C1687-8a55cbb6	P0	smart-contracts/docs/session-day-lock-upgrade-runbook.md	61	shell_var	NEW_SESSION_ROUTER_FACET	1	NEW_SESSION_ROUTER_FACET=0x... \		N/A	shell variable local to a fenced example, not repo config	-	script	yes									
C1688-6a76a030	P0	smart-contracts/docs/session-day-lock-upgrade-runbook.md	62	address	addr#acb3e366	1	DIAMOND=0x<redacted> \		TRUE	matches an address in .env.example / smart-contracts/deploy/data (value withheld)	-	script	yes									
C1689-36bb7f9e	P0	smart-contracts/docs/session-day-lock-upgrade-runbook.md	62	shell_var	DIAMOND	1	DIAMOND=0x6aBE1d282f72B474E54527D93b979A4f64d3030a \		N/A	shell variable local to a fenced example, not repo config	-	script	yes									
C1690-d5732ea6	P0	ui-desktop/README.md	7	external_url	https://code.visualstudio.com/	0	- [VSCode](https://code.visualstudio.com/) + [ESLint](https://marketplace.visualstudio.com/items?itemName=dbaeumer.vscode-eslint) + [Prettier](https://marketplace.visualstudio.com/items?itemName=esben		UNVERIFIABLE-IN-REPO	external URL — out of scope (in-repo reach)	-	script	yes									
C1691-428fba32	P0	ui-desktop/README.md	7	external_url	https://marketplace.visualstudio.com/items?itemName=dbaeumer.vscode-eslint	0	- [VSCode](https://code.visualstudio.com/) + [ESLint](https://marketplace.visualstudio.com/items?itemName=dbaeumer.vscode-eslint) + [Prettier](https://marketplace.visualstudio.com/items?itemName=esben		UNVERIFIABLE-IN-REPO	external URL — out of scope (in-repo reach)	-	script	yes									
C1692-b8b4341d	P0	ui-desktop/README.md	7	external_url	https://marketplace.visualstudio.com/items?itemName=esbenp.prettier-vscode	0	- [VSCode](https://code.visualstudio.com/) + [ESLint](https://marketplace.visualstudio.com/items?itemName=dbaeumer.vscode-eslint) + [Prettier](https://marketplace.visualstudio.com/items?itemName=esben		UNVERIFIABLE-IN-REPO	external URL — out of scope (in-repo reach)	-	script	yes									
C1693-5da3de2c	P0	ui-desktop/README.md	18	npm_script	dev	1	$ yarn dev		TRUE	docs/package.json scripts.dev (+1 more)	-	script	yes									
C1694-8aec37af	P0	ui-desktop/README.md	24	npm_script	build:win	1	$ yarn build:win		TRUE	ui-desktop/package.json scripts.build:win	-	script	yes									
C1695-3b766dec	P0	ui-desktop/README.md	27	npm_script	build:mac	1	$ yarn build:mac		TRUE	ui-desktop/package.json scripts.build:mac	-	script	yes									
C1696-788a7d71	P0	ui-desktop/README.md	30	npm_script	build:linux	1	$ yarn build:linux		TRUE	ui-desktop/package.json scripts.build:linux	-	script	yes									
C1697-b68f197b	P0	ui-desktop/tools/ui-verify/README.md	18	npm_script	logic	1	npm run logic      # node-runnable assertions over the exported utils		TRUE	ui-desktop/tools/ui-verify/package.json scripts.logic	-	script	yes									
C1698-5678d65a	P0	ui-desktop/tools/ui-verify/README.md	19	npm_script	frozen	1	npm run frozen     # colour literals that would survive a theme swap		TRUE	ui-desktop/tools/ui-verify/package.json scripts.frozen	-	script	yes									
C1699-961f3f30	P0	ui-desktop/tools/ui-verify/README.md	20	npm_script	isolate	1	npm run isolate    # isolation-render + Playwright drive of key components		TRUE	ui-desktop/tools/ui-verify/package.json scripts.isolate	-	script	yes									
C1700-433d152b	P0	ui-desktop/tools/ui-verify/README.md	21	npm_script	verify	1	npm run verify     # all three		TRUE	smart-contracts/package.json scripts.verify (+2 more)	-	script	yes									
C1701-3c21c878	P0	ui-desktop/tools/ui-verify/README.md	26	npm_script	logic	0	### `logic-checks.mjs` (`npm run logic`)		TRUE	ui-desktop/tools/ui-verify/package.json scripts.logic	-	script	yes									
C1702-563c3bdf	P0	ui-desktop/tools/ui-verify/README.md	33	repo_path	chat/utils	0	- **`chat/utils`** — `isSecureModel`/`SECURE_TAG` TEE detection, `formatModelName`		UNVERIFIABLE-IN-REPO	looks like an external owner/repo reference	-	script	yes									
C1703-e925eb82	P0	ui-desktop/tools/ui-verify/README.md	33	env	SECURE_TAG	0	- **`chat/utils`** — `isSecureModel`/`SECURE_TAG` TEE detection, `formatModelName`		AMBIGUOUS	identifier defined at ui-desktop/src/renderer/src/components/chat/modals/ModelRow.tsx:18, but it is not a config env var — verify the doc's framing	-	script	yes									
C1704-7e840b29	P0	ui-desktop/tools/ui-verify/README.md	36	repo_path	store/queries.buildModelsWithBids	0	- **`store/queries.buildModelsWithBids`** — merges the model registry with active		UNVERIFIABLE-IN-REPO	looks like an external owner/repo reference	-	script	yes									
C1705-7f81c4e0	P0	ui-desktop/tools/ui-verify/README.md	40	npm_script	frozen	0	### `frozen-values.mjs` (`npm run frozen`)		TRUE	ui-desktop/tools/ui-verify/package.json scripts.frozen	-	script	yes									
C1706-e61fca41	P0	ui-desktop/tools/ui-verify/README.md	56	repo_path	dashboard/tx-list/Filter.jsx	0	specifier to a file (basename matching conflates `dashboard/tx-list/Filter.jsx`		TRUE	resolves to ui-desktop/src/renderer/src/components/dashboard/tx-list/Filter.jsx	-	script	yes									
C1707-cb3f5fa6	P0	ui-desktop/tools/ui-verify/README.md	57	repo_path	contracts-list/Filter.jsx	0	with `contracts-list/Filter.jsx` — different files, one dead). This repo carries		TRUE	resolves to ui-desktop/src/renderer/src/components/contracts/contracts-list/Filter.jsx	-	script	yes									
C1708-cdc7f72e	P0	ui-desktop/tools/ui-verify/README.md	63	npm_script	isolate	0	### `isolate/` (`npm run isolate`)		TRUE	ui-desktop/tools/ui-verify/package.json scripts.isolate	-	script	yes									
C1709-70672486	P0	ui-desktop/tools/ui-verify/README.md	77	repo_path	src/renderer/src/components/Login.tsx	0	- `src/renderer/src/components/Login.tsx` has an additive `export { Login }` so the		TRUE	resolves to ui-desktop/src/renderer/src/components/Login.tsx	-	script	yes									
C1710-f5cc2c84	P0	ui-desktop/tools/ui-verify/TESTING.md	4	repo_path	tools/ui-verify/	0	kit you can run (`tools/ui-verify/`), adversarial code review, an on-chain		TRUE	tools/ui-verify exists	-	script	yes									
C1711-0c470e57	P0	ui-desktop/tools/ui-verify/TESTING.md	11	repo_path	ui-desktop/	0	`ui-desktop/` — because the isolation cases mount *real* app components, which		TRUE	ui-desktop exists	-	script	yes									
C1712-7febaf19	P0	ui-desktop/tools/ui-verify/TESTING.md	12	repo_path	ui-desktop/node_modules	0	resolve `styled-components` / `react` / etc. from `ui-desktop/node_modules`.		TRUE	ui-desktop/node_modules exists	-	script	yes									
C1713-c61768e3	P0	ui-desktop/tools/ui-verify/TESTING.md	19	npm_script	verify	1	npm run verify        # logic-checks + isolation cases		TRUE	smart-contracts/package.json scripts.verify (+2 more)	-	script	yes									
C1714-d4a4d4d6	P0	ui-desktop/tools/ui-verify/TESTING.md	21	npm_script	logic	1	npm run logic         # pure-function assertions over the exported utils		TRUE	ui-desktop/tools/ui-verify/package.json scripts.logic	-	script	yes									
C1715-c96cb9ef	P0	ui-desktop/tools/ui-verify/TESTING.md	22	npm_script	isolate	1	npm run isolate       # Playwright renders each changed component and drives it		TRUE	ui-desktop/tools/ui-verify/package.json scripts.isolate	-	script	yes									
C1716-3cc5d816	P0	ui-desktop/tools/ui-verify/TESTING.md	25	npm_script	verify	0	`npm run verify` exits non-zero if anything fails. Isolation screenshots land in		TRUE	smart-contracts/package.json scripts.verify (+2 more)	-	script	yes									
C1717-0052897c	P0	ui-desktop/tools/ui-verify/TESTING.md	32	repo_path	utils/marketplace.ts	0	- **`morToWei` / `weiToMor`** (`utils/marketplace.ts`) — precision-safe: rejects		TRUE	resolves to ui-desktop/src/renderer/src/utils/marketplace.ts	-	script	yes									
C1718-ec5de3f8	P0	ui-desktop/tools/ui-verify/TESTING.md	35	repo_path	utils/coinValue.tsx	0	- **`formatMor`** (`utils/coinValue.tsx`) — returns `null` on non-finite input,		TRUE	resolves to ui-desktop/src/renderer/src/utils/coinValue.tsx	-	script	yes									
C1719-29078d46	P0	ui-desktop/tools/ui-verify/TESTING.md	38	env	SECURE_TAG	0	- **`isSecureModel` / `SECURE_TAG`, `formatModelName`, `modelMatchesQuery`**		AMBIGUOUS	identifier defined at ui-desktop/src/renderer/src/components/chat/modals/ModelRow.tsx:18, but it is not a config env var — verify the doc's framing	-	script	yes									
C1720-220c5e34	P0	ui-desktop/tools/ui-verify/TESTING.md	39	repo_path	chat/utils.js	0	(`chat/utils.js`) — TEE detection, display-name formatting, token-order-		TRUE	resolves to ui-desktop/src/renderer/src/components/chat/utils.js	-	script	yes									
C1721-c32b9635	P0	ui-desktop/tools/ui-verify/TESTING.md	41	repo_path	store/queries.ts	0	- **`buildModelsWithBids`** (`store/queries.ts`) — skips local models, drops		TRUE	resolves to ui-desktop/src/renderer/src/store/queries.ts	-	script	yes									
B01-001	P1	AGENTS.md	8	external-dependency	llms-full-txt-fetch	0	fetch this for the complete documentation corpus as plain markdown (~350 KB)	curl https://nodedocs.mor.org/llms-full.txt | wc -c	UNVERIFIABLE-IN-REPO	llms-full.txt is served from nodedocs.mor.org; no copy in the tree (docs/ holds .mdx sources only). The ~350 KB size needs a network fetch	S4	L6-repo	yes									
B01-002	P1	AGENTS.md	10	behavior	cloudfront-markdown-serve	0	CloudFront serves clean Markdown when Accept does not include text/html	curl -H "Accept: application/json" https://nodedocs.mor.org/ai/myths	UNVERIFIABLE-IN-REPO	CloudFront Accept-header content negotiation is a deployed-CDN property; nothing under docs/ or .github/workflows/docs.yml configures it. Needs a network fetch	S4	L6-repo	yes									
B01-003	P1	AGENTS.md	13	repo-state	docs-built-mintlify	0	Source files live in /docs/ and are built with Mintlify	ls -la /docs/ && grep -i mintlify /docs/mint.json	TRUE	docs/ holds .mdx sources; docs/package.json deps `mint ^4.2.574`, scripts dev="mint dev"; nav in docs/docs.json. (No docs/mint.json — Mintlify v4 uses docs.json, so the proposed check path was wrong, not the claim)	-	L6-repo	yes									
B01-004	P1	AGENTS.md	60	architecture	proxy-router-api-docs	0	The proxy-router API is documented locally at http://localhost:8082/swagger	cd proxy-router && grep -r "8082" internal/	TRUE	proxy-router/internal/config/config.go:181 defaults Web.Address to 0.0.0.0:8082; handlers/httphandlers/http.go:64 `r.GET("/swagger/*any", ginSwagger.WrapHandler(swaggerFiles.Handler))`	-	L6-repo	yes									
B01-005	P1	AGENTS.md	60	external-dependency	morpheus-inference-api-product	0	The hosted Morpheus Inference API is a different product at apidocs.mor.org	curl https://apidocs.mor.org | head -20	TRUE	docs/inference-api/overview.mdx:10 "a separate hosted product built on top of the Morpheus Inference Marketplace", source_url apidocs.mor.org; distinct from proxy-router/docs/swagger.yaml	-	L6-repo	yes									
B01-006	P1	AGENTS.md	63	architecture	morpheus-diamond-marketplace	0	Morpheus is a marketplace coordinated by the Diamond contract on BASE	grep -r "Diamond" docs/ | head -5	TRUE	docs/concepts/architecture.mdx:21 "The Diamond marketplace contract"; :40 `participant Chain as BASE / Diamond`; smart-contracts/contracts/diamond/ present	-	L6-repo	yes									
B01-007	P1	AGENTS.md	66	procedure~loc	session-recovery-close	0	Never tell users to call a recover RPC. Closing the session is the recovery path	grep -n "recover\|close" README.md	TRUE	grep "recover" over proxy-router/docs/swagger.yaml and internal/*/controller*.go returns no route; docs/concepts/sessions-stake-close-recover.mdx:71 "There is no HTTP route for this on the proxy-router today"	-	L6-repo	no	TRUE	grep for recover across proxy-router/internal, cli, smart-contracts/contracts and proxy-router/docs/swagger.yaml finds only lib/crypto.go:162,184 Ecrecover; closeSession is SessionRouter.sol:230	confirmed-r2				TRUE	proxy-router/internal/blockchainapi/controller.go:77 — POST /blockchain/sessions/:id/close is the session-close endpoint; grep of all route registrations (GET/POST/DELETE) shows no recover RPC; repo doc docs/concepts/sessions-stake-close-re	
B01-008	P1	AGENTS.md	68	security	proxy-router-port-access	0	The proxy-router's :8082 admin port should not be public — only :3333 (TCP)	grep -r "3333\|8082" proxy-router/ | head -5	TRUE	config.go:181 Web/admin API default 0.0.0.0:8082; config.go:178 Proxy TCP default 0.0.0.0:3333; docs/proxy-router.all.env:70,128 same defaults	-	L6-repo	yes	TRUE	proxy-router/Dockerfile:45 exposes both; register-onchain.mdx:30 the on-chain endpoint is host:3333; docker.mdx:53 3333 not needed for consumers; system/auth.go:391 gates 8082 behind Basic auth	confirmed-r2				TRUE	docs/providers/full/aws.mdx:154 — "Never expose 8080 (LLM) or 8082 (admin API) to 0.0.0.0/0. Only 3333 is meant to be public"; :3333 is the public consumer endpoint (verify-setup.mdx:92), aws.mdx:88 restricts :8082 to operator IPs.	
B01-009	P1	AGENTS.md	104	requirement	basic-auth-requirement	0	Auth is HTTP Basic Auth — slug reference/api-auth	grep -n "Basic Auth" AGENTS.md	TRUE	handlers/httphandlers/http.go:28 `@SecurityDefinitions.basic BasicAuth`; internal/system/auth.go:353 ParseBasicAuthHeader, :399 parses the Basic header	-	L6-repo	yes	TRUE	proxy-router/docs/swagger.yaml:3150-3152 securityDefinitions BasicAuth type basic; internal/system/auth.go:391-410 CheckAuth parses the Basic Authorization header and validates it	confirmed-r2				TRUE	proxy-router/internal/system/auth.go:391-403 — CheckAuth middleware reads the Authorization header, parses Basic Auth credentials, and 401s with "no basic auth provided"; swagger.yaml also declares BasicAuth security on endpoints (e.g. docs	
B01-010	P1	AGENTS.md	113	procedure	docs-preview-mint	0	Run mint dev from /docs to preview locally before publishing	ls /docs/mint.json	TRUE	docs/package.json scripts.dev = "mint dev", dependency mint ^4.2.574; run from docs/	-	L6-repo	yes	TRUE	docs/package.json:6 "dev": "mint dev"; .github/workflows/docs.yml:141 deploy runs build:site which calls docs/scripts/generate-llms-txt.mjs:227-228 writing llms.txt + llms-full.txt	confirmed-r2				TRUE	docs/package.json:6 — "dev": "mint dev"; and deploy regenerates the files: .github/workflows/docs.yml:145 runs build:site → docs/scripts/postprocess-export.mjs:35 → generate-llms-txt.mjs:227-228 writes llms.txt and llms-full.txt	
B01-012	P1	CLAUDE.md	11	repo-state	staging-remote-cowboycoder	0	private remote cowboycoder → github.com/cowboycoderhq/morpheus-lumerin-node-staging	git remote -v	FALSE	`git remote -v`: only origin -> https://github.com/cowboycoderhq/Morpheus-Lumerin-Node.git (fetch+push). No `cowboycoder` remote, no morpheus-lumerin-node-staging, no `ccfork`	S2	L6-repo	yes									
B01-013	P1	CLAUDE.md	15	repo-state~loc	ui-desktop-node-modules-symlink	0	ui-desktop/node_modules is a SYMLINK to the sibling clone, machine-local, not in git	ls -la ui-desktop/ | grep node_modules	FALSE	`ls -ld ui-desktop/node_modules` = drwxr-xr-x 817 (a real directory, not a symlink); `ls | wc -l` = 813 entries	S2	L6-repo	no	FALSE	ls -ld shows a real directory of 817 entries; readlink empty	confirmed			FIXED: F8.1 real dir + yarn			
B01-014	P1	CLAUDE.md	20	requirement	edit-in-worktree	0	edit in a git worktree, never a shared checkout	git worktree list	UNVERIFIABLE-IN-REPO	Normative instruction. `git worktree list` shows one worktree at the repo root; the tree neither confirms nor refutes the rule about concurrent sessions	S4	L6-repo	yes									
B01-015	P1	CLAUDE.md	24	procedure~loc	dev-command-vite-electron	0	npm run dev (Vite + Electron; kill orphans first: lsof -ti:5173)	grep "dev" ui-desktop/package.json | head -1	TRUE	ui-desktop/package.json "dev": "electron-vite --inspect --sourcemap dev" (Vite+Electron). Caveat: 5173 is Vite's default and is not pinned — electron.vite.config.ts sets no server.port	-	L6-repo	no	TRUE	ui-desktop/package.json:27 dev = electron-vite --inspect --sourcemap dev (Vite + Electron); electron.vite.config.ts sets no server.port so the renderer uses Vite's default 5173	confirmed-r2				TRUE	ui-desktop/package.json:27 — "dev": "electron-vite --inspect --sourcemap dev" (electron-vite = Vite+Electron); ui-desktop/src/main/index.ts:49 confirms the dev origin is localhost:5173, so the port-kill advice targets the right port.	
B01-016	P1	CLAUDE.md	28	repo-state~para	lint-pre-existing-problems	0	npm run lint runs and reports ~7374 pre-existing problems	cd ui-desktop && npm run lint 2>&1 | tail -5	STALE	Settled: actual lint counts are 12972 total / 8195 prettier / 3037 return-types / 913 prop-types vs the doc's ~7374 / 3471 / 2308 / 909	S3	L6-repo	no									
B01-017	P1	CLAUDE.md	35	requirement	colour-theme-derive	0	every colour-valued declaration must derive from props.theme	grep -r "props.theme" ui-desktop/src/	TRUE	ui-desktop/tools/ui-verify/frozen-values.mjs enforces it: COLOR_PROPS on the property + COLOR_VALUE on the value, then `if (/theme/.test(value)) return;`. Run output: 0 live / 49 dead, exit 0	-	L6-repo	yes	TRUE	ui-desktop/tools/ui-verify/package.json:9 frozen script; frozen-values.mjs:175-181 flags colour-valued declarations whose value never mentions theme, failing on reachable ones at :206	confirmed-r2				TRUE	ui-desktop/tools/ui-verify/package.json:10 — `frozen` script runs frozen-values.mjs; frozen-values.mjs:86-181 flags colour-valued declarations lacking `theme`, scans .jsx/.tsx/.html/.css (:124), splits live/dead by reachability (:182), exit	
B01-018	P1	CLAUDE.md	44	procedure~loc	liveness-check-shell	0	bash tools/ui-verify/liveness.sh ui-desktop before claiming a change	test -f tools/ui-verify/liveness.sh && file tools/ui-verify/liveness.sh	TRUE	tools/ui-verify/liveness.sh exists (-rwxr-xr-x, 2055 bytes); usage `liveness.sh <app-dir> [--proc-regex RE]`; exits 1 on STALE/NO-PROCESS/NO-BUILD, prints LIVENESS: FRESH otherwise	-	L6-repo	no	TRUE	tools/ui-verify/liveness.sh:7 usage liveness.sh <app-dir> [--proc-regex RE], :13 parses --proc-regex, :16 requires the app-dir arg	confirmed-r2				TRUE	tools/ui-verify/liveness.sh:7 — usage `liveness.sh <app-dir> [--proc-regex RE]` matches the claim; header lines 2-4 confirm electron-vite dev rebuilds main/preload but does NOT restart Electron, so the stale-window check it describes is rea	
B01-019	P1	CLAUDE.md	49	requirement	git-precommit-typecheck	0	git pre-commit: typecheck+build must exit 0 when ui-desktop is staged	test -f .git/hooks/pre-commit	FALSE	.git/hooks contains only *.sample (no pre-commit); `git config --get core.hooksPath` returns nothing (exit 1); no .husky dir and no pre-commit script in ui-desktop/package.json	S2	L6-repo	yes									
B01-021	P1	CLAUDE.md	64	architecture	termsstep-dual-consent	0	TermsStep keeps TWO independent consents and the scrollable terms text	grep -n "TermsStep" ui-desktop/src/renderer/src/components/	TRUE	onboarding/TermsStep.jsx:87-110 two independent checkboxes (termsCheckbox, licenseCheckbox), Btn disabled unless `!props.licenseCheckbox || !props.termsCheckbox`; TermsBox:30-34 overflow:auto wraps <TermsAndConditions/>	-	L6-repo	yes									
B01-023	P1	CONTRIBUTING.md	3	repo-state~loc	promote-up-branch-model	0	This repo uses a promote-up branch model so changes land in CI in order	grep -n "promote" CONTRIBUTING.md | head -3	TRUE	origin/dev, origin/test and origin/main all exist; history shows the promote chain: 6de6601c "(dev -> test) (#854)" then 7dac1b63 "(test -> main) (#855)"	-	L6-repo	no									
B01-024	P1	CONTRIBUTING.md	9	repo-state~loc	dev-branch-integration-target	0	dev: Integration / default PR target. Builds & checks; not a public release	git branch -r | grep origin/dev	TRUE	`git branch -r | grep origin/dev` matches; promote history (#854) treats dev as the integration source promoted into test	-	L6-repo	no									
B01-026	P1	CONTRIBUTING.md	11	repo-state~loc	main-branch-production	0	main: Production. Releases, mainnet TEE / nodes, production docs	git branch -r | grep origin/main	TRUE	`git branch -r | grep origin/main` matches; promote commit 7dac1b63 "docs: restore mobile Pagefind search (test -> main) (#855)"	-	L6-repo	no									
B01-027	P1	CONTRIBUTING.md	21	requirement~loc	default-pr-base-dev	0	When you open a pull request on GitHub, set the base branch to dev (not main)	grep -n "base = .dev" CONTRIBUTING.md	TRUE	CONTRIBUTING.md:21 "set the base branch to `dev` (not `main`)"; origin/dev exists; AGENTS.md:117 repeats "Default PR base is `dev`, not `main`"	-	L6-repo	no	TRUE	CONTRIBUTING.md:7-13 promote-up model names dev the default PR target; .github/PULL_REQUEST_TEMPLATE.md:2 and :14 require base dev; .github/workflows/docs.yml:12-16 pushes on main dev test	confirmed-r2				TRUE	.github/PULL_REQUEST_TEMPLATE.md:2,15 — template states "Base branch: use `dev` (not `main`)" and checklist "This PR targets **`dev`** (required for feature/docs/fix PRs)"; `dev` is a CI trigger branch in .github/workflows/build.yml:41	
B01-028	P1	CONTRIBUTING.md	24	requirement	promote-prs-maintainers-only	0	Only maintainers open promote PRs into test or main	grep -n "maintainers" CONTRIBUTING.md	UNVERIFIABLE-IN-REPO	A governance policy. Promote commits exist (41493e78, d54a5a1c) but no branch-protection or CODEOWNERS config in-repo establishes the maintainer-only restriction	S4	L6-repo	yes									
B01-029	P1	CONTRIBUTING.md	64	procedure~loc	prefer-active-mor-org-links	0	Prefer linking to live status at active.mor.org rather than inventing counts	curl https://active.mor.org | head -20	UNVERIFIABLE-IN-REPO	Normative guidance about an external site (active.mor.org); nothing in the tree confirms or refutes whether linking beats inventing counts	S4	L6-repo	no									
B01-030	P1	CONTRIBUTING.md	66	requirement~para	api-distinction-proxy-vs-hosted	0	Do not confuse the proxy-router API with the hosted Morpheus Inference API	grep -n "confuse" CONTRIBUTING.md	TRUE	Two distinct products documented separately: proxy-router/docs/swagger.yaml (this repo, :8082) vs docs/inference-api/overview.mdx:10 "a separate hosted product" at apidocs.mor.org	-	L6-repo	no	TRUE	AGENTS.md:60 and docs/inference-api/overview.mdx:10 record the hosted Inference API as a different product; this repo's API is proxy-router/docs/swagger.yaml served at :8082	confirmed-r2				TRUE	proxy-router/docs/swagger.yaml + docs/inference-api/overview.mdx:10 — repo documents its own proxy-router API while overview.mdx describes the hosted Morpheus Inference API (apidocs.mor.org) as a separate product, confirming the distinction	
B01-031	P1	README.md	5	procedure	morpheus-distributed-llm-interaction	0	enable interaction with distributed, decentralized LLMs on the Morpheus network	grep -n "distributed" README.md | head -1	TRUE	The two components the sentence describes exist: ui-desktop/ (Electron chat client, electron.builder.config.ts:5 MorpheusUI) and proxy-router/ (Go router to network providers, config.go:178)	-	L6-repo	yes	TRUE	ui-desktop/package.json:4 "The Morpheus Decentralized AI Desktop App" plus proxyapi/controller_http.go:90 routing chat completions through on-chain provider sessions	confirmed-r2				TRUE	ui-desktop/package.json:4 — "The Morpheus Decentralized AI Desktop App"; Electron chat UI at ui-desktop/src/renderer/src/components/chat/Chat.tsx:188 sends prompts via proxy-router to decentralized LLM providers	
B01-032	P1	README.md	7	repo-state	v7-full-tee-capability	0	v7.0.0 — Full TEE capability	grep -n "v7" README.md | head -1	TRUE	`git tag -l 'v7*'` includes v7.0.0 and v7.1.0; the TEE machinery is in proxy-router/internal/attestation/ (nras_verifier.go, sev_python_parity_test.go)	-	L6-repo	yes									
B01-033	P1	README.md	9	security~para	consumer-tee-verification-tdx	0	consumer proxy-router cryptographically verifies provider's P-Node runs exact	grep -n "cryptographically verifies" README.md	TRUE	proxy-router/internal/attestation/ implements it: nras_verifier.go:17-18 NVIDIA NRAS v4/attest/gpu, sev_python_parity_test.go; TLS pinning in proxyapi/controller_http.go; modelhealth/checker.go carries the tag check	-	L6-repo	no	TRUE	verifier.go:264-322 quote+TLS-binding+golden RTMR3; per prompt proxy_sender.go:753	confirmed						
B01-034	P1	README.md	11	compatibility	v6-consumer-v7-provider-forward-compat	0	any v6+ consumer is forward-compatible with a v7+ provider	grep -n "forward-compatible" README.md	UNVERIFIABLE-IN-REPO	v6.0.0 and v7.0.0 tags both exist, but cross-version wire compatibility cannot be established from the tree — it needs a running v6 consumer against a v7 provider	S4	L6-repo	yes									
B01-035	P1	README.md	16	repo-state~loc	stake-duration-branch-feature	0	This branch (stake-duration) adds a consumer desktop experience	git log --oneline | grep -i stake-duration	TRUE	`git rev-parse --abbrev-ref HEAD` = stake-duration; README:16 names the same branch; the added feature is present (utils/duration.ts, components/keepalive/KeepAliveProvider.tsx)	-	L6-repo	no	TRUE	git branch --show-current = stake-duration; matches README.md:16	confirmed						
B01-036	P1	README.md	24	procedure	session-duration-plain-language	0	Type how long you want the session, in plain language — "1 day"	grep -n "plain language" README.md	TRUE	ui-desktop/src/renderer/src/utils/duration.ts parses typed lengths with exact (never prefix) alias matching for s/m/h/day/week/month/year and refuses a bare unit-less number; consumed by chat/Chat.tsx	-	L6-repo	yes	TRUE	smart-contracts/deploy/1_full_protocol.migration.ts:111 inits maxSessionDuration to 7*DAY; ui-desktop utils/marketplace.ts:148-172 eth_calls selector 0xa9756858 live with a 7-day fallback	confirmed-r2				TRUE	smart-contracts/deploy/1_full_protocol.migration.ts:111 — init passes `7 * DAY`; ui-desktop/src/renderer/src/utils/marketplace.ts:30,156 reads `getMaxSessionDuration()` live via eth_call with only a 7-day fallback (line 123); SessionRouter.	
B01-037	P1	README.md	24	behavior~loc	session-cap-seven-days-default	0	the network's per-session cap (7 days by default, read live from contract)	grep -n "7 days" README.md	TRUE	utils/marketplace.ts:148-173 getMaxSessionSeconds does an eth_call of selector 0xa9756858 (maxSessionDuration) on the Diamond; marketplace.ts:123 FALLBACK_MAX_SESSION_SECONDS = 7*24*60*60	-	L6-repo	no									
B01-038	P1	README.md	77	architecture	proxy-router-background-process	0	Lumerin proxy-router — background process that monitors blockchain contract	ls -la proxy-router/	TRUE	proxy-router/ is a Go service with internal/blockchainapi (contract events/sessions) and internal/proxyapi (prompt routing); config.go:178 proxy TCP :3333	-	L6-repo	yes									
B01-039	P1	README.md	78	repo-state~loc	ui-desktop-morpheus-ui-electron	0	ui-desktop/ (MorpheusUI) — Electron desktop app for consumers	ls -la ui-desktop/	TRUE	ui-desktop/electron.builder.config.ts:5 productName 'MorpheusUI', :4 appId com.electron.morpheus-ui, :27/:53 executableName MorpheusUI; package.json name morpheus-app	-	L6-repo	no									
B01-040	P1	README.md	78	behavior	app-download-services-on-launch	0	on first launch the app downloads the proxy-router, a local llama.cpp + tinyllama	grep -n "first launch\|downloads" README.md	TRUE	orchestrator.ts:169-173 downloadProxyRouter (required) + downloadOptionalAiRuntime + downloadOptionalAiModel + downloadOptionalIpfs; llama-server named at orchestrator.ts:26. Caveat: tinyllama/kubo names come from env, not the tree	-	L6-repo	yes									
B01-041	P1	README.md	96	external-dependency~loc	base-chain-id-8453	0	BASE Mainnet Chain ID: 8453	grep "8453" README.md	TRUE	README:96 table Chain ID `8453`; docs/get-started/networks-and-tokens.mdx:21 `8453`; ui-desktop/.env.example mainnet block CHAIN_ID=8453	-	L6-repo	no									
B01-042	P1	README.md	97	external-dependency~loc	base-sepolia-chain-id-84532	0	BASE Sepolia (testnet) Chain ID: 84532	grep "84532" README.md	TRUE	README:97 Chain ID `84532`; docs/get-started/networks-and-tokens.mdx:33 `84532`; ui-desktop/.env.example testnet block #CHAIN_ID=84532	-	L6-repo	no									
B01-046	P1	README.md	158	requirement~loc	yarn-not-npm-lockfile	0	Install with yarn, not npm: yarn.lock is the committed, tested dependency tree	test -f yarn.lock	TRUE	ui-desktop/yarn.lock is committed (391196 bytes); .github/workflows/build.yml:3008,3072,3136,3201,3287 run `yarn install --network-timeout 600000 --frozen-lockfile`; .gitignore bans ui-desktop/package-lock.json	-	L6-repo	no	TRUE	build.yml yarn install --frozen-lockfile; yarn.lock committed; no package-lock	confirmed						
B02-001	P1	.ai-docs/TEE_Attestation_Architecture.md	20	requirement	genuine-tee-hardware	0	Running on genuine TEE hardware (Intel TDX or AMD SEV-SNP)	proxy-router/internal/blockchainapi/model_tags.go	TRUE	verifier.go VerifyProvider->VerifyQuote sends the CPU quote to the SecretAI portal for cryptographic hardware verification (verifier.go:264-323); model_tags.go only gates which sessions get checked.	-	L7-tee	yes	TRUE	verifier.go:171 and :473 carry TDX and SEV types (sev_workload.go SEV-SNP path); proxy_sender.go:753 runs VerifyProviderQuick before every forwarded prompt	confirmed-r2				TRUE	proxy-router/internal/attestation/verifier.go:257-322 (VerifyProvider: fetches TDX/SEV quote from :29343/cpu, portal verifies it, TLS reportdata binding, golden register compare) + blockchainapi/service.go:1627-1633 (VerifyProviderQuick run	
B02-002	P1	.ai-docs/TEE_Attestation_Architecture.md	21	requirement	unmodified-version	0	Running an unmodified, known-good version of the proxy-router	proxy-router/internal/attestation/verifier.go	TRUE	verifier.go:453-506 CompareRegisters checks RTMR3/measurement from the live quote against CI/CD-signed golden values (golden.go), proving a known-good proxy-router build.	-	L7-tee	yes	TRUE	attestation/verifier.go:299-311 fetches cosign-signed golden values for the running version and CompareRegisters:471-475 matches live RTMR3 or measurement, which bind compose and rootfs hashes	confirmed-r2				TRUE	proxy-router/internal/attestation/verifier.go:299-311 — VerifyProvider fetches golden RTMR3/measurement for the provider's reported version from the cosign-signed GHCR manifest (golden.go:24,318-336) and CompareRegisters (verifier.go:455-50	
B02-003	P1	.ai-docs/TEE_Attestation_Architecture.md	24	requirement	pii-logging-disabled	0	Configured such that PII/chat logging is disabled and cannot be re-enabled at runtime	proxy-router/internal/attestation/verifier.go	AMBIGUOUS	config.go:63 PROXY_STORE_CHAT_CONTEXT is env/flag-set only (no runtime setter found in controller_http.go); Dockerfile.tee:23 bakes it false; any compose override would change RTMR3 and fail attestation.	-	L7-tee	yes	TRUE	Dockerfile.tee:22 bakes PROXY_STORE_CHAT_CONTEXT=false and :29-35 pins log levels; cmd/main.go:380 reads it once at startup; RTMR3 vs golden compared at verifier.go:466-471	confirmed-r2				FALSE	proxy-router/internal/config/config.go:63 — PROXY_STORE_CHAT_CONTEXT remains a normal env/flag config, re-settable at every launch (Dockerfile.tee:23 sets a plain ENV; compose env_file can override); attestation parses BakedEnv (attestation	AMBIGUOUS: T7: no runtime setter exists (supports the doc), but it is an ordinary Docker ENV overridable at container start (undercuts "cannot be re-enabled")
B02-004	P1	.ai-docs/TEE_Attestation_Architecture.md	25	security	no-mitm-consumer-tee	0	Not subject to MITM between the consumer and the TEE enclave	proxy-router/internal/attestation/verifier.go	TRUE	verifier.go:325-361 VerifyTLSBinding ties the live TLS cert's SHA-256 to the quote's reportData, so a MITM presenting a different cert fails verification.	-	L7-tee	yes	TRUE	verifier.go:292 and :335-360 require report_data first 32 bytes to equal a digest of the peer cert captured on that TLS connection; quick path :416-427 hard-fails a changed binding	confirmed-r2				TRUE	proxy-router/internal/attestation/verifier.go:292,335-361 — consumer binds the TEE quote's reportData[0:32] to the live TLS cert/SPKI SHA-256 (VerifyTLSBinding); verifier.go:415-425 re-checks it per prompt and hard-fails on fingerprint chan	
B02-005	P1	.ai-docs/TEE_Attestation_Architecture.md	45	procedure	consumer-verification-before-session	0	Consumer-side attestation verification before session creation (fetches quote from SecretVM host endpoint at `:29343`, verifies via SecretAI portal, compares to manifest)	proxy-router/internal/attestation/verifier.go	TRUE	verifier.go VerifyProvider fetches :29343/cpu (AttestationPort const), calls portal VerifyQuote, then CompareRegisters against golden.go manifest values, all before blockchainapi.tryOpenSession proceeds.	-	L7-tee	yes	TRUE	attestation/verifier.go:264 VerifyProvider fetches the quote on port 29343 (:76), portal-verifies and compares goldens; called from service.go:1628 before open and proxy_sender.go:658 per prompt	confirmed-r2				TRUE	proxy-router/internal/attestation/verifier.go:76 (AttestationPort="29343"), :80 (SecretAI portal URL), :264-306 VerifyProvider (quote fetch + portal verify + golden/manifest compare); called from blockchainapi/service.go:1627 (tryOpenSessio	
B02-006	P1	.ai-docs/TEE_Attestation_Architecture.md	46	behavior	verification-called-from-service	0	Called from `blockchainapi/service.go` and `proxyapi/proxy_sender.go`	proxy-router/internal/blockchainapi/service.go	TRUE	service.go:1628 tryOpenSession calls attestationVerifier.VerifyProviderQuick before session open; proxy_sender.go:658 also calls it via verifyTEEAttestation.	-	L7-tee	yes	TRUE	proxy-router/internal/attestation/verifier.go:375-430 compares sha256(quote) + TLS cert vs cache; per-prompt callers proxy_sender.go:654-658 via :753 :1294 :1580 :1655	confirmed-r2						
B02-007	P1	.ai-docs/TEE_Attestation_Architecture.md	51	architecture	phase2-backend-verify	0	P-Node verifies its own backend LLM	proxy-router/internal/attestation/backend_verifier.go	TRUE	backend_verifier.go BackendVerifier.AttestBackend implements P-Node-side verification of its own backend LLM (CPU+GPU quotes, workload, NRAS).	-	L7-tee	yes	TRUE	proxy-router/cmd/main.go:340-366 builds BackendVerifier and calls AttestBackend at startup for every on-chain tee-tagged model; attestation/backend_verifier.go:157 implements it	confirmed-r2						
B02-008	P1	.ai-docs/TEE_Attestation_Architecture.md	54	procedure	fetch-backend-cpu-quote	0	Fetch backend CPU quote from `:21434/cpu`; verify via SecretAI portal	proxy-router/internal/attestation/backend_verifier.go	TRUE	"backend_verifier.go:161-184 AttestBackend fetches cpuURL := attestationURL+""/cpu"" then calls VerifyQuote against the portal."	-	L7-tee	yes	TRUE	backend_verifier.go:161 cpuURL; verifier.go:79-80 port/portal; main.go:363 at startup	confirmed						
B02-009	P1	.ai-docs/TEE_Attestation_Architecture.md	55	security	tls-binding-reportdata-32	0	TLS binding: compare TLS cert SHA-256 with CPU quote `reportData[0:32]`	proxy-router/internal/attestation/backend_verifier.go	STALE	verifier.go:352-357 accepts the SPKI digest first and the full-cert digest second; commit 878ee3b4 added the SPKI binding (current) and left this line describing only the legacy cert-DER hash	S2	L7-tee	yes	STALE	verifier.go:352-357 accepts the SPKI digest first and the full-cert digest second; commit 878ee3b4 added the SPKI binding (current) and left this line describing only the legacy cert-DER hash	defect-found-by-blind-r2			FIXED: F1.1 SPKI-first binding	STALE	proxy-router/internal/attestation/verifier.go:124-131,335-361 — reportData[0:32] is now compared against SHA-256(SPKI DER) first (current binding; verifier.go:352), with SHA-256(full cert DER) accepted only as legacy fallback (verifier.go:3	
B02-010	P1	.ai-docs/TEE_Attestation_Architecture.md	56	procedure	rtmr3-replay-chain	0	replay RTMR3 using SHA-384 extend chain over `SHA-256(docker-compose)` + rootfs data	proxy-router/internal/attestation/workload_verifier.go	TRUE	workload_verifier.go:42-93 VerifyTdxWorkload calls CalculateRTMR3([]byte(variant), entry.RootfsData) per candidate, replaying the SHA-384 extend chain over sha256(compose)+rootfs.	-	L7-tee	yes	TRUE	attestation/workload_verifier.go:42-51 parses the TDX quote and looks up MRTD+RTMR0-2 via FindMatchingArtifacts; rtmr.go:12-19,29-45 replays RTMR3 as SHA-384 extend over SHA-256(compose)+rootfs	confirmed-r2						
B02-011	P1	.ai-docs/TEE_Attestation_Architecture.md	57	procedure	fetch-gpu-attest	0	GPU attestation: fetch from `:21434/gpu`, verify CPU-GPU binding via `reportData[32:64] == GPU nonce`	proxy-router/internal/attestation/backend_verifier.go	TRUE	"backend_verifier.go:216-238 fetches gpuURL:=attestationURL+""/gpu"" then VerifyCPUGPUBinding(cpuResult.ReportData, gpuData.Nonce) checks reportData[32:64] (hex chars 64+) against the GPU nonce."	-	L7-tee	yes	TRUE	attestation/backend_verifier.go:216-217 fetches attestationURL+"/gpu" (port 21434 at verifier.go:79); VerifyCPUGPUBinding backend_verifier.go:459-488 matches cpuReportData bytes 32+ to the GPU nonce	confirmed-r2						
B02-012	P1	.ai-docs/TEE_Attestation_Architecture.md	58	procedure	nvidia-nras-verify	0	NVIDIA NRAS v4 API: submit GPU evidence for independent hardware validation (non-fatal if unreachable)	proxy-router/internal/attestation/nras_verifier.go	STALE	backend_verifier.go:243-251 treats NRAS failure as FATAL: any error or OverallResult==false calls storeFailure and aborts. 'non-fatal if unreachable' contradicts this and the doc's own B05-014/B05-039 claims elsewhere.	S1	L7-tee	yes	STALE	backend_verifier.go:243-246 storeFailure+return = hard fail; 33b063f8 replaced the old non-fatal log.Warnf branch	reclassified-by-blind			FIXED: F1.2 NRAS fatal	FALSE	proxy-router/internal/attestation/backend_verifier.go:243-246 — NRAS errors (incl. network failure, nras_verifier.go:98) call storeFailure and return a hard error; NRAS failure is fatal, not non-fatal (contra docs/ tee-backend-verification.	
B02-013	P1	.ai-docs/TEE_Attestation_Architecture.md	60	procedure	fast-verify-refetch-quote	0	Always re-fetches CPU quote (~50 ms), compares hash + TLS fingerprint against cached snapshot	proxy-router/internal/attestation/backend_verifier.go	TRUE	backend_verifier.go:340-381 FastVerifyBackend always re-fetches /cpu and compares sha256(quote)+TLS fingerprint against the cached snapshot.	-	L7-tee	yes	TRUE	backend_verifier.go:354-378 always refetches /cpu then compares sha256(quote) and the TLS cert against the cached snapshot; called per prompt at proxy_receiver.go:424 and :491	confirmed-r2						
B02-014	P1	.ai-docs/TEE_Attestation_Architecture.md	61	behavior	quote-hash-change-triggers-full	0	Mismatch on hash → trigger full re-attestation	proxy-router/internal/attestation/backend_verifier.go	TRUE	backend_verifier.go:360-365: on quote hash mismatch, logs a warning and calls bv.AttestBackend (full re-attestation).	-	L7-tee	yes	TRUE	backend_verifier.go:362-365 re-attest on hash change; wired proxy_receiver.go:424	confirmed						
B02-015	P1	.ai-docs/TEE_Attestation_Architecture.md	62	security	tls-mismatch-hard-fail	0	Mismatch on TLS fingerprint → immediate hard fail (MITM signal)	proxy-router/internal/attestation/backend_verifier.go	STALE	backend_verifier.go:367-375 re-attests instead of hard-failing when the cert changed but SPKI matches; that branch landed 2026-07-15 in 878ee3b4, doc line blames to 2026-04-22	S2	L7-tee	yes	STALE	backend_verifier.go:367-375 re-attests instead of hard-failing when the cert changed but SPKI matches; that branch landed 2026-07-15 in 878ee3b4, doc line blames to 2026-04-22	defect-found-by-blind-r2			FIXED: F1.3 re-attest on SPKI match	STALE	proxy-router/internal/attestation/backend_verifier.go:367-377 — mismatched cert with same SPKI now triggers full re-attestation instead of hard fail; hard fail only when SPKI also differs (err "possible MITM" at :376)	
B02-016	P1	.ai-docs/TEE_Attestation_Architecture.md	64	security	pinned-http-verify-cert	0	Custom `VerifyPeerCertificate` refuses any TLS cert whose SHA-256 doesn't match the attested fingerprint	proxy-router/internal/aiengine/ai_engine.go	TRUE	backend_verifier.go:414-454 defines PinnedHTTPClient but it has zero production callers (only its own test); aiengine/openai.go:39's inference client is a bare unpinned http.Client{}. Not wired up despite 'DONE'.	-	L7-tee	yes	FALSE	backend_verifier.go:441-447 — cert with differing SHA-256 still ACCEPTED if SPKI digest matches; PinnedHTTPClient :418 has zero non-test callers	confirmed				TRUE	proxy-router/internal/attestation/backend_verifier.go:434-450 — PinnedHTTPClient's tls.Config sets a custom VerifyPeerCertificate that SHA-256-hashes rawCerts[0] and rejects on mismatch vs the attested TLSBinding (also accepts SPKI-digest m	MY-LEDGER-STALE: Line 64 describes what the callback does (true); the not-wired defect belongs to line 63, which I fixed. Kimi was right about line 64.
B02-017	P1	.ai-docs/TEE_Attestation_Architecture.md	65	procedure~para	artifact-registry-refresh	0	Artifact registry auto-refresh (configurable via `ARTIFACT_REGISTRY_URL`, `ARTIFACT_REGISTRY_REFRESH_INTERVAL`)	proxy-router/internal/attestation/artifacts_registry.go	TRUE	artifacts_registry.go:47-60 NewArtifactRegistry takes registryURL/refreshInterval from config (ARTIFACT_REGISTRY_URL, ARTIFACT_REGISTRY_REFRESH_INTERVAL) and Start() runs a refresh ticker.	-	L7-tee	no	TRUE	proxy-router/internal/attestation/artifacts_registry.go:62-76 Start() refresh ticker; config.go:101 and :103 hold both env vars; wired at cmd/main.go:326-331	confirmed-r2						
B02-019	P1	.ai-docs/TEE_Attestation_Architecture.md	95	architecture~loc	scrt-rtmr-control	0	SCRT Labs controls the TEE VM platform layer (firmware, kernel, initramfs, rootfs) that produces RTMR0-2. Our software only controls RTMR3.	proxy-router/internal/attestation/workload_verifier.go	TRUE	Doc line 94: 'they control the TEE VM platform layer...that produces RTMR0-2. Our software only controls RTMR3.' workload_verifier.go/rtmr.go only ever compute/replay RTMR3, never RTMR0-2.	-	L7-tee	no	TRUE	attestation/artifacts_registry.go:20,153-164 looks MRTD and RTMR0-2 up in the scrtlabs secretvm-verify registry; rtmr.go:11-19 recomputes only RTMR3 from compose + rootfs_data	confirmed-r2						
B02-020	P1	.ai-docs/TEE_Attestation_Architecture.md	171	behavior	sev-template-sensitive-vmsas	0	VMSA pages depend on vCPU count, so each portal size produces a different launch digest	proxy-router/internal/attestation/sev_gctx.go	TRUE	sev_gctx.go:267-275 CalcSevMeasurement loops 'for i := 0; i < vcpus; i++' adding one VMSA page per vCPU, so digest depends on the template's vcpu count (VcpuMap: small=1..4xlarge=16).	-	L7-tee	yes	TRUE	proxy-router/internal/attestation/sev_gctx.go:268-277 CalcSevMeasurement loops i<vcpus adding one VMSA page per vCPU into the digest; VcpuMap:20-26 gives distinct counts per template	confirmed-r2						
B02-021	P1	.ai-docs/TEE_Attestation_Architecture.md	175	procedure~para	backend-verifier-brute-forces-registry	0	BackendVerifier does NOT need the manifest to verify the backend's workload — it brute-forces the public SEV registry	proxy-router/internal/attestation/sev_workload.go	TRUE	Doc line 175 matches exactly: backend_verifier.go's AttestBackend calls VerifyWorkload->VerifySevWorkload using SevArtifactRegistry directly, never GoldenSource/manifest, for the runtime BackendVerifier path.	-	L7-tee	no	TRUE	attestation/sev_workload.go:83-141 matches the quote by iterating public SEV registry entries (x vcpu counts); main.go:341 wires BackendVerifier with NoopGoldenSource, so no manifest is consulted	confirmed-r2						
B02-022	P1	.ai-docs/TEE_Attestation_Architecture.md	216	architecture	rtmr3-expected-from-manifest	0	Expected RTMR3 comes from the GHCR attestation manifest — signed by CI/CD's OIDC key (Sigstore), cryptographically verifiable	proxy-router/internal/attestation/golden.go	TRUE	golden.go:136-256 GoldenSource.verifyAndExtract uses sigstore-go verify.NewSignedEntityVerifier against Fulcio/OIDC (defaultOIDCIssuer = GHA token issuer) to cryptographically verify the GHCR-attached manifest.	-	L7-tee	yes	TRUE	golden.go:25-26 OIDC issuer + identity regexp; :186-253 consumer Sigstore-verifies GHCR referrer	confirmed						
B02-023	P1	.ai-docs/TEE_Attestation_Architecture.md	218	security	rtmr3-actual-hardware-signed	0	Actual RTMR3 comes from Intel/AMD hardware attestation — signed by the CPU's attestation key	proxy-router/internal/attestation/backend_verifier.go	TRUE	verifier.go AttestationResult.RTMR3 is populated only from the portal-verified quote (VerifyQuote), i.e. hardware-signed data; this is what CompareRegisters checks against golden.	-	L7-tee	yes	TRUE	attestation/verifier.go:264-310 VerifyProvider fetches the provider quote, portal-verifies it, then CompareRegisters against golden.go cosign/sigstore-verified GHCR manifest values	confirmed-r2						
B02-024	P1	.ai-docs/TEE_Attestation_Architecture.md	223	architecture	tag-mutable-digest-immutable	0	A tag can be overwritten to point to a different image; a digest cannot	proxy-router/docker-compose.tee.yml	TRUE	docker-compose.tee.yml:3 templates 'image: ...-tee:latest' (mutable tag); build.yml:690-698 sed-replaces the tag with an immutable @sha256 digest for the deployed compose, exactly implementing this distinction.	-	L7-tee	yes	TRUE	.github/workflows/build.yml:696 rewrites the compose image to ${TEE_IMAGE}@${DIGEST} into docker-compose.tee.deployed.yml, and build.yml:709-716 computes RTMR3 from that digest-pinned file	confirmed-r2						
B02-025	P1	.ai-docs/TEE_Attestation_Architecture.md	228	requirement~para	compose-exact-byte-content	0	RTMR3 is computed from the raw bytes of the compose file. The compose must end with a single newline `\n` after `proxy_data: null`	proxy-router/docker-compose.tee.yml	STALE	Doc says the compose 'is 19 lines ending with null' after proxy_data:null, but docker-compose.tee.yml is 63 lines ending in the Traefik tls block; proxy_data:null is now mid-file. Byte-sensitivity rule still holds.	S3	L7-tee	no									
B02-026	P1	.ai-docs/TEE_Attestation_Architecture.md	229	behavior~para	portal-normalizes-trailing-newlines	0	The SecretVM portal strips trailing blank lines — normalizes to a single trailing `\n`	proxy-router/docker-compose.tee.yml	UNVERIFIABLE-IN-REPO	Claim describes the external SecretVM portal's own normalization behavior when a compose file is pasted in; nothing in this repo can confirm or deny external portal-side whitespace handling.	S4	L7-tee	no									
B02-027	P1	.ai-docs/TEE_Attestation_Architecture.md	230	behavior~loc	additional-files-affects-rtmr3	0	Only two portal settings change RTMR3: (1) **Additional Files** and (2) **Platform**	proxy-router/scripts/compute-sev-measurement.py	UNVERIFIABLE-IN-REPO	'Only two portal settings' is a claim about the external SecretVM portal's advanced-settings surface; compute-rtmr3.py's optional 3rd docker-files arg backs Additional-Files, but ruling out other settings needs the portal itself.	S4	L7-tee	no									
B02-028	P1	.ai-docs/TEE_Attestation_Architecture.md	355	behavior	compute-rtmr3-matches-algorithm	0	Matches the `replayRTMR` algorithm from scrtlabs/reproduce-mr	proxy-router/scripts/compute-rtmr3.py	TRUE	compute-rtmr3.py:38-54 replay_rtmr implements SHA-384(mr||content) extension exactly as documented, matching the described scrtlabs/reproduce-mr algorithm by the script's own docstring.	-	L7-tee	yes	TRUE	proxy-router/scripts/compute-rtmr3.py:7 states the same provenance and :38-55 replay_rtmr pads content to 48 bytes and does mr = SHA-384 of mr concat content; external line numbers unchecked	confirmed-r2						
B02-029	P1	.ai-docs/TEE_Attestation_Architecture.md	365	requirement	prod-rootfs-required	0	Always use the `prod` rootfs variant — SecretVM runs "environment prod" even for developer portal deployments	proxy-router/internal/attestation/backend_verifier.go	TRUE	No literal 'prod' check exists in backend_verifier.go (grep finds none); enforced indirectly (wrong rootfs variant -> measurement mismatch -> fail) and pinned explicitly at .github/tee/secretvm.env:23 (SECRETVM_ROOTFS_VARIANT=rootfs-prod).	-	L7-tee	yes	TRUE	.github/tee/secretvm.env:23 pins SECRETVM_ROOTFS_VARIANT=rootfs-prod (read by build.yml:587); compute-rtmr3.py:5 RTMR3 = f(compose_sha, rootfs_sha) so a dev rootfs shifts the measurement	confirmed-r2						
B02-030	P1	.ai-docs/TEE_Attestation_Architecture.md	473	behavior	sev-python-parity-gctx	0	Byte-for-byte port of `proxy-router/internal/attestation/sev_gctx.go::CalcSevMeasurement`	proxy-router/scripts/compute-sev-measurement.py	TRUE	compute-sev-measurement.py docstring: 'byte-for-byte Python port of proxy-router/internal/attestation/sev_gctx.go::CalcSevMeasurement'; parity-tested by sev_python_parity_test.go.	-	L7-tee	yes	TRUE	sev_gctx.go:245 CalcSevMeasurement is the runtime path (sev_workload.go:74); sev_python_parity_test.go:122-150 executes compute-sev-measurement.py and asserts identical SHA-384 digests	confirmed-r2						
B02-031	P1	.ai-docs/TEE_Attestation_Architecture.md	477	procedure	sev-compute-emits-measurement-per-template	0	Emits one `measurement` per template (small=1, medium=2, large=4, 2xlarge=8, 4xlarge=16)	proxy-router/scripts/compute-sev-measurement.py	TRUE	compute-sev-measurement.py supports --all-templates (small/medium/large/2xlarge/4xlarge), matching sev_gctx.go's VcpuMap {small:1, medium:2, large:4, 2xlarge:8, 4xlarge:16}.	-	L7-tee	yes	TRUE	sev_python_parity_test.go:85 t.TempDir, :31 fixture bytes mirror the prod v0.0.31 registry entry, :129 exec.Command runs compute-sev-measurement.py, :109-117 and :153-159 assert all 5 templates	confirmed-r2						
B02-032	P1	.ai-docs/TEE_Attestation_Architecture.md	614	behavior	isteemodel-detects-tag	0	Helper function that detects the `tee` tag on an on-chain model's `tags` array	proxy-router/internal/blockchainapi/model_tags.go	TRUE	"blockchainapi/model_tags.go:9-18 IsTeeModel(tags []string) loops tags checking strings.ToLower(raw)==""tee""."	-	L7-tee	yes	TRUE	blockchainapi/model_tags.go:11 IsTeeModel; consumer hop service.go:1331 -> SetIsTee (service.go:528) -> proxy_sender.go:753; provider hop cmd/main.go:355 and proxy_receiver.go:423 per prompt	confirmed-r2						
B02-034	P1	.ai-docs/TEE_Attestation_Architecture.md	639	behavior	tee-tag-triggers-verification	0	When the consumer's C-Node picks a bid whose model carries the `tee` tag, it verifies the provider's P-Node attestation before opening the session	proxy-router/internal/blockchainapi/service.go	TRUE	service.go:1327-1334 sets isTee via IsTeeModel(model.Tags), then tryOpenSession (service.go:1625-1630) calls VerifyProviderQuick when isTeeSession, before the session-open transaction proceeds.	-	L7-tee	yes	TRUE	service.go:1627-1632 verifies before InitiateSession and returns tryNext so the loop at :1482-1489 tries the next bid; proxy_sender.go:753 returns ErrTeeAttestation per prompt; model_tags.go:10	confirmed-r2						
B02-035	P1	.ai-docs/TEE_Attestation_Architecture.md	656	behavior	cache-quote-hash-tls-fingerprint	0	Cache snapshot (quote hash, TLS fingerprint, expiry-free)	proxy-router/internal/attestation/verifier.go	STALE	verifier.go:335-355 accepts SHA-256(SPKI DER) first, full-certificate digest only as legacy (commit 878ee3b4); pre-878ee3b4 VerifyTLSBinding compared the cert fingerprint alone	S2	L7-tee	yes	STALE	verifier.go:335-355 accepts SHA-256(SPKI DER) first, full-certificate digest only as legacy (commit 878ee3b4); pre-878ee3b4 VerifyTLSBinding compared the cert fingerprint alone	defect-found-by-blind-r2			FIXED: F1.4 SPKI in walkthrough	TRUE	proxy-router/internal/attestation/verifier.go:313-318 — Verifier caches verifiedQuoteEntry{quoteHash, tlsBinding} per attestationURL with no TTL/expiry; VerifyTLSBinding (verifier.go:335) binds reportData[0:32] to cert SPKI/full-cert digest	UPHELD: T5: same SPKI carve-out — the doc describes the pre-878ee3b4 full-cert comparison
B02-036	P1	.ai-docs/TEE_Attestation_Architecture.md	668	security	tls-fingerprint-change-hard-fail	0	If TLS fingerprint changed → hard fail (MITM signal), refuse to forward	proxy-router/internal/proxyapi/proxy_sender.go	FALSE	attestation/verifier.go:416-421 VerifyProviderQuick re-runs FULL verification (not a hard fail) when the cert digest changed but SPKI matches; hard fail only at :423 when SPKI differs too	S2	L7-tee	yes	FALSE	attestation/verifier.go:416-421 VerifyProviderQuick re-runs FULL verification (not a hard fail) when the cert digest changed but SPKI matches; hard fail only at :423 when SPKI differs too	defect-found-by-blind-r2			FIXED: F1.5 re-verify not hard fail	TRUE	proxy-router/internal/attestation/backend_verifier.go:376 — TLS fingerprint mismatch returns "LLM TLS certificate changed... (possible MITM)" error; proxy_receiver.go:424-429 aborts SessionPrompt before forwarding, refusing to forward.	UPHELD: T5: a changed cert does NOT hard-fail when the SPKI digest matches (backend_verifier.go:367-374)
B02-037	P1	.ai-docs/TEE_Attestation_Architecture.md	754	behavior	fast-verify-unconditional	0	Runs unconditionally on every inference prompt for a `tee`-tagged model	proxy-router/internal/proxyapi/proxy_receiver.go	STALE	backend_verifier.go:109,121 now probes 21434 then falls back to 29343 and :355 fast-verify uses snapshot.AttestationURL+/cpu; port fallback landed 878ee3b4 after doc line 9e8203f8	S2	L7-tee	yes	STALE	backend_verifier.go:109,121 now probes 21434 then falls back to 29343 and :355 fast-verify uses snapshot.AttestationURL+/cpu; port fallback landed 878ee3b4 after doc line 9e8203f8	defect-found-by-blind-r2			FIXED: F1.6 port fallback	FALSE	proxy-router/internal/attestation/backend_verifier.go:354,109 — FastVerify fetches snapshot.AttestationURL + "/cpu", resolved by probing 21434 first THEN falling back to 29343 (backendAttestationPorts = {21434, 29343}); the fetch is not unc	
B02-038	P1	.ai-docs/TEE_Attestation_Architecture.md	769	architecture~loc	rtmr3-measures-compose-rootfs	0	RTMR3 measures Rootfs + docker-compose.yaml	proxy-router/internal/attestation/workload_verifier.go	TRUE	workload_verifier.go:70 CalculateRTMR3([]byte(variant), entry.RootfsData) — variant is the docker-compose bytes, entry.RootfsData is the rootfs measurement; matches 'Rootfs + docker-compose.yaml'.	-	L7-tee	no	TRUE	attestation/rtmr.go:12-16 CalculateRTMR3 extends SHA-256(compose) with the rootfs data hash; workload_verifier.go:70-75 replays it client-side and compares to the quote's RTMR3	confirmed-r2						
B02-039	P1	.ai-docs/TEE_Attestation_Architecture.md	779	security	backend-genuine-tdx-hardware	0	The backend is genuine Intel TDX hardware running a known SecretVM firmware/kernel/initramfs build	proxy-router/internal/attestation/backend_verifier.go	TRUE	artifacts_registry.go FindMatchingArtifacts(MRTD,RTMR0,RTMR1,RTMR2) only returns a match against known SecretVM firmware/kernel/initramfs entries, establishing genuine hardware + known build.	-	L7-tee	yes	UNVERIFIABLE-IN-REPO	attestation/backend_verifier.go:175 and verifier.go:565-605 — hardware genuineness is whatever the external SecretAI portal returns; no Intel signature-chain check in repo	reclassified-r2						
B02-040	P1	.ai-docs/TEE_Attestation_Architecture.md	781	security~loc	exact-models-loaded-proven	0	The exact set of loaded models in docker-compose.yaml is proven — swapping any model, port, or env var changes RTMR3 and fails verification	proxy-router/internal/attestation/workload_verifier.go	FALSE	ai_engine.go:64 passes nil httpClient -> openai.go:38-40 bare http.Client; PinnedHTTPClient zero non-test callers	S3	L7-tee	no	FALSE	ai_engine.go:64 passes nil httpClient -> openai.go:38-40 bare http.Client; PinnedHTTPClient zero non-test callers	defect-found-by-blind			FIXED: F1.7 inference not pinned	TRUE	proxy-router/internal/attestation/verifier.go:325-361 (VerifyTLSBinding matches SHA-256(SPKI/cert) of the peer TLS cert against reportData[:32], error on mismatch; comment: "TLS private key never leaves the TEE"), used in Phase 2 backend fl	UPHELD: T4: inference runs over a default http.Client with no pinning (ai_engine.go:64); TLS binding is checked only on the separate attestation probe
B02-041	P1	.ai-docs/TEE_Attestation_Architecture.md	782	security~loc	tls-endpoint-inside-enclave	0	The TLS endpoint serving inference terminates inside the attested enclave (no CDN/reverse-proxy MITM can sit between P-Node and backend)	proxy-router/internal/aiengine/ai_engine.go	WITHDRAWN	WITHDRAWN — row cites line 782 (GPU/NRAS binding, which is TRUE); the MITM assertion it argued about is line 781. Mis-cited, so withdrawn as a finding.	-	L7-tee	no	TRUE	backend_verifier.go:243-262 NRAS OverallResult + eat_nonce bind; :285 -> VerifyCPUGPUBinding :459-490; AttestBackend called at cmd/main.go:363	withdrawn						
B02-042	P1	.ai-docs/TEE_Attestation_Architecture.md	782	security~loc	gpu-cpu-binding-proven	0	The GPU evidence is genuine NVIDIA hardware (per NRAS), cryptographically bound to the same CPU quote (per `reportData[32:64]`)	proxy-router/internal/attestation/nras_verifier.go	TRUE	backend_verifier.go:234-261 VerifyCPUGPUBinding ties reportData[32:64] to the GPU nonce, and NRAS's eat_nonce is checked to match that same nonce (lines 256-261), cryptographically chaining GPU evidence to the CPU quote.	-	L7-tee	no	TRUE	backend_verifier.go:459-488 VerifyCPUGPUBinding compares CPU reportData bytes 32+ to the GPU nonce; :243-262 submits the evidence to NRAS and requires overall-result plus eat_nonce	confirmed-r2						
B03-002	P1	.ai-docs/TEE_CICD_Supply_Chain_Hardening.md	76	architecture	digest-is-true-identity	0	The digest is the image's true identity.	.github/workflows/build.yml	TRUE	"build.yml:456,579 'cosign sign --yes ""$TEE_IMAGE@$DIGEST""' signs by digest, not tag, making the digest the signed identity."	-	L7-tee	yes	TRUE	.github/workflows/build.yml:1012 re-points :latest at each new build via imagetools create (tags move), while :693-697 captures the digest and pins the compose to it	confirmed-r2						
B03-003	P1	.ai-docs/TEE_CICD_Supply_Chain_Hardening.md	87	architecture	tee-from-scratch	0	Even though the TEE image is built FROM scratch (containing only a single Go binary), syft extracts the Go module build info embedded in the binary.	proxy-router/Dockerfile.tee	TRUE	proxy-router/Dockerfile final stage is 'FROM scratch' copying only the compiled 'proxy-router' Go binary + certs; Dockerfile.tee layers ENV-only config on top (ARG BASE_IMAGE, no new binaries added).	-	L7-tee	yes	TRUE	proxy-router/Dockerfile stage 2 is FROM scratch with only the Go binary + CA certs; .github/workflows/build.yml:790 runs syft on the -tee image and cosign attach sbom at :791	confirmed-r2						
B03-004	P1	.ai-docs/TEE_CICD_Supply_Chain_Hardening.md	89	behavior	sbom-as-oci-artifact	0	The SBOM is attached to the image in GHCR as an OCI artifact and travels with the image wherever it goes.	.github/workflows/build.yml	TRUE	"build.yml:790-791 'syft ... -o spdx-json=sbom-tee.spdx.json' then 'cosign attach sbom --sbom sbom-tee.spdx.json ""$TEE_IMAGE@$DIGEST""' attaches the SBOM as an OCI artifact to the GHCR image."	-	L7-tee	yes	AMBIGUOUS	build.yml:790-791 cosign attach sbom — sibling at derived tag, not part of image manifest	disputed				TRUE	.github/workflows/build.yml:790-791 — syft generates SPDX SBOM and `cosign attach sbom` pushes it as OCI artifact to the image digest in GHCR (registry: ghcr.io at lines 410, 541; TEE image = ghcr.io/morpheusais/morpheus-lumerin-node-tee)	
B03-005	P1	.ai-docs/TEE_CICD_Supply_Chain_Hardening.md	143	architecture	rtmr3-template-independent	0	RTMR3 measures (compose + rootfs); template-independent. RTMR0-2 verified at runtime via SecretVM TDX artifact registry lookup.	proxy-router/internal/attestation/golden.go	TRUE	golden.go carries the CI-signed RTMR3 (no vcpu/template param, confirming template-independence); artifacts_registry.go FindMatchingArtifacts looks up MRTD/RTMR0-2 against the TDX registry at runtime.	-	L7-tee	yes	TRUE	build.yml:973 emits that exact note string; proxy-router/scripts/compute-rtmr3.py:8 needs only compose plus rootfs digest; attestation/artifacts_registry.go:153 does the mrtd/rtmr0-2 registry lookup	confirmed-r2						
B03-006	P1	.ai-docs/TEE_CICD_Supply_Chain_Hardening.md	184	architecture	sev-launch-digest-vpu	0	The SEV launch digest folds in one VMSA page per vCPU; TDX RTMR3 does not.	proxy-router/internal/attestation/sev_gctx.go	FALSE	golden.go:98 MatchSEVMeasurement has zero callers repo-wide and matches by measurement value not family_id; SEV consumer check is verifier.go:473-475 using legacy golden.Measurement only	S2	L7-tee	yes	FALSE	golden.go:98 MatchSEVMeasurement has zero callers repo-wide and matches by measurement value not family_id; SEV consumer check is verifier.go:473-475 using legacy golden.Measurement only	defect-found-by-blind-r2			FIXED: F1.8 MatchSEVMeasurement unwired	FALSE	proxy-router/internal/attestation/golden.go:98 — MatchSEVMeasurement exists but has zero callers and matches a measurement string against SEVPerTemplate; the actual family_id parse/lookup is VerifySevWorkload→ParseSevFamilyID (sev_workload.	
B03-007	P1	.ai-docs/TEE_CICD_Supply_Chain_Hardening.md	179	security	log-level-debug-hard-fail	0	The pipeline hard-fails the build if LOG_LEVEL_APP=debug is detected in Dockerfile.tee	proxy-router/Dockerfile.tee	TRUE	"build.yml:818-823: 'if [ ""$val"" = ""debug"" ] && [ ""$var"" = ""LOG_LEVEL_APP"" ]; then ... exit 1' — hard-fails the manifest-publish step on LOG_LEVEL_APP=debug extracted from Dockerfile.tee."	-	L7-tee	yes	TRUE	.github/workflows/build.yml:821 exits 1 on LOG_LEVEL_APP=debug in Dockerfile.tee; Dockerfile.tee:33-36 bakes app=info tcp/eth_rpc/storage=warn. Gate at :794 runs post-push, blocks manifest publish	confirmed-r2						
B03-010	P1	.ai-docs/TEE_CICD_Supply_Chain_Hardening.md	180	behavior~para	branch-network-mapping	0	The network field are set at build time based on the branch: main → mainnet (Base Mainnet 8453), test → testnet (Base Sepolia 84532).	proxy-router/Dockerfile.tee	TRUE	build.yml:503-509: 'if github.ref_name == main -> main.env (mainnet) else -> test.env (testnet)'; main.env CHAIN_ID=8453, test.env CHAIN_ID=84532 — exact match for the main/test case.	-	L7-tee	no	TRUE	.github/workflows/build.yml:503-521 branch main uses main.env (CHAIN_ID=8453) else test.env (84532); network baked into manifest at :913; Dockerfile.tee ENVs otherwise fixed	confirmed-r2						
B03-011	P1	.ai-docs/TEE_CICD_Supply_Chain_Hardening.md	303	requirement~loc	secretvm-v0.0.31-pin	0	Pins SecretVM release version (currently v0.0.31 — the portal's Production Artifacts version)	.github/tee/secretvm.env	TRUE	.github/tee/secretvm.env:20-22 states 'As of 2026-07 the portal's Production artifacts version is v0.0.31' and pins SECRETVM_RELEASE=v0.0.31.	-	L7-tee	no	TRUE	.github/tee/secretvm.env:22-41 pins v0.0.31, rootfs-prod, TDX and SEV rootfs URL plus SHA-256, SEV registry URL and vm_type prod; build.yml:587-599 derives every pipeline rootfs reference from it	confirmed-r2						
B03-012	P1	smart-contracts/docs/inference-contract-enhancements-rfp.md	43	architecture~loc	model-id-composition	0	modelId = keccak256(owner, baseModelId). Re-registering with the same baseModelId upserts metadata and adds stake.	smart-contracts/contracts/diamond/facets/ModelRegistry.sol	TRUE	smart-contracts/contracts/diamond/facets/ModelRegistry.sol:100 getModelId = keccak256(account_, baseModelId_); :44 newStake_ = model.stake + amount_; :62-66 overwrite ipfsCID/fee/name/tags on re-register. Upsert + add-stake confirmed.	-	L5-economics	no	TRUE	ModelRegistry.sol:100-102 getModelId = keccak256(abi.encodePacked(owner, baseModelId)); modelRegister :43-68 adds stake, enforces modelMinimumStake, and overwrites metadata on re-register	confirmed-r2						
B03-014	P1	smart-contracts/docs/inference-contract-enhancements-rfp.md	62	economics~loc	provider-reward-limiter-365	0	Provider reward limiter period is 365 days in contract (PROVIDER_REWARD_LIMITER_PERIOD).	smart-contracts/contracts/diamond/facets/Marketplace.sol	TRUE	smart-contracts/contracts/diamond/storages/ProviderStorage.sol:21 - PROVIDER_REWARD_LIMITER_PERIOD = 365 days. The RFP is right; the '1 day' product doc it calls out is docs/concepts/rewards-and-economics.mdx:30.	-	L5-economics	no	TRUE	ProviderStorage.sol:21 PROVIDER_REWARD_LIMITER_PERIOD = 365 days, used at SessionRouter.sol:379 and ProviderRegistry.sol:48	confirmed-r2						
B03-015	P1	smart-contracts/docs/inference-contract-enhancements-rfp.md	56	architecture	direct-pay-vs-stake-structural	0	Direct pay vs staking is structurally identical except for who pays the provider at close.	smart-contracts/contracts/diamond/facets/SessionRouter.sol	TRUE	SessionRouter.sol:168-176 getSessionEnd takes no direct-pay flag; :300-312 pushes the userStakesOnHold lock in both modes; only :394-402 branches (safeTransfer from escrow vs safeTransferFrom fundingAccount).	-	L5-economics	yes	TRUE	SessionRouter.sol:392-401 only the payer differs (user escrow vs fundingAccount); getSessionEnd :168-180 stipend math and :293-311 day-lock run identically for both modes	confirmed-r2						
B03-016	P1	smart-contracts/docs/inference-contract-enhancements-rfp.md	58	behavior	early-close-two-transaction	0	Early close requires a second transaction. Funds parked in userStakesOnHold[] must be claimed via withdrawUserStakes	smart-contracts/contracts/diamond/facets/SessionRouter.sol	STALE	Two-tx part TRUE (SessionRouter.sol:311 push, :435 separate withdrawUserStakes). 'No proxy-router HTTP route' is stale: controller.go:69 GET /blockchain/stakes/on-hold + stake_claimer.go:39,87 auto-sweeps matured stake every 10 min.	S2	L5-economics	yes	TRUE	SessionRouter.sol:311 OnHold, :435 separate tx; controller.go:33-81 exposes only GET stakes/on-hold	disputed			FIXED: F6.2 route now exists	STALE	proxy-router/internal/blockchainapi/controller.go:69 — was true earlier ("nothing ever published them"), but repo now has GET /blockchain/stakes/on-hold and StakeClaimer (stake_claimer.go:50-82) auto-calling withdrawUserStakes every 10 min	
B03-017	P1	smart-contracts/docs/inference-contract-enhancements-rfp.md	484	architecture~loc	duration-both-modes-stipend	0	uint128 duration_ = uint128(stakeToStipend(amount_, openedAt_) / pricePerSecond_); Direct pay flag is not passed.	smart-contracts/contracts/diamond/facets/SessionRouter.sol	TRUE	smart-contracts/contracts/diamond/facets/SessionRouter.sol:169 is that line verbatim; the getSessionEnd signature at :168 takes (amount_, pricePerSecond_, openedAt_) only - no direct-pay flag is passed.	-	L5-economics	no	TRUE	smart-contracts/contracts/diamond/facets/SessionRouter.sol:169 is byte-identical to the quoted line, and :144 shows openSession calling getSessionEnd with no direct-pay flag	confirmed-r2						
B03-018	P1	smart-contracts/docs/inference-contract-enhancements-rfp.md	52	architecture~loc	no-global-name-idempotency	0	No global name idempotency. modelRegister does not check for existing names. Idempotency exists only for (modelOwner, baseModelId).	smart-contracts/contracts/diamond/facets/ModelRegistry.sol	TRUE	smart-contracts/contracts/diamond/facets/ModelRegistry.sol:41,100 - the only key is keccak256(modelOwner_, baseModelId_); name_ is written at :65 with no uniqueness index or name lookup anywhere in ModelStorage.sol.	-	L5-economics	no	TRUE	ModelRegistry.sol:41-67 modelRegister keys on getModelId(modelOwner_, baseModelId_) and writes model.name unconditionally; no uniqueness check on name anywhere in the facet	confirmed-r2						
B03-019	P1	smart-contracts/docs/inference-contract-enhancements-rfp.md	54	architecture	model-fee-field-unused	0	fee on Model is unused. Documented as a royalty placeholder; not referenced in settlement logic.	smart-contracts/contracts/diamond/facets/Marketplace.sol	TRUE	smart-contracts/contracts/diamond/facets/ModelRegistry.sol:64 - 'model.fee = fee_; // TODO: validate fee and get usage places'. Repo-wide grep: fee appears only there and in the IModelRegistry param doc; never read in settlement.	-	L5-economics	yes	TRUE	interfaces/storage/IModelStorage.sol:18 uint256 fee is commented as an unused royalty placeholder; sole write is ModelRegistry.sol:32 modelRegister, no reference in SessionRouter settlement	confirmed-r2						
B03-020	P1	smart-contracts/docs/inference-contract-enhancements-rfp.md	242	proposal~loc	direct-pay-duration-formula	1	Direct-pay sessions: endsAt = openedAt + min(amount / pricePerSecond, maxSessionDuration).	smart-contracts/contracts/diamond/facets/SessionRouter.sol	TRUE	Proposal, correctly scoped: current SessionRouter.sol:168-176 derives endsAt from stakeToStipend(amount)/pricePerSecond capped by maxSessionDuration for BOTH modes, so amount/pricePerSecond would be a genuine change.	-	L5-economics	no	TRUE	RFP row matches its own acceptance criterion at inference-contract-enhancements-rfp.md:245 and maxSessionDuration is real - SessionStorage.sol:24, SessionRouter.sol:171-172 clamps duration to it	confirmed-r2						
B03-021	P1	smart-contracts/docs/inference-contract-enhancements-rfp.md	245	proposal	direct-pay-immediate-refund	1	Direct-pay early close: user receives unused escrow immediately; no userStakesOnHold row for direct-pay mode.	smart-contracts/contracts/diamond/facets/SessionRouter.sol	TRUE	Proposal, correctly scoped: SessionRouter.sol:300-312 pushes a userStakesOnHold row without branching on session.isDirectPaymentFromUser, so 'no on-hold row for direct pay' is not current behaviour.	-	L5-economics	yes	TRUE	criterion is still an unchecked proposal: SessionRouter.sol:168-180 computes endsAt from stakeToStipend(amount)/pricePerSecond for both modes, so amount/pricePerSecond is not implemented	confirmed-r2						
B03-022	P1	smart-contracts/docs/inference-contract-enhancements-rfp.md	201	requirement	reject-nonzero-fee	1	modelRegister reverts if fee_ != 0 with clear error.	smart-contracts/contracts/diamond/facets/ModelRegistry.sol	TRUE	Proposal, correctly scoped: ModelRegistry.sol:64 stores fee_ unvalidated behind a TODO and no revert path exists, so the acceptance criterion describes work to do rather than asserting current behaviour.	-	L5-economics	yes	TRUE	smart-contracts/contracts/diamond/facets/ModelRegistry.sol:64 stores model.fee = fee_ with a TODO and no revert, so the unchecked acceptance box correctly describes work not yet done	confirmed-r2						
B03-023	P1	smart-contracts/docs/session-day-lock-upgrade-runbook.md	9	architecture~loc	diamond-addr-sepolia	0	Diamond | 0x<redacted> | BASE Sepolia | Owner | EOA 0x<redacted>	smart-contracts/contracts/diamond/Diamond.sol	TRUE	Diamond address matches smart-contracts/deploy/data/config_base_sepolia.json:11 lumerinProtocol and the owner matches its :10 owner field (treated as the diamond at 4_update_session_facet.migration.ts:26). EOA-ness is not repo-checkable.	-	L5-economics	no	TRUE	both runbook addresses match proxy-router/.env.example:15 (mainnet, uncommented) and :22 (testnet block) and ui-desktop/.env.example:8 and :19, with the same network mapping	confirmed-r2						
B03-024	P1	smart-contracts/docs/session-day-lock-upgrade-runbook.md	10	architecture~loc	diamond-addr-mainnet	0	Diamond | 0x<redacted> | BASE mainnet | Owner | Gnosis Safe 5-of-9 0x<redacted>	smart-contracts/contracts/diamond/Diamond.sol	TRUE	Diamond address matches config_base_mainnet.json:11 lumerinProtocol and the owner matches its :10 owner field. The 5-of-9 Safe threshold is not repo-checkable; scripts/session-day-lock-cut-calldata.ts:74,148 probes Safe-vs-EOA on chain.	-	L5-economics	no	TRUE	smart-contracts/deploy/data/config_base_sepolia.json:10 and config_base_mainnet.json:10 owner fields match both quoted owners; the 5-of-9 Safe threshold is on-chain only	confirmed-r2						
B03-025	P1	smart-contracts/docs/session-day-lock-upgrade-runbook.md	24	behavior~loc	late-close-day-lock	0	Behavior change: session close day-locks the used stipend even on late close (anchors to min(closedAt, endsAt)).	smart-contracts/contracts/diamond/facets/SessionRouter.sol	TRUE	SessionRouter.sol:296-305 - sessionEnd_ = closedAt.min(endsAt), releaseAt_ = startOfTheDay(sessionEnd_)+1 days, lock fires while now < releaseAt_, so a late close inside the same UTC day locks. Test SessionRouter.test.ts:617.	-	L5-economics	no	TRUE	SessionRouter.sol:294-298 anchors the user day-lock to closedAt.min(endsAt) with releaseAt = startOfTheDay(sessionEnd)+1 day; commit 214024e0 is the #830 late-close fix, ABI untouched	confirmed-r2						
B03-026	P1	smart-contracts/docs/session-day-lock-upgrade-runbook.md	84	procedure~para	verify-lock-until-next-utc	0	open a short funded session, late-close same day getUserStakesOnHold shows a lock until next 00:00 UTC; unused stake returned	smart-contracts/contracts/diamond/facets/SessionRouter.sol	TRUE	test/diamond/facets/SessionRouter.test.ts:617-634 is exactly this smoke test: close at endsAt+100 leaves hold_ > 0 and returns wei(50)-hold immediately. Mechanism at SessionRouter.sol:297-315.	-	L5-economics	no	TRUE	SessionRouter.sol:296-311 _rewardUserAfterClose sets releaseAt = startOfTheDay(sessionEnd)+1 days, pushes userStakesOnHold, and transfers the remainder at once; startOfTheDay:529 is UTC midnight	confirmed-r2						
B03-027	P1	smart-contracts/docs/session-day-lock-upgrade-runbook.md	19	requirement~loc	atomic-diamond-cut	0	Atomic diamondCut: Remove every selector on the live SessionRouter facet (fresh loupe read). Add all ISessionRouter selectors	smart-contracts/contracts/diamond/Diamond.sol	TRUE	smart-contracts/scripts/session-day-lock-cut-calldata.ts:77-81 reads facetAddress(closeSession) then facetFunctionSelectors (fresh loupe); :117-138 assembles one Remove + two Add cuts into a single diamondCut calldata.	-	L5-economics	no	TRUE	smart-contracts/scripts/session-day-lock-cut-calldata.ts:81 fresh loupe read facetFunctionSelectors, :119-121 FacetAction.Remove of all oldSelectors, then two Add cuts	confirmed-r2						
B04-001	P1	docs/reference/api-auth.mdx	30	behavior	cookie-autogen	0	When the cookie file does not exist, the proxy-router auto-generates one	proxy-router/internal/system/auth.go	TRUE	auth.go:214-232 EnsureConfigFilesExist creates .cookie w/ random-generated password when file absent, matches doc verbatim	-	L2-api	yes	TRUE	system/auth.go:214-243 EnsureConfigFilesExist writes admin plus a random password at 0600 when the cookie file is absent; called from cmd/main.go:222	confirmed-r2						
B04-002	P1	docs/reference/api-auth.mdx	36	behavior	admin-username	0	admin is the administrator username.	proxy-router/internal/system/auth.go	TRUE	auth.go:232,246,442-443 cookieLine="admin:<pw>"; AddUser("admin",..); RequestAgentUser rejects "admin" as reserved username	-	L2-api	yes	TRUE	system/auth.go:232 writes the cookie as admin:<random 32 chars>, :246 grants admin the * whitelist, :443 rejects admin as a reserved username for agent users	confirmed-r2						
B04-003	P1	docs/reference/api-auth.mdx	18	default~loc	COOKIE_FILE_PATH	0	Default location: proxy-router binary directory	proxy-router/internal/config/config.go	FALSE	config.go:264-269 mustAbsPath() resolves relative CookieFilePath via filepath.Abs (= process CWD), not exe dir. controller_http.go:337-364 has an os.Executable() fallback but it's unreachable since path is already absolute by then.	S2	L1-config	no									
B04-004	P1	docs/reference/api-auth.mdx	19	default~loc	AUTH_CONFIG_FILE_PATH	0	Default location: proxy-router binary directory	proxy-router/internal/config/config.go	FALSE	Same mechanism as COOKIE_FILE_PATH: config.go:264,269 mustAbsPath(AuthConfigFilePath) resolves against process CWD, not "proxy-router binary directory."	S2	L1-config	no									
B04-005	P1	docs/reference/api-auth.mdx	51	behavior~loc	rpcauth-format	1	rpcauth=<user>:<salt>$<hash>: Username with salted, hashed password	proxy-router/internal/config/config.go	TRUE	auth.go:94-114 ReadConfig parses "rpcauth=user:salt$hash" exactly as documented	-	L2-api	no	TRUE	proxy-router/internal/system/auth.go:93-107 parses rpcauth=<user>:<salt>$<hash>; AddUser at :264-274 writes hex salt + HMAC-SHA256(salt, password) hash	confirmed-r2						
B04-006	P1	docs/reference/api-auth.mdx	52	behavior~loc	rpcwhitelist-wildcard	1	rpcwhitelist=<user>:<methods>: Allowed methods. * = all permitted	proxy-router/internal/config/config.go	TRUE	auth.go:370-385 IsMethodAllowed: '*' in rpcwhitelist matches any method (allow-all), matching doc	-	L2-api	no	TRUE	proxy-router/internal/system/auth.go:117-127 parses rpcwhitelist=user:m1,m2; IsMethodAllowed :368-388 returns true when an entry equals "*"	confirmed-r2						
B04-007	P1	docs/reference/api-auth.mdx	53	behavior~loc	rpcwhitelistdefault	1	rpcwhitelistdefault=0: only whitelisted methods allowed; =1: all allowed unless restricted	proxy-router/internal/config/config.go	TRUE	auth.go:132-148 parses rpcwhitelistdefault as bool; IsMethodAllowed:387-388 falls back to WhitelistDefault when user unlisted	-	L2-api	no	TRUE	proxy-router/internal/system/auth.go:129-147 parses 0/1; IsMethodAllowed :374-387 lets an explicit whitelist govern and falls back to WhitelistDefault only when the user has none	confirmed-r2						
B04-008	P1	docs/reference/api-auth.mdx	69	requirement	auth-endpoints-require-basic-auth	0	Both endpoints require Basic Auth (administrator credentials).	proxy-router/docs/swagger.yaml	TRUE	swagger.yaml:1301,1315 POST/DELETE /auth/users both carry security:BasicAuth + description Permission:add_user/remove_user	-	L2-api	yes	TRUE	proxy-router/internal/authapi/controller_http.go:32-33 wraps POST and DELETE /auth/users in CheckAuth; system/auth.go:391-415 rejects 401 without a valid Basic header then checks method permission	confirmed-r2						
B04-009	P1	docs/reference/api-auth.mdx	10	requirement	api-requires-auth	0	API access requires authentication and network access.	proxy-router/internal/config/config.go	FALSE	http.go route registration: 4 unauthenticated ops exist (GET /healthcheck, POST /proxy/provider/ping, POST /auth/users/request, GET /auth/cookie/path) — not all API access needs auth	S2	L2-api	yes	TRUE	system/auth.go:391-419 CheckAuth enforces basic auth + method whitelist	disputed			FIXED: F9.1 five open routes	TRUE	proxy-router/internal/system/auth.go:391 (CheckAuth enforces BasicAuth+per-method whitelist) & auth.go:213-242 (auto-creates .cookie), authapi/controller_http.go:35-37 (agent request endpoints for scoped access); version numbers UNSUPPORTED	UPHELD: T2: 5 unauthenticated routes (my 4 + GET /swagger/*any) — I undercounted; the doc claim is still false
B04-010	P1	docs/reference/api-endpoints.mdx	36	requirement~loc	session_id-required	1	session_id (hex32): Required for remote provider routing	proxy-router/docs/swagger.yaml	TRUE	swagger.yaml:2891-2903 session_id header has no required:true; ai_engine.go:56-70 GetAdapter routes local when sessionID==zero, remote(session-based) otherwise	-	L2-api	no	TRUE	aiengine/ai_engine.go:56-70 routes zero session_id to a local model and non-zero to RemoteModel; proxyapi/requests.go:37 binds header session_id with validate:"hex32"	confirmed-r2						
B04-011	P1	docs/reference/api-endpoints.mdx	54	behavior~loc	chat-completions-response	0	Response: 200 OK, text/event-stream (streaming) or application/json.	proxy-router/docs/swagger.yaml	TRUE	proxyapi/controller_http.go:230-236 sets Content-Type to text/event-stream when Stream=true, else application/json; writes succeed at default 200	-	L2-api	no									
B04-014	P1	docs/reference/api-endpoints.mdx	168	behavior	close-session-refund	0	unused stake is safeTransfer'd back in this same transaction. The used stipend may be parked in userStakesOnHold with releaseAt	proxy-router/internal/contracts/diamond.go	TRUE	smart-contracts/contracts/diamond/facets/SessionRouter.sol:296-315 _rewardUserAfterClose: safeTransfer(userAmountToWithdraw_) same tx; locked part pushed to userStakesOnHold[user] w/ releaseAt	-	L2-api	yes									
B04-015	P1	docs/reference/api-endpoints.mdx	168	behavior	day-lock-formula	0	releaseAt = startOfTheDay(min(closedAt, endsAt)) + 1 day	proxy-router/internal/contracts/diamond.go	TRUE	SessionRouter.sol:296-298 releaseAt_ = startOfTheDay(closedAt.min(endsAt)) + 1 days — exact formula match to doc	-	L2-api	yes									
B04-016	P1	docs/reference/api-endpoints.mdx	18	requirement	all-endpoints-require-auth	0	All endpoints require Basic Authentication	proxy-router/docs/swagger.yaml	FALSE	swagger.yaml: 4/87 operations lack security:BasicAuth (GET /healthcheck:2472, POST /proxy/provider/ping:2646, POST /auth/users/request:1378, GET /auth/cookie/path:1275)	S2	L2-api	yes									
B04-017	P1	docs/reference/api-auth.mdx	106	requirement	auth-header-format	1	Authorization: Basic <base64(username:password)>	proxy-router/docs/swagger.yaml	TRUE	swagger.yaml securityDefinitions.BasicAuth type:basic; auth.go:353-367 ParseBasicAuthHeader decodes base64 "user:pass" after "Basic " prefix	-	L2-api	yes	TRUE	system/auth.go:353-366 ParseBasicAuthHeader requires the literal "Basic " prefix then base64 of username:password, split on the first colon	confirmed-r2						
B04-018	P1	docs/reference/api-endpoints.mdx	32	behavior~loc	model-field-behavior	0	The request body is forwarded to the provider; you don't need a model field—it's set by the provider based on session_id.	proxy-router/internal/proxy/chat_handler.go	TRUE	aiengine/ai_engine.go:56-70 GetAdapter never reads body.Model, routes only off session_id header; controller_http.go:195-215 Prompt binds body without requiring a model field	-	L2-api	no									
B04-021	P1	docs/reference/env-proxy-router.mdx	21	behavior~loc	*_CONTENT-one-shot	0	For every *_CONTENT ↔ *_PATH pair, *_CONTENT variable is a one-shot file seeder, not runtime override. Only takes effect when file doesn't exist.	proxy-router/internal/config/config.go	TRUE	Same one-shot seed-then-ignore pattern confirmed in all 3 pairs: auth.go:215-233 (cookie), models_config.go:78-86 (models), agents_config.go:60-70 (agent). File-exists branch never reads *_CONTENT.	-	L1-config	no									
B04-022	P1	docs/reference/env-proxy-router.mdx	104	default~loc	ETH_NODE_CHAIN_ID	1	ETH_NODE_CHAIN_ID: 8453 (mainnet) / 84532 (testnet)	proxy-router/internal/config/config.go	AMBIGUOUS	config.go SetDefaults() has NO fallback for ChainID (0 stays 0); 8453 comes only from .env.example:18. If unset + no ETH_NODE_ADDRESS/keychain URL, rpcclient_store_factory.go:62-64 hard-errors at startup, not a silent default.	S3	L1-config	no									
B04-026	P1	docs/reference/env-proxy-router.mdx	157	default~loc	PROXY_STORE_CHAT_CONTEXT	1	PROXY_STORE_CHAT_CONTEXT: true	proxy-router/internal/config/config.go	TRUE	config.go:194-197 SetDefaults(): if StoreChatContext.Bool==nil, val:=true.	-	L1-config	no	TRUE	proxy-router/internal/config/config.go:194-196 SetDefaults sets val:=true when unset; proxy-router/Dockerfile.tee:23 bakes ENV PROXY_STORE_CHAT_CONTEXT=false into the -tee image	confirmed-r2						
B04-027	P1	docs/reference/env-proxy-router.mdx	157	behavior	tee-frozen-chat-context	0	Frozen false in -tee images.	proxy-router/internal/config/config.go	AMBIGUOUS	Dockerfile.tee:23 sets PROXY_STORE_CHAT_CONTEXT=false via a plain Docker ENV default, not a compiled-in lock; no code rejects a runtime -e override. "Frozen" likely relies on SecretVM attestation, outside this repo.	S2	L1-config	yes	AMBIGUOUS	config.go:194-196 defaults true; Dockerfile.tee:23 ENV false but overridable by docker run -e	confirmed						
B04-028	P1	docs/reference/env-proxy-router.mdx	158	default~loc	PROXY_FORWARD_CHAT_CONTEXT	1	PROXY_FORWARD_CHAT_CONTEXT: true	proxy-router/internal/config/config.go	TRUE	config.go:198-206 SetDefaults(): comment says "Default OFF", val:=false when ForwardChatContext.Bool==nil. Doc table (line 158) states default `true` — the opposite of the real default.	-	L1-config+scout-confirmed	no	STALE	config.go:198-207 defaults false ("Default OFF") since 390465b1; was val := true at a541fc10	reclassified-by-blind			FIXED: true -> false	TRUE	proxy-router/internal/config/config.go:198-206 — default ForwardChatContext=false with comment matching claim (client owns transcript, forwarding would duplicate); desc "prepend whole stored message history" at config.go:64, wired via main.	MY-LEDGER-STALE: I fixed this line true->false; the row still carried the pre-fix verdict. Kimi was right.
B04-029	P1	docs/reference/env-proxy-router.mdx	182	default~loc	MODEL_HEALTH_CHECK_DISABLED	1	MODEL_HEALTH_CHECK_DISABLED: false	proxy-router/internal/config/config.go	TRUE	config.go:78 ModelHealthCheckDisabled bool with no SetDefaults() override; Go zero-value is false, matching doc.	-	L1-config	no	TRUE	config.go:78 bool gets no default so zero value false; main.go:387 leaves the reporter nil when set and system/structs.go:24 models has json omitempty so the field disappears	confirmed-r2						
B04-030	P1	docs/reference/env-proxy-router.mdx	183	default~loc	MODEL_HEALTH_CHECK_INTERVAL	1	MODEL_HEALTH_CHECK_INTERVAL: 1h	proxy-router/internal/config/config.go	TRUE	config.go:229-231 SetDefaults(): if ModelHealthCheckInterval==0, = 1*time.Hour.	-	L1-config	no	TRUE	config.go:229-230 defaults ModelHealthCheckInterval to 1 hour; checker.go:150 builds the probe ticker from it and caches results in checker state between runs	confirmed-r2						
B04-031	P1	docs/reference/env-proxy-router.mdx	184	default~loc	MODEL_HEALTH_CHECK_TIMEOUT	1	MODEL_HEALTH_CHECK_TIMEOUT: 60s	proxy-router/internal/config/config.go	TRUE	config.go:232-234 SetDefaults(): if ModelHealthCheckTimeout==0, = 60*time.Second.	-	L1-config	no	TRUE	proxy-router/internal/config/config.go:233 defaults ModelHealthCheckTimeout to 60s; checker.go:417 uses it as the per-probe context timeout	confirmed-r2						
B04-032	P1	docs/reference/env-proxy-router.mdx	185	default~loc	MODEL_HEALTH_CHECK_PROBE_DELAY	1	MODEL_HEALTH_CHECK_PROBE_DELAY: 2s	proxy-router/internal/config/config.go	TRUE	config.go:235-237 SetDefaults(): if ModelHealthCheckProbeDelay==0, = 2*time.Second.	-	L1-config	no	TRUE	config.go:235-236 defaults ModelHealthCheckProbeDelay to 2s; main.go:394 passes it to modelhealth.NewChecker and checker.go:229 sleeps it between per-model probes	confirmed-r2						
B04-033	P1	docs/reference/env-proxy-router.mdx	186	default~loc	MODEL_HEALTH_MAX_CONSECUTIVE_ERRORS	1	MODEL_HEALTH_MAX_CONSECUTIVE_ERRORS: 3	proxy-router/internal/config/config.go	TRUE	config.go:238-240 SetDefaults(): if ModelHealthMaxConsecErrors==0, = 3.	-	L1-config	no	AMBIGUOUS	default 3 is right (config.go:239) but checker.go:588-591 flips to degraded, not unhealthy, when the whole streak was 429, and proxy_receiver.go:93-99 excludes 400/403/413/422 from counting	reclassified-r2						
B04-034	P1	docs/reference/env-proxy-router.mdx	194	default~loc	SESSION_HEALTH_POLICY	1	SESSION_HEALTH_POLICY: permissive	proxy-router/internal/config/config.go	TRUE	config.go:241-243 SetDefaults(): if SessionHealthPolicy=="", = "permissive".	-	L1-config	no	TRUE	config/config.go:241-242 sets SessionHealthPolicy to permissive when unset; :87 validates oneof=permissive preferred strict	confirmed-r2						
B04-037	P1	docs/reference/env-proxy-router.mdx	200	behavior~loc	health-policy-strict	0	strict: Only providers reporting model healthy are tried. degraded and unknown reports excluded.	proxy-router/internal/provider_selection/selector.go	TRUE	proxy-router/internal/provider_selection/selector.go does not exist; real logic is blockchainapi/service.go:1742-1743 applyHealthPolicy(): case HealthPolicyStrict: keep[i]=(c==modelHealthHealthy) only, so degraded/unknown are excluded.	-	L1-config	no									
B04-038	P1	docs/reference/env-proxy-router.mdx	214	default~loc	ARTIFACT_REGISTRY_REFRESH_INTERVAL	1	ARTIFACT_REGISTRY_REFRESH_INTERVAL: 1h	proxy-router/internal/config/config.go	TRUE	attestation/artifacts_registry.go:21 DefaultRegistryRefreshInterval = 1*time.Hour, applied in NewArtifactRegistry() when cfg.TEE.ArtifactRegistryRefreshInterval==0; wired at main.go:326-330.	-	L1-config	no	TRUE	attestation/artifacts_registry.go:21 DefaultRegistryRefreshInterval = 1 hour, applied when unset at :51-53 and again in sev_registry.go:35-37; SetDefaults leaves the field zero	confirmed-r2						
B04-040	P1	docs/reference/env-ui-desktop.mdx	17	default~loc	PROXY_WEB_DEFAULT_PORT	1	PROXY_WEB_DEFAULT_PORT: 8082	ui-desktop/src/main/config/index.ts	FALSE	ui-desktop/src/main/config/index.ts (cited source of truth) never references PROXY_WEB_DEFAULT_PORT; env.schema.ts has no such key either. Live var is SERVICE_PROXY_API_PORT (env.schema.ts:40, default 8082); this var is dead/vestigial.	S2	L1-config	no									
B04-045	P1	docs/reference/models-config.mdx	25	behavior	concurrentSlots-sum	0	The proxy-router will accept up to sum(concurrentSlots) across all configured models concurrently.	proxy-router/internal/config/models_config.go	TRUE	proxyapi/capacity_manager.go:29-55,72-109: HasCapacity() gates PER MODEL as activeSessions<modelConfig.ConcurrentSlots; no shared/global limiter found anywhere, so aggregate capacity is effectively sum(concurrentSlots).	-	L1-config	yes									
B04-046	P1	docs/reference/rating-config.mdx	12	behavior~loc	rating-config-load-order	0	Load order: file at RATING_CONFIG_PATH wins if exists; otherwise RATING_CONFIG_CONTENT is used; otherwise built-in defaults.	proxy-router/internal/rating/rating_config.go	TRUE	Real loader is internal/config/rating_config.go:29-49 LoadRating() (internal/rating/rating_config.go doesn't exist): file wins if ReadJSONFile succeeds, else RATING_CONFIG_CONTENT, else RatingConfigDefault. Matches doc's order.	-	L1-config	no									
B04-065	P1	docs/reference/env-proxy-router.mdx	156	default~loc	PROXY_STORAGE_PATH	1	PROXY_STORAGE_PATH: ./data/badger/	proxy-router/internal/config/config.go	TRUE	config.go:191-193 SetDefaults(): if StoragePath=="", = "./data/badger/".	-	L1-config	no	TRUE	proxy-router/internal/config/config.go:191-192 sets cfg.Proxy.StoragePath = "./data/badger/" when PROXY_STORAGE_PATH is unset	confirmed-r2						
B04-066	P1	docs/reference/troubleshooting.mdx	84	behavior	tinyllama-demo	0	The bundled tinyllama is a demo model. It will hallucinate, miscount, and contradict itself.	ui-desktop/src/main/services/model.ts	UNVERIFIABLE-IN-REPO	Empirical output-quality claim about bundled gguf weights; ui-desktop/src/main/services/model.ts doesn't exist; no code encodes model correctness/hallucination rate.	S4	L3a-behavior	yes									
B04-067	P1	docs/reference/glossary.mdx	14	behavior~loc	base-chain-id	1	BASE: Mainnet chain ID 8453; Sepolia 84532.	proxy-router/internal/config/config.go	TRUE	proxy-router/internal/repositories/ethclient/public.go:10,17 map 84532/8453; .env.example:18,25 sets ETH_NODE_CHAIN_ID=8453 (Sepolia commented 84532).	-	L3a-behavior	no	TRUE	ethclient/public.go:10,17 chain-id to RPC mapping	confirmed						
B04-068	P1	docs/reference/api-direct.mdx	32	requirement	approve-endpoint-auth	1	Authorization: Basic <base64(user:pass)>	proxy-router/docs/swagger.yaml	TRUE	swagger.yaml:1417-1440 POST /blockchain/approve carries security:BasicAuth	-	L2-api	yes	TRUE	proxy-router/internal/blockchainapi/controller.go:39 wraps POST /blockchain/approve in CheckAuth; system/auth.go:391 rejects a missing Authorization header; swagger.yaml:1439 security BasicAuth	confirmed-r2						
B04-070	P1	docs/reference/rating-config.mdx	19	behavior~loc	denylist-precedence	1	providerDenylist: Array of provider addresses excluded from rating and session opening. Takes precedence over the allowlist.	proxy-router/internal/rating/rating_config.go	TRUE	proxy-router/internal/rating/rating.go:47-56 isAllowed(): denyList checked first and returns false immediately, before the allowlist check runs.	-	L1-config	no									
B04-072	P1	docs/reference/api-endpoints.mdx	69	behavior~loc	"audio-response-formats"	1	response_format: json / text / srt / verbose_json / vtt	proxy-router/docs/swagger.yaml	TRUE	swagger.yaml:2871 /v1/audio/transcriptions response_format description: "json, text, srt, verbose_json, vtt" — verbatim match	-	L2-api	no									
B04-075	P1	docs/reference/env-proxy-router.mdx	81	behavior~loc	"eth-node-https-polling"	0	When ETH_NODE_USE_SUBSCRIPTIONS=false (default) expects HTTPS ETH_NODE_ADDRESS and uses ETH_NODE_POLLING_INTERVAL	proxy-router/internal/config/config.go	TRUE	main.go:268,272-275: UseSubscriptions==false -> NewLogWatcherPolling(..., cfg.Blockchain.PollingInterval, ...); PollingInterval defaults to 10s at config.go:120-122, matching doc.	-	L1-config	no									
B04-076	P1	docs/reference/env-proxy-router.mdx	80	behavior~loc	"eth-node-wss-subscriptions"	0	When ETH_NODE_USE_SUBSCRIPTIONS=true expects WSS ETH_NODE_ADDRESS	proxy-router/internal/config/config.go	TRUE	main.go:268-271: UseSubscriptions==true -> NewLogWatcherSubscription; go-ethereum's underlying SubscribeFilterLogs requires a WS-capable RPC transport, matching the doc's WSS expectation.	-	L1-config	no									
B04-077	P1	docs/reference/env-proxy-router.mdx	83	behavior~loc	"subscription-polling-mismatch"	0	Mismatch (e.g. subscriptions=true with HTTPS endpoint) makes node fail to receive blockchain events even though startup may look healthy	proxy-router/internal/config/config.go	TRUE	log_watcher_subscription.go:90-116 subscribeFilterLogsRetry: on scheme mismatch SubscribeFilterLogs errors, retries up to MaxReconnects, then gives up via Warnf (non-fatal) — app keeps running while blockchain events silently stop.	-	L1-config	no									
B04-078	P1	docs/reference/env-proxy-router.mdx	87	behavior~loc	"tee-proxy-store-frozen"	0	In the -tee image PROXY_STORE_CHAT_CONTEXT is hard-coded false at build time and cannot be overridden at runtime	proxy-router/internal/config/config.go	AMBIGUOUS	Dockerfile.tee:23 PROXY_STORE_CHAT_CONTEXT=false is a plain Docker ENV default (standard `docker run -e` would override it); no code in this repo enforces "cannot be overridden at runtime." Same caveat as B04-027.	S2	L1-config	no									
B04-080	P1	docs/reference/env-proxy-router.mdx	97	default~loc	"COOKIE_FILE_PATH"	1	COOKIE_FILE_PATH: ./.cookie	proxy-router/internal/config/config.go	TRUE	config.go:211-212 SetDefaults(): if CookieFilePath=="", = "./.cookie".	-	L1-config	no	TRUE	proxy-router/internal/config/config.go:211-212 sets CookieFilePath to "./.cookie" when unset; env tag COOKIE_FILE_PATH at config.go:71	confirmed-r2						
B04-088	P1	docs/reference/env-proxy-router.mdx	141	behavior~loc	"tee-logging-frozen"	0	For TEE images logging is frozen to production / JSON / minimal at build time; vars have no effect inside -tee image	proxy-router/internal/config/config.go	AMBIGUOUS	Dockerfile.tee:30-36 sets LOG_JSON/LOG_IS_PROD/LOG_LEVEL_* via plain Docker ENV defaults; no code path in config.go/main.go rejects a runtime override of these vars for a -tee image.	S2	L1-config	no									
B04-089	P1	docs/reference/env-proxy-router.mdx	159	default~loc	"MODELS_CONFIG_PATH"	1	MODELS_CONFIG_PATH: ./models-config.json	proxy-router/internal/config/config.go	TRUE	Value matches but wrong file: config.go has no SetDefaults() entry for ModelsConfigPath. Real default is models_config.go:14-15 ConfigPathDefault="models-config.json" (no "./" prefix, functionally identical), applied in Init() at :73-76.	-	L1-config	no	TRUE	proxy-router/internal/config/models_config.go:15 ConfigPathDefault = models-config.json and :73 falls back to it when MODELS_CONFIG_PATH (config.go:67, no env-default) is unset; relative to cwd	confirmed-r2						
B04-090	P1	docs/reference/env-proxy-router.mdx	163	default~loc	"RATING_CONFIG_PATH"	1	RATING_CONFIG_PATH: ./rating-config.json	proxy-router/internal/config/config.go	TRUE	config.go:208-210 SetDefaults(): if RatingConfigPath=="", = "./rating-config.json".	-	L1-config	no	TRUE	proxy-router/internal/config/config.go:208-209 sets RatingConfigPath to "./rating-config.json" when unset; env tag RATING_CONFIG_PATH at config.go:69	confirmed-r2						
B04-091	P1	docs/reference/env-proxy-router.mdx	28	behavior~loc	"cookie-file-precedence"	0	File at COOKIE_FILE_PATH already exists: Reads file. COOKIE_CONTENT is silently ignored.	proxy-router/internal/system/auth.go	TRUE	auth.go:214-215 EnsureConfigFilesExist: the whole CookieContent-handling block is inside `if file does not exist`; when the file exists, that block (and CookieContent) is never touched.	-	L1-config	no									
B04-092	P1	docs/reference/env-proxy-router.mdx	29	behavior~loc	"cookie-content-seeding"	0	File does not exist + COOKIE_CONTENT set: Writes COOKIE_CONTENT to file, then reads it.	proxy-router/internal/system/auth.go	TRUE	auth.go:219-225: file absent + CookieContent!="" -> cookieLine=CookieContent, parsed and written to file, then implicitly read via ReadCookieFile elsewhere.	-	L1-config	no									
B04-093	P1	docs/reference/env-proxy-router.mdx	30	behavior~loc	"cookie-autogen-no-content"	0	File does not exist + COOKIE_CONTENT unset: Generates random 32-char password for admin, writes to file.	proxy-router/internal/system/auth.go	TRUE	auth.go:226-232: file absent + CookieContent=="" -> generateRandomString(32), cookieLine="admin:<pass>\n" written to file.	-	L1-config	no									
B04-094	P1	docs/reference/env-proxy-router.mdx	43	behavior~loc	"models-config-file-precedence"	0	File at MODELS_CONFIG_PATH exists: Reads file. MODELS_CONFIG_CONTENT silently ignored.	proxy-router/internal/config/models_config.go	TRUE	models_config.go:78: the WriteFile-from-configContent branch only runs `if _, err := os.Stat(filePath); os.IsNotExist(err)`; when the file exists, ModelsConfigContent is never read.	-	L1-config	no	TRUE	models_config.go:76-88 os.Stat hit skips WriteFile; configContent never consulted	confirmed						
B04-095	P1	docs/reference/env-proxy-router.mdx	44	behavior~loc	"models-config-content-seeding"	0	File does not exist + MODELS_CONFIG_CONTENT set: Writes MODELS_CONFIG_CONTENT to file, then reads it.	proxy-router/internal/config/models_config.go	TRUE	models_config.go:79-83: file absent + configContent!="" -> os.WriteFile(filePath, configContent), then lib.ReadJSONFile(filePath) reads it back at :89.	-	L1-config	no									
B04-096	P1	docs/reference/env-proxy-router.mdx	45	behavior~loc	"models-config-empty"	0	File does not exist + MODELS_CONFIG_CONTENT unset: Logs warning and runs with empty model registry.	proxy-router/internal/config/models_config.go	TRUE	models_config.go:84-86: file absent + configContent=="" -> returns error "models config file not found"; main.go:312-315 logs a Warnf and continues with empty registry.	-	L1-config	no	TRUE	main.go:312-315 downgrades the not-found error to Warnf and continues	confirmed						
B04-098	P1	docs/reference/env-proxy-router.mdx	60	requirement~loc	"auth-config-no-inline"	0	AUTH_CONFIG_FILE_PATH (no inline twin): proxy.conf is built at runtime by proxy-router when users added via POST /auth/users	proxy-router/internal/config/config.go	TRUE	authapi/controller_http.go:32 wires POST /auth/users -> AddUser handler, which calls cfg.AddUser() (auth.go:264) writing directly to proxy.conf; grep of repo confirms no AUTH_CONFIG_CONTENT env var exists anywhere.	-	L1-config	no	TRUE	config.go:73 has only AUTH_CONFIG_FILE_PATH (default ./proxy.conf at :215); no AUTH_CONFIG_CONTENT exists; auth.go:250-259 seeds proxy.conf from the cookie; controller_http.go:32 POST /auth/users	confirmed-r2						
B04-099	P1	docs/reference/env-proxy-router.mdx	66	behavior~loc	"wallet-private-key-precedence"	0	WALLET_PRIVATE_KEY set: Uses it. Keychain not read. WALLET_PRIVATE_KEY unset + OS supports keychain (macOS): Reads/writes key from system keychain	proxy-router/internal/config/config.go	TRUE	main.go:260-266: key set -> EnvWallet, keychain untouched; unset -> NewKeychainWallet via go-keyring (keychain.go), which is cross-platform, not literally macOS-exclusive, but "(macOS)" reads as example not exclusivity.	-	L1-config	no									
B04-100	P1	docs/reference/env-proxy-router.mdx	68	behavior~loc	"wallet-no-key"	0	Neither WALLET_PRIVATE_KEY set nor keychain: Refuses to start signing transactions; read-only operations still work.	proxy-router/internal/config/config.go	TRUE	repositories/wallet/keychainwallet.go:41-47 GetPrivateKey() returns ErrWalletNotSet only when called (i.e. at signing time), not at process startup; main.go never aborts boot for a missing key, matching "read-only operations still work."	-	L1-config	no									
B04-101	P1	docs/reference/env-proxy-router.mdx	74	behavior~para	"web-public-url-fallback"	0	If WEB_PUBLIC_URL unset, synthesizes http://localhost:<port-from-WEB_ADDRESS>	proxy-router/internal/config/config.go	TRUE	config.go:183-190 SetDefaults(): if WEB_PUBLIC_URL=="", synthesizes http://localhost<addr> for ":port" form or http://<addr-with-0.0.0.0->localhost> otherwise. Matches the paraphrase exactly.	-	L1-config	no									
B04-103	P1	docs/reference/models-config.mdx	20	requirement~loc	"apiUrl-required"	1	apiUrl: yes | Full backend URL including endpoint path	proxy-router/internal/config/models_config.go	TRUE	proxy-router/internal/config/models-config-schema.json "required": [...,"apiUrl"]; models_config.go:45 ApiURL has `validate:"required,url"`.	-	L1-config	no	TRUE	config/models_config.go:46 ApiKey carries no validate tag (optional), while :45 ApiURL is validate:"required,url"	confirmed-r2						
B04-104	P1	docs/reference/glossary.mdx	26	behavior~loc	"userStakesOnHold-definition"	1	userStakesOnHold: Per-user array on Inference Contract holding used stipend after close. Each entry has releaseAt = startOfTheDay(min(closedAt, endsAt)) + 1 day	proxy-router/internal/contracts/diamond.go	TRUE	smart-contracts/.../SessionStorage.sol:29 userStakesOnHold mapping; SessionRouter.sol:296-311 releaseAt_=startOfTheDay(min(closedAt,endsAt))+1days, pushed OnHold entry.	-	L3a-behavior	no									
B04-105	P1	docs/reference/glossary.mdx	27	requirement~loc	"withdrawUserStakes-no-http-route"	1	withdrawUserStakes: No HTTP route on proxy-router. Function selector 0xa98a7c6b	proxy-router/docs/swagger.yaml	TRUE	SessionRouter.sol:435 withdrawUserStakes(address,uint8); `cast sig` confirms selector 0xa98a7c6b; proxy-router/docs/swagger.yaml has zero 'withdraw' path matches.	-	L3a-behavior	no	AMBIGUOUS	selector and signature check out and blockchainapi/controller.go:35-79 has no route calling it, but proxyctl.go:239 runs StakeClaimer sweeping it every 10 min plus a stakes/on-hold GET	reclassified-r2						
B04-107	P1	docs/reference/glossary.mdx	19	behavior~loc	"session-pricing-model"	1	Session-time pricing: providers post pricePerSecond, not pricePerToken. Long contexts and short contexts cost same per second	proxy-router/internal/config/models_config.go	TRUE	smart-contracts/.../IBidStorage.sol:17 Bid.pricePerSecond field; no pricePerToken field anywhere in Bid struct.	-	L3a-behavior	no									
B04-108	P1	docs/reference/api-auth.mdx	151	requirement~para	"admin-password-rotation"	0	Rotate admin password regularly. Keep proxy.conf out of version control.	proxy-router/internal/system/auth.go	UNVERIFIABLE-IN-REPO	operational recommendation (rotate admin pw, keep proxy.conf out of VCS) is advice to the operator, not a code behavior auth.go can confirm or deny	S4	L2-api	no									
B04-109	P1	docs/reference/env-proxy-router.mdx	105	requirement~loc	"eth-node-address-explicit"	1	ETH_NODE_ADDRESS: public round-robin fallback is rate-limited and unreliable; missed events break node silently. Set explicitly for any real deployment	proxy-router/internal/config/config.go	TRUE	ethclient/rpcclient_store_factory.go:57-83 falls back to GetPublicRPCURLs(chainID) only when no env/keychain URL set; rpcclientmultiple.go:20 documents it as round-robin-with-retries, matching "rate-limited fallback" framing.	-	L1-config	no	TRUE	config.go:29 ETH_NODE_ADDRESS omitempty; cmd/main.go:239-242 passes none when unset; rpcclient_store_factory.go:66-73 falls back to public URLs; rpcclientmultiple.go:20-24 round-robin	confirmed-r2						
B04-110	P1	docs/reference/troubleshooting.mdx	10	requirement~loc	"dependency-on-healthy-proxy-router"	0	MorpheusUI / Swagger / CLI all depend on healthy proxy-router. If proxy-router wedged or can't talk to BASE node, higher layers won't work	proxy-router/internal/proxy/server.go	TRUE	cli/main.go:409 client.GetProxyRouterConfig; ui-desktop/.../resolve-router-endpoint.ts:18 resolves proxy-router :8082; cmd/main.go:413 serves Swagger itself.	-	L3a-behavior	no	TRUE	swagger UI is served by the router itself handlers/httphandlers/http.go:64; cli/chat/client/factory.go:16 defaults to localhost:8082; ui-desktop/orchestrator.config.ts:9-12 spawns proxy-router	confirmed-r2						
B04-111	P1	docs/reference/troubleshooting.mdx	17	behavior~loc	"healthy-startup-log"	1	Healthy startup: INFO proxy state: running; INFO HTTP ... 0.0.0.0:8082; INFO TCP ... 0.0.0.0:3333	proxy-router/internal/proxy/server.go	TRUE	proxy-router/internal/proxyctl/proxyctl.go:321 'proxy state: %s'; tcp_server.go:45 'tcp server is listening'; http_server.go:48 'http server is listening' — exact log strings.	-	L3a-behavior	no	TRUE	proxyctl.go:321 logs "proxy state: %s" and StateRunning renders as running (:53-54, set at :134); http_server.go:48 and tcp_server.go:45 emit the two listening lines	confirmed-r2						
B04-112	P1	docs/reference/troubleshooting.mdx	65	behavior~loc	"mnemonic-recovery-tier1-only"	0	MorpheusUI mnemonic flow only works with top-level (tier-1) addresses. Derived addresses show zero balance.	ui-desktop/src/main/services/wallet.ts	FALSE	ui-desktop ImportFlow.jsx:110-129 shows 'Select one of 10 accounts derived from mnemonic' dropdown; keychainwallet.go:163-176 derives any path via ParseDerivationPath — not tier-1-only.	S1	L3a-behavior	no	FALSE	ImportFlow.jsx:113-131,213 — user picks any of 10 derived accounts; index -> derivationPath -> keychainwallet.go:168	confirmed			FIXED: F5.1 derived accounts	FALSE	ui-desktop/src/renderer/src/components/onboarding/ImportFlow.jsx:112-132 + handlers.ts:848-854 — mnemonic import offers a picker of 10 derived addresses and POSTs user-selected derivationPath to /wallet/mnemonic; the router derives that pat	
B04-113	P1	docs/reference/troubleshooting.mdx	84	behavior~loc	"tinyllama-demo-quality"	0	Bundled tinyllama demo model will hallucinate, miscount, and contradict itself.	ui-desktop/src/main/services/model.ts	UNVERIFIABLE-IN-REPO	Same empirical model-quality claim as B04-066, duplicated; ui-desktop/src/main/services/model.ts doesn't exist.	S4	L3a-behavior	no									
B04-114	P1	docs/reference/troubleshooting.mdx	92	requirement~loc	"provider-port-publicly-reachable"	0	Confirm :3333 is publicly reachable (telnet host 3333 from outside network)	proxy-router/internal/proxy/server.go	TRUE	proxy-router/.env.example:33 PROXY_ADDRESS=0.0.0.0:3333; tcp_server.go:45 confirms this is the TCP listen port consumers connect to.	-	L3a-behavior	no	TRUE	handlers/tcphandlers/tcp.go:32-60 logs every connection with SrcAddr plus read errors and handler rejections; wired at proxyctl/proxyctl.go:211 as the :3333 TCP handler	confirmed-r2						
B04-115	P1	docs/reference/api-auth.mdx	12	requirement~loc	"api-access-requires-auth"	0	API access requires authentication to prevent unauthorized access to API and wallet in case of network/firewall misconfiguration	proxy-router/internal/config/config.go	AMBIGUOUS	api-auth.mdx: content matches line 11 (item1 'prevent unauthorized access...'), not line 12 as cited — one-line citation drift, substance accurate	S4	L2-api	no									
B04-116	P1	docs/reference/api-auth.mdx	13	requirement~loc	"scoped-agent-access"	0	Enable governed access for AI agents — agents should have scoped access to API, not full admin	proxy-router/internal/config/config.go	AMBIGUOUS	api-auth.mdx: content matches line 12 (item2 'scoped agent access'), not line 13 (blank) as cited — one-line citation drift, substance accurate	S4	L2-api	no									
B04-117	P1	docs/reference/api-direct.mdx	79	behavior	"transaction-on-blockscout"	0	Transaction will appear at https://base.blockscout.com/address/<wallet_id>	proxy-router/internal/blockchain/base.go	TRUE	.env.example:17 and blockchainapi/blockscout_api_v2_client.go:24 both hardcode base.blockscout.com as the Base explorer domain, matching doc's URL	-	L2-api	yes	UNVERIFIABLE-IN-REPO	repo corroborates host only; the /address page is external	disputed				TRUE	proxy-router/internal/blockchainapi/controller.go:76 registers POST /blockchain/models/:id/session; SessionRouter.OpenSession (registries/session_router.go:60-72) sends an on-chain tx; Blockscout client default base URL is base.blockscout.c	
B04-118	P1	docs/reference/glossary.mdx	31	behavior~loc	"used-stipend-day-lock"	1	Used-stipend day-lock: Hold of stake equivalent of session time × pricePerSecond until next UTC day after sessionEnd	proxy-router/internal/contracts/diamond.go	TRUE	SessionRouter.sol:296-311 _rewardUserAfterClose: userDuration_*bid.pricePerSecond locked until releaseAt_=startOfEndDay_+1 days.	-	L3a-behavior	no									
B04-119	P1	docs/reference/glossary.mdx	32	behavior~loc	"subnet-provider-threshold"	1	Subnet provider: Provider staked 10000 MOR (vs standard 0.2) gets elevated marketplace standing	proxy-router/internal/contracts/diamond.go	FALSE	rating/scorer_default.go:67-69 stakeScore saturates at 10x MinStake (2 MOR if min=0.2); no on-chain tier gives extra standing for staking 10000 MOR beyond that cap.	S2	L3a-behavior	no	FALSE	ProviderRegistry.sol:41-43 one flat providerMinimumStake; no subnet tier	confirmed			FIXED: F4.2 no subnet tier			
B04-120	P1	docs/reference/glossary.mdx	29	behavior~loc	"natural-expiration-definition"	1	Natural expiration: Session close where closedAt >= endsAt. Unused stake returns in close txn; used stipend still day-locks	proxy-router/internal/contracts/diamond.go	TRUE	SessionRouter.sol:280 isClosingLate_=closedAt>=endsAt; day-lock logic in _rewardUserAfterClose (lines 293-311) applies regardless of natural vs early close.	-	L3a-behavior	no									
B04-121	P1	docs/reference/glossary.mdx	30	behavior~loc	"early-close-definition"	1	Early close: User-initiated closeSession before endsAt. Unused stake returns immediately; used stipend may go to userStakesOnHold	proxy-router/internal/contracts/diamond.go	TRUE	SessionRouter.sol:211-230 closeSession + 293-311 _rewardUserAfterClose: unused stake (userStake-userStakeToLock_) returns immediately, used stipend may lock to userStakesOnHold.	-	L3a-behavior	no									
B04-123	P1	docs/reference/env-ui-desktop.mdx	26	default~loc	"DIAMOND_ADDRESS-mainnet"	1	DIAMOND_ADDRESS mainnet: 0x6aBE1d282f72B474E54527D93b979A4f64d3030a	ui-desktop/src/main/config/index.ts	TRUE	ui-desktop/.env.example:8 DIAMOND_ADDRESS mainnet value matches the doc's stated mainnet address exactly (verified by direct comparison; value withheld here per no-address-in-output rule).	-	L1-config	no	TRUE	ui-desktop/.env.example:8 DIAMOND_ADDRESS equals the doc's mainnet value and :19 the testnet one commented; scripts/ensure-env.mjs copies .env.example to .env, so mainnet is the shipped default	confirmed-r2						
B04-124	P1	docs/reference/env-ui-desktop.mdx	26	default~loc	"DIAMOND_ADDRESS-testnet"	1	DIAMOND_ADDRESS testnet: 0xA328196f2438DADA5ab729E39388D86896c27c85	ui-desktop/src/main/config/index.ts	TRUE	ui-desktop/.env.example:19 (commented TESTNET block) DIAMOND_ADDRESS value matches the doc's stated testnet address exactly (verified by direct comparison; value withheld here per no-address-in-output rule).	-	L1-config	no	TRUE	ui-desktop/.env.example:8 uncommented mainnet DIAMOND_ADDRESS and :19 commented testnet value match the two addresses in the doc row exactly; env.schema.ts:16 requires the var	confirmed-r2						
B04-126	P1	docs/reference/models-config.mdx	16	requirement~loc	"modelId-required"	1	modelId: yes | The on-chain model id (32-byte hex)	proxy-router/internal/config/models_config.go	TRUE	models-config-schema.json "required": ["modelId",...]; pattern "^(0x)?[0-9a-fA-F]{64}$" enforces the 32-byte hex shape the doc describes.	-	L1-config	no	TRUE	proxy-router/internal/config/models-config-schema.json:61 required list includes modelId; :14 pattern ^(0x)?[0-9a-fA-F]{64}$ = 32-byte hex	confirmed-r2						
B04-128	P1	docs/reference/api-endpoints.mdx	196	requirement~loc	"withdrawUserStakes-caller"	0	Function selector 0xa98a7c6b. The caller must be the delegatee allowed for that consumer (usually same key consumer node uses)	proxy-router/internal/contracts/diamond.go	TRUE	SessionRouter.sol:435-436 _validateDelegatee(caller,user_,DELEGATION_RULES_SESSION); cast sig "withdrawUserStakes(address,uint8)"=0xa98a7c6b matches; controller.go:67 confirms no HTTP route exists	-	L2-api	no	TRUE	selector 0xa98a7c6b matches; SessionRouter.sol:436 _validateDelegatee	confirmed						
B04-130	P1	docs/reference/troubleshooting.mdx	51	requirement~loc	"models-config-path-permissions"	0	MODELS_CONFIG_PATH in .env must point to actual file with read permissions	proxy-router/internal/config/config.go	TRUE	proxy-router/internal/config/models_config.go:78-88 Init() os.Stat + ReadJSONFile the MODELS_CONFIG_PATH file, errors 'models config file not found' if missing/unreadable.	-	L3a-behavior	no	TRUE	config.go:67 defines MODELS_CONFIG_PATH; models_config.go:73-95 errors "models config file not found" for a missing path and returns the read error for an unreadable file	confirmed-r2						
B04-131	P1	docs/reference/troubleshooting.mdx	52	requirement~loc	"models-config-json-schema"	0	The JSON must follow models-config.json spec	proxy-router/internal/config/models_config.go	TRUE	models_config.go:100-110 unmarshals into ModelConfigsV2 schema; Validate() at line 162 enforces per-model schema.	-	L3a-behavior	no	TRUE	models_config.go:100-127 rejects bad format; :123 validator.Struct	confirmed						
B04-135	P1	docs/reference/glossary.mdx	25	requirement	"provider-stake-requirement"	1	Provider: refundable bond a provider must post to register a provider or model	proxy-router/internal/contracts/diamond.go	TRUE	smart-contracts/.../ProviderRegistry.sol:61-76 providerDeregister withdraws provider.stake; ModelRegistry.sol:74-89 modelDeregister withdraws model.stake — bond is refundable.	-	L3a-behavior	yes	TRUE	ProviderRegistry.sol:33-43 stake-in + min; :75-86 refund. Caveat: net of limitPeriodEarned :96-101	confirmed						
B04-136	P1	docs/reference/glossary.mdx	24	behavior~loc	"session-definition"	1	Session: time-boxed contract with escrowed MOR. openSession moves stake into Inference Contract; closeSession returns unused immediately, may day-lock used stipend	proxy-router/internal/contracts/diamond.go	TRUE	SessionRouter.sol:83 openSession, :211-230 closeSession match the described stake-escrow/return/day-lock lifecycle.	-	L3a-behavior	no									
B04-137	P1	docs/reference/glossary.mdx	33	behavior~loc	"allowance-definition"	1	Allowance: Standard ERC-20 approval consumer/provider grants to Diamond contract so it can move MOR on their behalf	proxy-router/internal/contracts/diamond.go	TRUE	ProviderRegistry.sol:34 and SessionRouter.sol:104 both call safeTransferFrom(user_/provider_, address(this)=Diamond, amount) — requires prior ERC-20 approve/allowance.	-	L3a-behavior	no	TRUE	service.go:550,587,698 increaseAllowance; consumed SessionRouter.sol:104	confirmed						
B04-138	P1	docs/reference/api-direct.mdx	36	behavior~loc	"approve-amount"	0	Authorizes Diamond contract to spend up to 3 MOR on your behalf	proxy-router/docs/swagger.yaml	TRUE	swagger.yaml:1417-1440 /blockchain/approve params spender+amount, description "Approve MOR allowance for spender" — matches approve-for-spender semantics	-	L2-api	no									
B04-140	P1	docs/reference/env-proxy-router.mdx	149	requirement~loc	"proxy-address-bind"	1	PROXY_ADDRESS: Bind for consumer-to-provider TCP proxy	proxy-router/internal/config/config.go	TRUE	main.go:415 NewProxyCtl(..., cfg.Proxy.Address, ...) — proxyctl is the consumer-to-provider TCP proxy controller, confirming PROXY_ADDRESS is its bind address.	-	L1-config	no	TRUE	proxy-router/internal/config/config.go:178 defaults cfg.Proxy.Address to 0.0.0.0:3333 for env PROXY_ADDRESS (config.go:61); proxy-router/.env.example:33 matches	confirmed-r2						
B04-142	P1	docs/reference/glossary.mdx	23	behavior~loc	"bid-definition"	1	Bid: On-chain offer (modelId, providerId, pricePerSecond). Consumers accept by opening session.	proxy-router/internal/contracts/diamond.go	TRUE	smart-contracts/.../IBidStorage.sol:14-20 Bid{provider,modelId,pricePerSecond,...}; SessionRouter.sol:83 openSession(bidId) is how consumers accept.	-	L3a-behavior	no									
B04-143	P1	docs/reference/glossary.mdx	39	behavior~loc	"tee-tag-effect"	1	tee tag: Tag added to model on chain to engage two-hop attestation chain (Phase 1 + Phase 2)	proxy-router/internal/tee/verifier.go	TRUE	blockchainapi/model_tags.go:9-13 IsTeeModel('tee' tag); attestation/verifier.go:75-77 documents Phase 1 (consumer->P-Node) and Phase 2 (P-Node->backend) as the two hops.	-	L3a-behavior	no									
B05-001	P1	docs/providers/full/secretvm-quickstart.mdx	10	behavior~loc	tee-enclave-provider	0	Provider node runs inside a hardware-secured Intel TDX enclave	proxy-router/internal/attestation/backend_verifier.go	TRUE	secretvm-quickstart.mdx:9 'running inside a hardware-secured Intel TDX enclave' matches the CPU-quote hardware verification path in backend_verifier.go/verifier.go (portal-verified TDX quote).	-	L7-tee	no	TRUE	proxy-router/Dockerfile.tee plus docker-compose.tee.yml build the TDX image; blockchainapi/service.go:1627-1633 attests before tryOpenSession opens, proxy_sender.go:654-658 re-checks per prompt	confirmed-r2						
B05-002	P1	docs/providers/full/secretvm-quickstart.mdx	18	requirement~loc	funded-wallet-base	0	A funded wallet with MOR + ETH on Base Mainnet is required	proxy-router/internal/blockchainapi/	UNVERIFIABLE-IN-REPO	'Funded wallet with MOR+ETH required' is an operational/business precondition of on-chain staking and gas, not an explicit balance-check assertion in Go code; config.go only declares MorTokenAddress/WalletPrivateKey fields.	S4	L7-tee	no									
B05-003	P1	docs/providers/full/secretvm-quickstart.mdx	23	external-dependency~loc	secretvm-cli-npm	0	secretvm-cli recommended via: sudo npm install --global secretvm-cli	https://docs.scrt.network/secret-network-documentation/secretvm-confidential-virtual-machines/secretvm-cli	UNVERIFIABLE-IN-REPO	secretvm-cli is a third-party SCRT Labs npm package documented on docs.scrt.network; its install instructions and existence aren't checkable from this repo.	S4	L7-tee	no									
B05-004	P1	docs/providers/full/secretvm-quickstart.mdx	46	architecture~para	composed-digest-pinning	0	Each CI/CD build produces a deployed compose file pinning TEE image by SHA-256	proxy-router/docker-compose.tee.yml	TRUE	build.yml:690-698 'Generate deployed compose with immutable digest' step sed-substitutes the image tag with @$DIGEST into docker-compose.tee.deployed.yml on every CI build.	-	L7-tee	no	TRUE	.github/workflows/build.yml:690-706 sed-pins the TEE image to @sha256 digest into docker-compose.tee.deployed.yml, and :709-717 feeds that exact file to compute-rtmr3.py	confirmed-r2						
B05-005	P1	docs/providers/full/secretvm-quickstart.mdx	50	architecture~loc	traefik-tls-sidecar	0	Traefik TLS sidecar uses SecretVM auto-generated certs to serve API on HTTPS 443	proxy-router/docker-compose.tee.yml	TRUE	docker-compose.tee.yml:25-63 traefik service mounts /mnt/secure/cert (secret_vm_fullchain.pem/secret_vm_private.pem, i.e. SecretVM-provided certs) and serves entrypoints.websecure on :443.	-	L7-tee	no	TRUE	docker-compose.tee.yml:25-46 traefik v2.10 websecure :443 -> service 8082	confirmed						
B05-006	P1	docs/providers/full/secretvm-quickstart.mdx	84	requirement~loc	platform-intel-tdx-required	0	Platform must be Intel TDX to match CI/CD golden RTMR3 values	proxy-router/internal/attestation/backend_verifier.go	STALE	'Platform: Intel TDX | Required to match CI/CD golden values' predates SEV support; build.yml now computes per-template SEV-SNP golden values too (golden.go SEVPerTemplate, PR #718/#720), so SEV matches golden now.	S3	L7-tee	no									
B05-007	P1	docs/providers/full/secretvm-quickstart.mdx	85	requirement~loc	no-additional-files	0	Additional Files setting must be empty — adding files changes RTMR3	proxy-router/internal/attestation/backend_verifier.go	TRUE	compute-rtmr3.py supports an optional 3rd docker-files-hash arg (only used when Additional Files are present); CI's default 2-entry computation means any Additional-Files upload changes RTMR3 vs the published golden value.	-	L7-tee	no	UNVERIFIABLE-IN-REPO	the only in-repo mentions of persistence are prose (this guide line 98, build.yml:3462 release-note text); no artifact establishes SecretVM reboot-persistence semantics	reclassified-r2						
B05-009	P1	docs/providers/full/secretvm-quickstart.mdx	119	architecture	api-port-443-https	0	API is served on HTTPS port 443 via Traefik	proxy-router/docker-compose.tee.yml	TRUE	docker-compose.tee.yml:31,35-36 traefik entrypoints.websecure.address=:443 and ports 443:443, matching 'API is served on HTTPS port 443 via Traefik'.	-	L7-tee	yes	TRUE	proxy-router/docker-compose.tee.yml:20-24 traefik router tls=true entrypoint websecure to proxy-router port 8082; :31 websecure address :443; :36 publishes 443:443	confirmed-r2						
B05-012	P1	docs/providers/full/secretvm-quickstart.mdx	194	procedure~loc	consumer-phase1-attestation	0	Consumer proxy-router fetches :29343/cpu quote, verifies via SecretAI portal	proxy-router/internal/attestation/backend_verifier.go	TRUE	"verifier.go AttestationPort=""29343"" const with comment 'Phase 1 (consumer -> P-Node): SecretVM host attestation'; VerifyProvider fetches /cpu there then calls the portal."	-	L7-tee	no	TRUE	attestation/verifier.go:256-312 fetches :29343/cpu, portal verifyQuote, VerifyTLSBinding, CompareRegisters RTMR3 vs cosign golden (golden.go:153); per-prompt fast path :363-427	confirmed-r2						
B05-013	P1	docs/providers/full/secretvm-quickstart.mdx	195	procedure~loc	phase2-endpoint-probe	0	P-Node backend attestation probes :21434 first, falls back to :29343	proxy-router/internal/attestation/backend_verifier.go	TRUE	backend_verifier.go:109 backendAttestationPorts = []string{BackendAttestationPort(21434), AttestationPort(29343)} — ResolveAttestationURL probes 21434 first, falling back to 29343.	-	L7-tee	no	TRUE	backend_verifier.go:109 probes 21434 then 29343, :186 TLS binding SPKI-or-cert, :195-214 docker-compose workload replay, :244-252 NRAS error is a hard fail, controller_http.go:92 exposes the route	confirmed-r2						
B05-014	P1	docs/providers/full/secretvm-quickstart.mdx	209	security~loc	nras-mandatory-failure	0	NRAS verification is mandatory — failed or unreachable NRAS fails attestation	proxy-router/internal/attestation/nras_verifier.go	TRUE	backend_verifier.go:243-251: an NRAS error or OverallResult==false both call storeFailure and return an error, so AttestBackend fails whether NRAS is unreachable or returns a failed result.	-	L7-tee	no	TRUE	proxy-router/internal/attestation/backend_verifier.go:243-250 NRAS error or OverallResult false returns and stores failure (fail-closed); nras_verifier.go:17 host, :108 "NRAS returned status %d"	confirmed-r2						
B05-016	P1	docs/providers/full/sev-verification.mdx	10	architecture~loc	dual-tee-support	0	proxy-router supports two TEE platforms for Phase 2: Intel TDX and AMD SEV-SNP	proxy-router/internal/attestation/verifier.go	TRUE	verifier.go TEEType const block (TEETypeTDX, TEETypeSEV) and CompareRegisters' switch on result.Type confirm both platforms are handled for Phase 1/consumer verification.	-	L7-tee	no	TRUE	proxy-router/internal/attestation/workload_verifier.go:96-112 VerifyWorkload branches on IsTdxQuote to VerifyTdxWorkload or VerifySevWorkload; backend_verifier.go:81-96 carries both registries	confirmed-r2						
B05-018	P1	docs/providers/full/sev-verification.mdx	33	procedure~loc	quote-type-detection	0	System auto-detects quote type via hex-decode and TDX header check	proxy-router/internal/attestation/verifier.go:VerifyQuote()	TRUE	tdx_quote.go:57-65 IsTdxQuote hex-decodes the quote and checks the version(u16)/teeType(u32) header fields; verifier.go:565-569 VerifyQuote routes to the TDX or SEV portal endpoint based on this.	-	L7-tee	no	TRUE	tdx_quote.go:57-64 IsTdxQuote hex-decodes the text then requires version 4 and tee_type 0x81 within the first 8 bytes; workload_verifier.go:97 otherwise falls through to VerifySevWorkload	confirmed-r2						
B05-022	P1	docs/providers/full/sev-verification.mdx	102	procedure~loc	sev-gctx-recomputation	0	SEV workload verification recomputes entire GCTX launch digest	proxy-router/internal/attestation/sev_gctx.go	TRUE	sev_workload.go tryEntry calls CalcSevMeasurement(entry, vcpus, cmdline) (sev_gctx.go), which replays the full OVMF-sections + kernel-hashes + per-vCPU-VMSA GCTX chain, not a partial check.	-	L7-tee	no	TRUE	proxy-router/internal/attestation/sev_workload.go:33-52 reads measurement 0x090+48, family_id 0x010-0x020, image_id 0x020-0x030; sev_gctx.go:245-278 replays full GCTX digest	confirmed-r2						
B05-023	P1	docs/providers/full/sev-verification.mdx	104	procedure~loc	sev-measurement-extraction	0	Parse base64 quote to extract measurement (0x090), family_id, image_id	proxy-router/internal/attestation/sev_workload.go	TRUE	sev_workload.go:34,40-41 extracts measurement at raw[0x090:0x090+48], family_id at raw[0x010:0x020], image_id at raw[0x020:0x030] from the base64-decoded quote.	-	L7-tee	no	TRUE	attestation/sev_workload.go:52 ParseSevFamilyID then :57 and :104-126 use family.VMType, family.TemplateName and family.Vcpus to filter registry entries and set the vcpu count	confirmed-r2						
B05-024	P1	docs/providers/full/sev-verification.mdx	109	architecture~loc	kernel-cmdline-measurement	0	Kernel cmdline includes docker_compose_hash and rootfs_hash in hashes page	proxy-router/internal/attestation/sev_gctx.go	TRUE	"sev_workload.go buildCmdline: fmt.Sprintf(""...docker_compose_hash=%s rootfs_hash=%s"", composeHash, entry.RootfsHash), fed into sev_gctx.go buildHashesPage's kernel-hashes table."	-	L7-tee	no	TRUE	attestation/sev_gctx.go:164-190 buildHashesPage folds kernel_hash, initrd_hash and SHA-256 of the cmdline into the page; sev_workload.go:68 builds that cmdline with compose and rootfs hashes	confirmed-r2						
B05-026	P1	docs/providers/full/sev-verification.mdx	205	external-dependency~loc	sev-registry-default-url	0	Default SEV_ARTIFACT_REGISTRY_URL points to sev.json via npm CDN	https://cdn.jsdelivr.net/npm/secretvm-verify@0.13.0/data/sev.json	TRUE	"sev_registry.go:17 DefaultSevRegistryURL = ""https://cdn.jsdelivr.net/npm/secretvm-verify@0.13.0/data/sev.json"" — exact match."	-	L7-tee	no	TRUE	attestation/sev_registry.go:17 DefaultSevRegistryURL is the jsdelivr secretvm-verify@0.13.0 data/sev.json, applied at :33 when config.go:102 SEV_ARTIFACT_REGISTRY_URL is empty	confirmed-r2						
B05-027	P1	docs/providers/full/sev-verification.mdx	206	requirement~loc	registry-refresh-interval	0	ARTIFACT_REGISTRY_REFRESH_INTERVAL default is 1h for both TDX and SEV	proxy-router/internal/attestation/artifacts_registry.go	TRUE	artifacts_registry.go:21 DefaultRegistryRefreshInterval = 1*time.Hour; sev_registry.go NewSevArtifactRegistry falls back to the same constant when unset — 1h default shared by both registries.	-	L7-tee	no	TRUE	attestation/artifacts_registry.go:21 DefaultRegistryRefreshInterval = 1h; cmd/main.go:328 and :335 pass the same cfg.TEE.ArtifactRegistryRefreshInterval to the TDX and SEV registries	confirmed-r2						
B05-028	P1	docs/providers/full/tee-backend-verification.mdx	15	architecture~loc	two-hop-trust-chain	0	C-Node Phase 1 → P-Node Phase 2 → Backend LLM (two-hop trust chain)	proxy-router/internal/attestation/backend_verifier.go	TRUE	tee-backend-verification.mdx:10-20 diagram and prose match backend_verifier.go's role exactly: C-Node(Phase1)->P-Node(-tee, Phase2)->Backend LLM.	-	L7-tee	no	TRUE	git tag --contains on attestation/verifier.go's introducing commit gives v6.0.0 as the first stable tag (Phase 1); backend_verifier.go's introducing commit first appears in v7.0.0 (Phase 2)	confirmed-r2						
B05-029	P1	docs/providers/full/tee-backend-verification.mdx	29	procedure~loc	full-attestation-trigger	0	Full attestation runs at startup and when fast verify detects backend change	proxy-router/internal/attestation/backend_verifier.go:AttestBackend()	TRUE	cmd/main.go:347-364 'Startup pre-flight' calls AttestBackend at process startup; backend_verifier.go:349-373 FastVerifyBackend also re-calls AttestBackend on hash-mismatch/failed-status.	-	L7-tee	no	AMBIGUOUS	Startup (cmd/main.go:363) and fast-verify (backend_verifier.go:362-373) triggers are real, but it omits modelhealth/checker.go:380 re-attesting every sweep after the first, hourly by default	reclassified-r2						
B05-031	P1	docs/providers/full/tee-backend-verification.mdx	39	security~loc	hardware-authenticity	0	Hardware authenticity proven via CPU attestation quote chain to Intel root of trust	proxy-router/internal/attestation/verifier.go	TRUE	verifier.go VerifyQuote submits the quote to the SecretAI portal, whose response gates AttestationResult.Valid/RTMR3; the portal's own Intel-root chain check happens externally, but the calling/trust-gate code is in-repo.	-	L7-tee	no	TRUE	attestation/workload_verifier.go:50 calls FindMatchingArtifacts(MRTD, RTMR0, RTMR1, RTMR2); artifacts_registry.go:163-167 requires all four to equal a SecretVM registry entry	confirmed-r2						
B05-032	P1	docs/providers/full/tee-backend-verification.mdx	40	security~loc	firmware-integrity	0	Measured boot chain (MRTD, RTMR0-2) verified against SecretVM artifact registry	proxy-router/internal/attestation/artifacts_registry.go	TRUE	artifacts_registry.go FindMatchingArtifacts(mrtd, rtmr0, rtmr1, rtmr2) matches the live quote's boot-chain registers against the SecretVM TDX artifact registry (fetched from DefaultRegistryURL).	-	L7-tee	no	TRUE	rtmr.go:12-19 CalculateRTMR3 SHA-384 extend; workload_verifier.go:69-80 compares	confirmed						
B05-037	P1	docs/providers/full/tee-backend-verification.mdx	113	compatibility~loc	html-wrapped-compose	0	Old attest-rest serves docker-compose wrapped in HTML <pre> tag; both forms tested	proxy-router/internal/attestation/workload_verifier.go	TRUE	backend_verifier.go extractPreContent/composeCandidates (also in workload_verifier.go) try both the raw docker-compose response and the HTML <pre>-extracted content against the measurement.	-	L7-tee	no	TRUE	proxy-router/internal/attestation/workload_verifier.go:34 composeCandidates returns raw plus extractPreContent variant; :60 both replayed against RTMR3; backend_verifier.go:523 pre-block extractor	confirmed-r2						
B05-039	P1	docs/providers/full/tee-backend-verification.mdx	120	security~loc	nras-failure-fatal	0	NRAS failure is fatal; x-nvidia-overall-att-result must be true, eat_nonce must match	proxy-router/internal/attestation/nras_verifier.go	TRUE	backend_verifier.go:248-261: nrasResult.OverallResult must be true and attestedNonce(eat_nonce) must equal submittedNonce, or AttestBackend fails — matches 'x-nvidia-overall-att-result must be true, eat_nonce must match' exactly.	-	L7-tee	no	TRUE	backend_verifier.go:243-261 returns an error and calls storeFailure on NRAS error, OverallResult false, or eat_nonce mismatch; :551 sets StatusFailed; nras_verifier.go:17-18 host and path	confirmed-r2						
B05-042	P1	docs/providers/full/tee-backend-verification.mdx	215	requirement~loc	tee-blockchain-tagging	0	TEE verification enabled per-model via tee tag in Diamond contract	proxy-router/internal/blockchainapi/model_tags.go	TRUE	model_tags.go's IsTeeModel is reproduced verbatim in tee-backend-verification.mdx:219-227 and matches the real source; service.go gates verification on this per-model on-chain tag.	-	L7-tee	no	TRUE	proxy-router/internal/blockchainapi/model_tags.go:13 lowercases the tag; cmd/main.go:355-363 gates startup AttestBackend on it against mc.ApiURL; proxy_receiver.go:424 per-prompt FastVerifyBackend	confirmed-r2						
B05-043	P1	docs/providers/full/tee-backend-verification.mdx	237	procedure~loc	attestation-endpoint-derivation	0	Attestation endpoints derived from model apiUrl host, probe :21434 first then :29343	proxy-router/internal/attestation/backend_verifier.go	TRUE	backend_verifier.go:118-135 ResolveAttestationURL derives the URL from the model's apiUrl host, probing backendAttestationPorts = [21434, 29343] in that order.	-	L7-tee	no	TRUE	attestation/backend_verifier.go:109-133 probes GET /cpu on 21434 then 29343 and falls back to the first (:21434); verifier.go:699 keeps Phase 1 fixed on 29343	confirmed-r2						
B05-044	P1	docs/providers/full/tee-reference.mdx	19	architecture~loc	hardened-tee-image	0	-tee Docker image has blockchain config, context storage, and logging hardened	ghcr.io/morpheusais/morpheus-lumerin-node-tee	TRUE	Dockerfile.tee bakes blockchain ARGs, PROXY_STORE_CHAT_CONTEXT=false, and LOG_* hardening as immutable ENV into the image tagged ghcr.io/morpheusais/morpheus-lumerin-node-tee.	-	L7-tee	no	TRUE	proxy-router/Dockerfile.tee layers immutable ENV defaults (diamond, MOR token, blockscout, chain id, proxy, web, logging, timeouts) onto BASE_IMAGE, leaving only secrets to inject	confirmed-r2						
B05-045	P1	docs/providers/full/tee-reference.mdx	22	requirement~loc	chat-context-disabled	0	Chat context storage disabled in -tee image via PROXY_STORE_CHAT_CONTEXT=false	proxy-router/docker-compose.tee.yml	TRUE	Dockerfile.tee:23 'ENV PROXY_STORE_CHAT_CONTEXT=false' bakes this into the -tee image (not set in docker-compose.tee.yml itself, which only carries the 5 runtime secrets).	-	L7-tee	no	TRUE	Dockerfile.tee:23 ENV PROXY_STORE_CHAT_CONTEXT=false; read config.go:63	confirmed						
B05-046	P1	docs/providers/full/tee-reference.mdx	23	requirement~loc	production-logging	0	Logging set to production mode in -tee image (JSON, no color, minimal verbosity)	proxy-router/docker-compose.tee.yml	TRUE	Dockerfile.tee:30-36: LOG_COLOR=false, LOG_JSON=true, LOG_IS_PROD=true, LOG_LEVEL_APP=info, LOG_LEVEL_TCP/ETH_RPC/STORAGE=warn — matches 'JSON, no color, minimal verbosity'.	-	L7-tee	no	TRUE	proxy-router/Dockerfile.tee:30-36 bakes LOG_COLOR=false, LOG_JSON=true, LOG_IS_PROD=true, LOG_LEVEL_APP=info with tcp/eth-rpc/storage at warn	confirmed-r2						
B05-048	P1	docs/providers/full/tee-reference.mdx	30	compatibility~loc	image-variants-mainnet-testnet	0	Two network variants: main → BASE Mainnet (8453), test → BASE Sepolia (84532)	proxy-router/docker-compose.tee.yml	TRUE	build.yml:503-509 network-config step: main branch -> main.env (CHAIN_ID=8453), else -> test.env (CHAIN_ID=84532) — matches the two-variant table exactly.	-	L7-tee	no	TRUE	build.yml:267 VTAG vX.Y.Z on main vs :283 v...-test elsewhere; :468 latest vs :1007 latest-test for the -tee image; main.env:3 CHAIN_ID 8453 and test.env:3 84532 baked at :557-560	confirmed-r2						
B05-050	P1	docs/providers/full/tee-reference.mdx	65	procedure~loc	rtmr3-compose-computation	0	RTMR3 computed from exact byte content of docker-compose.tee.deployed.yml	proxy-router/scripts/compute-rtmr3.py	TRUE	compute-rtmr3.py sha256_file(compose_path) hashes the raw bytes of whatever compose path is passed; build.yml:716-721,743 pass /tmp/docker-compose.tee.deployed.yml specifically.	-	L7-tee	no	TRUE	build.yml:690-700 rewrites the compose image to TEE_IMAGE@DIGEST into docker-compose.tee.deployed.yml and hashes it; :709-717 runs compute-rtmr3.py against that exact file	confirmed-r2						
B05-052	P1	docs/providers/full/tee-reference.mdx	142	requirement~loc	compose-newline-sensitive	0	Compose file must end with exactly one newline — RTMR3 is sensitive to every byte	proxy-router/scripts/compute-rtmr3.py	STALE	tee-reference.mdx:141 repeats the stale .ai-docs detail ('must end...after proxy_data: null'), no longer matching the 63-line docker-compose.tee.yml (Traefik block added). Byte-sensitivity itself (sha256_file, raw bytes) still holds.	S3	L7-tee	no									
B05-053	P1	docs/providers/full/tee-reference.mdx	172	requirement~loc	tee-platform-agnostic	0	Image and compose are platform-agnostic; any linux/amd64 Docker inside a TEE works	proxy-router/docker-compose.tee.yml	TRUE	Dockerfile.tee/docker-compose.tee.yml contain no TDX/SEV-conditional logic; the binary and compose are generic linux/amd64 Docker artifacts, with platform-specificity coming entirely from the TEE host, not the image.	-	L7-tee	no	AMBIGUOUS	marked line 172 is blank so it asserts nothing; on the line-171 reading it is false — docker-compose.tee.yml:36,52-59 pins SecretVM cert paths and verifier.go:76,80 pins SecretVM endpoints	reclassified-r2						
B05-054	P1	docs/providers/full/tee-reference.mdx	189	architecture~loc	attestation-port-29343	0	SecretVM exposes attestation endpoints on port :29343 after deployment	proxy-router/internal/attestation/backend_verifier.go	TRUE	"verifier.go:76 'AttestationPort = ""29343"" // Phase 1 (consumer -> P-Node): SecretVM host attestation' — matches 'SecretVM exposes attestation endpoints on :29343'."	-	L7-tee	no	TRUE	proxy-router/internal/attestation/verifier.go:76 AttestationPort = "29343" commented Phase 1 consumer to P-Node SecretVM host attestation; :700 derives the fetch URL from it	confirmed-r2						
B05-056	P1	docs/providers/full/tee-reference.mdx	228	procedure~loc	cosign-attestation-manifest	0	cosign verify-attestation retrieves TEE attestation manifest with tee-attestation/v1	https://github.com/sigstore/cosign	TRUE	"golden.go:27 teePredicateType = ""https://morpheusais.github.io/tee-attestation/v1"" matches the --type value the doc's cosign verify-attestation example uses exactly."	-	L7-tee	no	TRUE	build.yml:988-991 cosign attest --yes --type https://morpheusais.github.io/tee-attestation/v1 keyless in GH Actions, so verify-attestation with that issuer, identity regexp and type is the match	confirmed-r2						
B06-001	P1	docs/providers/full/pricing.mdx	17	economics	price-denomination	0	pricePerSecond is denominated in wei of MOR (1 MOR = 10^18 wei)	Marketplace.sol price denomination	TRUE	Marketplace.sol:81,103 compares and stores pricePerSecond_ against bidMin/MaxPricePerSecond, set from wei-denominated config values (config_base_mainnet.json:7-8); the token is a plain 18-decimal ERC20 (mock/tokens/MorpheusToken.sol:8).	-	L5-economics	yes	TRUE	Marketplace.sol:81 bounds bid pricePerSecond in token units; ui-desktop/src/renderer/src/utils/marketplace.ts:257 and coinValue.tsx:26 convert PricePerSecond by 1e18 decimals	confirmed-r2						
B06-002	P1	docs/providers/full/pricing.mdx	18	economics~para	price-floor	0	bidPricePerSecondMin = 10000000000 wei/sec ≈ 0.0006 MOR/min ≈ 0.036 MOR/hour	Marketplace.sol bidPricePerSecondMin	FALSE	config_base_mainnet.json:7 marketplaceMinBidPricePerSecond = 1e13 wei (0.00001 MOR/s); sepolia:7 = 5e15. 1e10 appears only commented out at deploy/2_change_bid_price.migration.ts:14. The 0.0006/min and 0.036/hr figures are the 1e13 values.	S2	L5-economics	no									
B06-003	P1	docs/providers/full/pricing.mdx	19	behavior	price-ceiling	0	Rating algorithms and competing bids will push consumers away from over-priced bids	Marketplace rating logic	FALSE	Marketplace.sol:80-84 reverts MarketplaceBidPricePerSecondInvalid when pricePerSecond_ > bidMaxPricePerSecond. A hard on-chain ceiling exists: config_base_mainnet.json:8 = 1e16 wei/s (0.01 MOR/s), sepolia:8 = 2e19. The doc denies it.	S2	L5-economics	yes									
B06-004	P1	docs/providers/full/pricing.mdx	72	economics~para	bid-repost-fee	0	postModelBid call charges a non-refundable marketplaceBidFee of 0.3 MOR every time	Marketplace.sol postModelBid	FALSE	Mechanism right (Marketplace.sol:86-87 pulls bidFee on every postModelBid into feeBalance, owner-only withdraw at :128). Value wrong: config_base_mainnet.json:6 = 1e17 (0.1 MOR); 0.3 MOR is the sepolia value (config_base_sepolia.json:6).	S3	L5-economics	no									
B06-005	P1	docs/providers/full/pricing.mdx	82	economics~loc	marketplace-bid-fee	0	marketplace charges non-refundable marketplaceBidFee = 0.3 MOR from Marketplace.sol	Marketplace.sol postModelBid	FALSE	Mechanism right (Marketplace.sol:86-87 charges bidFee per postModelBid into owner-only feeBalance). Value wrong: config_base_mainnet.json:6 marketplaceBidFee = 1e17 (0.1 MOR); 0.3 MOR is config_base_sepolia.json:6.	S3	L5-economics	no									
B06-006	P1	docs/providers/full/pricing.mdx	85	economics~loc	provider-stake	0	refundable provider stake (0.2 MOR) you posted at registration	Marketplace.sol providerMinStake	FALSE	config_base_mainnet.json:4 providerMinStake = 1e17 (0.1 MOR), not 0.2 (that is sepolia:4). 'Refundable' also omits ProviderRegistry.sol:99-105: deregistration returns only stake - limitPeriodEarned inside the 365-day period.	S2	L5-economics	no									
B06-007	P1	docs/providers/full/pricing.mdx	85	economics~loc	model-stake	0	refundable model stake (0.1 MOR) you posted when registering the model	Marketplace.sol modelMinStake	TRUE	config_base_mainnet.json:5 and config_base_sepolia.json:5 both set modelMinStake = 1e17 (0.1 MOR), applied at 1_full_protocol.migration.ts:116, enforced at ModelRegistry.sol:46; modelDeregister:87-95 returns the stake in full.	-	L5-economics	no	TRUE	smart-contracts/deploy/data/config_base_mainnet.json:5 modelMinStake=1e17 (0.1 MOR), same on sepolia; ModelRegistry.sol:96 modelDeregister safeTransfers the stake back, so refundable	confirmed-r2						
B06-015	P1	docs/providers/full/register-onchain.mdx	23	economics~loc	bid-price-min	0	bidPricePerSecondMin = 10000000000 wei = 0.00000001 MOR/sec	Marketplace.sol bidPricePerSecondMin	FALSE	Headed 'Contract minimums' but bidPricePerSecondMin = 1e10 matches no deployed config: config_base_mainnet.json:7 = 1e13, sepolia:7 = 5e15; a 1e10 bid reverts at Marketplace.sol:80-84. The stake/fee rows are sepolia-only too.	S2	L5-economics	no	FALSE	active value 1e13 via 1_full_protocol.migration.ts:105-107; 1e10 only in a commented-out line	confirmed			FIXED: F2.1 floor 1e13			
B06-018	P1	docs/providers/full/register-onchain.mdx	90	economics~loc	model-creation-cost	0	minting new model adds 0.1 MOR model stake (~0.6 MOR total)	Marketplace.sol registration fees	FALSE	The 0.1 model-stake term is right (config_base_mainnet.json:5 = 1e17) but ~0.6 MOR total is not mainnet: 0.1 provider + 0.1 fee + 0.1 model = 0.3 MOR (config_base_mainnet.json:4-6). 0.6 is the BASE Sepolia total.	S3	L5-economics	no									
B06-019	P1	docs/providers/full/register-onchain.mdx	153	procedure~para	payment-mechanism	0	protocol pays you inside closeSession via _rewardProviderAfterClose from fundingAccount	Diamond.sol closeSession	TRUE	SessionRouter.sol:211-230 closeSession calls _rewardProviderAfterClose (line 279); line 398 pays via safeTransferFrom(fundingAccount, bid.provider, amount).	-	L3a-behavior	no	AMBIGUOUS	SessionRouter.sol:394-402 fundingAccount confirmed, but :383-388 caps payout at stake-limitPeriodEarned	disputed				TRUE	smart-contracts/contracts/diamond/facets/SessionRouter.sol:397-401 — `_claimForProvider` (called from `_rewardProviderAfterClose` inside `closeSession`, line 230) pays provider via `safeTransferFrom(fundingAccount, bid.provider, amount_)` f	
B06-020	P1	docs/providers/full/register-onchain.mdx	153	architecture~loc	payment-timing	0	payment for time used hits provider wallet in same transaction that closes session	Diamond.sol session payment	TRUE	Same closeSession body (SessionRouter.sol:211-230) performs the reward call inline — provider payment and session close happen in one transaction.	-	L3a-behavior	no	TRUE	SessionRouter.sol:230 closeSession calls _rewardProviderAfterClose (:279-291) which calls _claimForProvider (:374), paying via safeTransferFrom(fundingAccount, provider) at :396-401	confirmed-r2						
B06-021	P1	docs/providers/full/aws.mdx	34	requirement~loc	instance-type	0	TinyLlama works on m5.xlarge; production models need GPU (g5.xlarge+ for 7-13B; g5.12xlarge+ for 70B)	AWS instance sizing	UNVERIFIABLE-IN-REPO	Third-party AWS instance-sizing recommendation; nothing in this repo encodes AWS instance-type/VRAM requirements.	S4	L3a-behavior	no									
B06-023	P1	docs/providers/full/aws.mdx	152	architecture~loc	instance-pairing	0	Production providers pair GPU instance (g5.*, g6.*) for LLM with small t3.* for proxy-router	AWS setup recommendation	UNVERIFIABLE-IN-REPO	Third-party AWS deployment-topology recommendation; not encoded in repo.	S4	L3a-behavior	no									
B06-024	P1	docs/providers/full/headless.mdx	23	requirement~loc	public-port	0	:3333 (TCP) is public endpoint consumers connect to	Proxy-router port binding	TRUE	proxy-router/.env.example:33 PROXY_ADDRESS=0.0.0.0:3333; tcp_server.go confirms this TCP listener is the consumer-facing endpoint.	-	L3a-behavior	no	TRUE	config.go:178 Proxy.Address defaults 0.0.0.0:3333 bound by transport/tcp_server.go:45 for consumer TCP; :181 Web.Address 0.0.0.0:8082 carries swagger, blockchain and auth routes	confirmed-r2						
B06-025	P1	docs/providers/full/headless.mdx	23	requirement~para	admin-port	0	:8082 (HTTP) should be firewalled to operator IPs only	Proxy-router security	TRUE	.env.example:34 WEB_ADDRESS=0.0.0.0:8082 (HTTP admin API, BasicAuth-gated per walletapi/controller.go:40); distinct role from :3333 supports the firewall recommendation.	-	L3a-behavior	no	TRUE	handlers/httphandlers/http.go:64 serves /swagger on the web port; blockchainapi, authapi and walletapi controllers register on the same router; config.go:181 that port defaults to 8082	confirmed-r2						
B06-026	P1	docs/providers/full/headless.mdx	74	requirement~loc	wallet-security	0	Use a dedicated provider wallet, never same key as personal MetaMask	Wallet management	UNVERIFIABLE-IN-REPO	Operational security advice (dedicated wallet); nothing in code enforces or checks wallet key reuse.	S4	L3a-behavior	no									
B06-027	P1	docs/providers/full/model-health.mdx	9	behavior~loc	health-check	0	Since v7.4.0 every provider proxy-router continuously verifies models it sells actually work	Proxy-router model health	TRUE	proxy-router/internal/modelhealth/checker.go:1-7 package doc + GetActiveBidsByProvider matches 'continuously verifies models it sells'; the 'since v7.4.0' figure itself isn't independently checkable (no CHANGELOG in repo).	-	L3a-behavior	no									
B06-028	P1	docs/providers/full/model-health.mdx	17	behavior~para	health-scope	0	Every model in models-config.json probed only if it has active on-chain bid from wallet	Proxy-router health check scope	TRUE	checker.go BidProvider interface (GetActiveBidsByProvider) + package doc: only models with an active bid from this provider's wallet are probed.	-	L3a-behavior	no									
B06-029	P1	docs/providers/full/model-health.mdx	22	procedure~loc	probe-method	0	LLM probe is real tiny chat completion sent directly to backend apiUrl with arithmetic question	Proxy-router probe implementation	TRUE	proxy-router/internal/modelhealth/checker.go:671-673 builds 'What is %d+%d? Reply with only the number.' sent to the real backend adapter.	-	L3a-behavior	no	TRUE	modelhealth/checker.go:673 randomized "What is a+b? Reply with only the number.", :485 PromptCorrect, :490 single-input embeddings, :403 other types Skipped, adapter built from modelConfig.ApiURL	confirmed-r2						
B06-030	P1	docs/providers/full/model-health.mdx	34	requirement~loc	interval-default	0	MODEL_HEALTH_CHECK_INTERVAL default 1h	env-proxy-router configuration	TRUE	proxy-router/internal/config/config.go:229-230 default ModelHealthCheckInterval = 1*time.Hour.	-	L3a-behavior	no	TRUE	proxy-router/internal/config/config.go:229-230 defaults ModelHealthCheckInterval to 1*time.Hour; env tag MODEL_HEALTH_CHECK_INTERVAL at config.go:79 with results cached between runs	confirmed-r2						
B06-031	P1	docs/providers/full/model-health.mdx	35	requirement~loc	timeout-default	0	MODEL_HEALTH_CHECK_TIMEOUT default 60s	env-proxy-router configuration	TRUE	config.go:232-233 default ModelHealthCheckTimeout = 60*time.Second.	-	L3a-behavior	no	TRUE	config/config.go:233 defaults ModelHealthCheckTimeout to 60s; modelhealth/checker.go:417 uses it as the probe context timeout and :436 classifyError returns ModelHealthErrorTimeout (:684)	confirmed-r2						
B06-032	P1	docs/providers/full/model-health.mdx	36	requirement~loc	delay-default	0	MODEL_HEALTH_CHECK_PROBE_DELAY default 2s	env-proxy-router configuration	TRUE	config.go:235-236 default ModelHealthCheckProbeDelay = 2*time.Second.	-	L3a-behavior	no	TRUE	proxy-router/internal/config/config.go:236 defaults ModelHealthCheckProbeDelay to 2s; checker.go:229 sleeps that delay before every probed model after the first in a sweep	confirmed-r2						
B06-033	P1	docs/providers/full/model-health.mdx	37	requirement~loc	max-errors	0	MODEL_HEALTH_MAX_CONSECUTIVE_ERRORS default 3	env-proxy-router configuration	TRUE	config.go:238-239 default ModelHealthMaxConsecErrors = 3.	-	L3a-behavior	no	TRUE	proxy-router/internal/config/config.go:239 defaults the var to 3; modelhealth/checker.go:583-600 flips the report on the spot at the threshold without waiting for a sweep	confirmed-r2						
B06-034	P1	docs/providers/full/model-health.mdx	45	behavior~para	error-flip	0	When prompts fail MODEL_HEALTH_MAX_CONSECUTIVE_ERRORS times in row, model flipped on spot	Proxy-router error tracking	TRUE	checker.go:584-600 tracks consecutive-failure streak vs maxConsecutiveErrors, marks model status immediately ('marking %s') without waiting for next sweep.	-	L3a-behavior	no									
B06-035	P1	docs/providers/full/model-health.mdx	54	procedure~loc	daily-probes	0	65 models on hourly sweep = ~1,560 tiny (~10-token) completions per day	Probe volume calculation	TRUE	Arithmetic on confirmed default: hourly sweep (config.go:229-230) x 65 models x 24h = 1,560/day; consistent with the doc's own numbers.	-	L3a-behavior	no	TRUE	modelhealth/checker.go:449-459 probeLLM sends a real non-stream chat completion to the model apiUrl; sweep ticks hourly (config.go:230) so 65 models x 24 = ~1560/day	confirmed-r2						
B06-036	P1	docs/providers/full/model-health.mdx	55	procedure~loc	probe-rate	0	default 2s delay keeps 65-model sweep at ~0.5 req/s over roughly 3–5 minutes	Probe pacing calculation	TRUE	config.go:235-236 default 2s probe delay = 1/2s = 0.5 req/s; total sweep minutes additionally depend on probe latency, as the doc itself caveats ('models x (latency+delay)').	-	L3a-behavior	no	TRUE	checker.go:229 sleeps the 2s default probe delay between probed models (config.go:236); a 429 sets errorKind rate_limited at checker.go:433	confirmed-r2						
B06-037	P1	docs/providers/full/model-setup.mdx	10	architecture	proxy-no-inference	0	Morpheus proxy-router does not run inference itself	Proxy-router architecture	TRUE	proxy-router/internal/aiengine/ai_engine.go:105 builds an adapter pointed at model.ApiURL (external); no local inference execution code exists in proxy-router.	-	L3a-behavior	yes									
B06-039	P1	docs/providers/full/model-setup.mdx	40	requirement	url-stability	0	Stable, private URL the proxy-router can reach	Network requirement	UNVERIFIABLE-IN-REPO	Network-topology advice ('stable, private URL'); apiUrl is a free-form string field, nothing in code checks stability/privacy.	S4	L3a-behavior	yes									
B06-040	P1	docs/providers/full/model-setup.mdx	41	requirement~para	concurrency	0	Enough concurrency to satisfy concurrentSlots you advertise in models-config.json	Backend capacity	TRUE	models_config.go:47 ConcurrentSlots field; proxyapi/capacity_manager.go:55,109 gate session admission on activeSessions < ConcurrentSlots.	-	L3a-behavior	no	TRUE	capacity_manager.go:29-55 admits activeSessions < ConcurrentSlots	confirmed						
B06-041	P1	docs/providers/full/model-setup.mdx	49	requirement~loc	tee-ports	0	TEE backend exposes attestation endpoints on :21434 (host-net Caddy) or :29343 (attest-rest)	TEE attestation endpoint	TRUE	attestation/backend_verifier.go:103-116 documents probing :21434 (host-net Caddy) first, then :29343 (attest-rest) for Phase 2 backend attestation.	-	L3a-behavior	no	TRUE	backend_verifier.go:109 orders BackendAttestationPort 21434 before AttestationPort 29343 (verifier.go:76,79), probing GET /cpu at :118-136; /gpu at :217 and /docker-compose at :494	confirmed-r2						
B06-042	P1	docs/providers/full/myprovider-gui.mdx	10	architecture~loc	auth-method	0	MyProvider talks to your proxy-router over HTTP Basic Auth	MyProvider authentication	TRUE	proxy-router HTTP API is BasicAuth-gated throughout (e.g. walletapi/controller.go:40,64,102,139; blockchainapi/controller.go multiple) — MyProvider talks to this same API.	-	L3a-behavior	no									
B06-043	P1	docs/providers/full/proxy-router-akash.mdx	37	requirement	version-minimum	0	Minimum proxy-router image version: v2.3.0	Proxy-router version requirement	STALE	docs/providers/full/proxy-router-akash.mdx:37 pins 'v2.3.0' as minimum, but the page's own header (line 6) says last_verified v7.0.0, and its own linked SDL (docs/02.2-proxy-router-akash.yml:5) pins v3.0.0.	S2	L3a-behavior	yes	TRUE	02.2-proxy-router-akash.yml:17,23 need COOKIE_CONTENT+MODELS_CONFIG_CONTENT; config.go gains both at v2.3.0	disputed			FIXED: F9.2 v3.0.0	UNSUPPORTED	docs/02.2-proxy-router-akash.yml:5 — SDL pins image ghcr.io/morpheusais/morpheus-lumerin-node:v3.0.0; repo contains no code/config establishing v2.3.0 as a minimum image version (claim of a "minimum" is unverifiable here)	
B06-044	P1	docs/providers/full/proxy-router-docker.mdx	14	external-dependency~loc	docker-image	0	Official image ghcr.io/morpheusais/morpheus-lumerin-node:latest built from main branch	Docker registry	TRUE	.github/workflows/build.yml:460-468 -- :latest tag pushed to ghcr.io/morpheusais/morpheus-lumerin-node only when github.ref==refs/heads/main.	-	L4-external	no	TRUE	.github/workflows/build.yml:229 image ghcr.io/morpheusais/morpheus-lumerin-node; :459-473 aliases :latest to the release tag only on refs/heads/main	confirmed-r2						
B06-045	P1	docs/providers/full/proxy-router-docker.mdx	50	external-dependency	diamond-addr	0	DIAMOND_CONTRACT_ADDRESS=0x6aBE1d282f72B474E54527D93b979A4f64d3030a	BASE chain contract	TRUE	proxy-router/.env.example:15 matches docs/reference/env-proxy-router.mdx:124 (canonical mainnet value); no drift.	-	L4-external	yes	TRUE	the value equals lumerinProtocol in smart-contracts/deploy/data/config_base_mainnet.json and the Base-mainnet default at proxy-router/Dockerfile.tee:9 and docs/proxy-router.all.env	confirmed-r2						
B06-046	P1	docs/providers/full/proxy-router-docker.mdx	51	external-dependency	token-addr	0	MOR_TOKEN_ADDRESS=0x7431aDa8a591C955a994a21710752EF9b882b8e3	BASE chain token	TRUE	proxy-router/.env.example:16 matches docs/reference/env-proxy-router.mdx:125 (canonical mainnet value); no drift.	-	L4-external	yes	TRUE	proxy-router/.env.example:16 mainnet MOR_TOKEN_ADDRESS is byte-identical to the doc line and Dockerfile.tee:10 bakes the same ARG; the token's real chain identity is not checkable in-repo	confirmed-r2						
B06-048	P1	docs/providers/full/verify-setup.mdx	27	procedure~loc	health-check-schedule	0	Proxy-router sends small test prompt on schedule (default hourly)	env-proxy-router	TRUE	Duplicate of B06-030: config.go:229-230 default 1h sweep interval.	-	L3a-behavior	no	TRUE	modelhealth/checker.go:196-250 probes configured models holding an active bid and reports unconfigured bids; config.go:230 interval 1h, :236 probe delay 2s; system/controller.go:102 models array	confirmed-r2						
B07-001	P1	docs/prosumers/c-node-setup.mdx	9	architecture~loc	cnode-proxy-router	0	C-Node is the proxy-router running in the consumer role: it holds your wallet key, talks to BASE, exposes :8082	src/proxy/main.go	TRUE	proxy-router/internal/config/config.go:48 WalletPrivateKey, :29 EthNodeAddress (BASE RPC), :106 WEB_ADDRESS default :8082 — same binary/config the doc describes as the C-Node.	-	L3a-behavior	no	TRUE	config.go:181 default Web.Address 0.0.0.0:8082 and :178 Proxy.Address 0.0.0.0:3333 which transport/tcp_server.go:45 binds for inbound consumer TCP; main.go:260-261 env wallet from the key	confirmed-r2						
B07-002	P1	docs/prosumers/c-node-setup.mdx	9	architecture~para	cnode-port-not-exposed	0	C-Node does not need to expose :3333 to the internet — that port is only for providers	src/proxy/main.go	TRUE	docs' own .env sample sets PROXY_ADDRESS=127.0.0.1:3333 (loopback) for the consumer role; resale docs (overview.mdx) confirm :3333 is where providers receive consumer traffic.	-	L3a-behavior	no	TRUE	config.go:181 8082, :178 3333; tcp_server.go:39 accepts	confirmed						
B07-003	P1	docs/prosumers/c-node-setup.mdx	40	behavior	https-more-reliable	1	https-only is more reliable for consumers	src/eth/provider.go	TRUE	config.go:35 ETH_NODE_USE_SUBSCRIPTIONS desc: false uses 'default polling' (HTTP) instead of a persistent subscription connection — supports the https-only framing.	-	L3a-behavior	yes	UNVERIFIABLE-IN-REPO	config.go:35 and cmd/main.go:269-274 confirm false selects the polling LogWatcher over the WSS subscription one, but which is more reliable depends on the external RPC provider	reclassified-r2						
B07-004	P1	docs/prosumers/c-node-setup.mdx	53	behavior	proxy-creates-admin-cookie	0	On first start the proxy-router creates a .cookie with a random admin:<password>	src/proxy/main.go	TRUE	proxy-router/internal/system/auth.go:213-246 EnsureConfigFilesExist: generates random password, writes 'admin:<password>\\n' cookie file with 0600 perms if none exists.	-	L3a-behavior	yes	TRUE	system/auth.go:214-232 writes admin:<32-char random> to the cookie file at 0600 when absent; default path ./.cookie at config.go:212; called from cmd/main.go:222	confirmed-r2						
B07-005	P1	docs/prosumers/c-node-setup.mdx	59	security	wallet-not-retrievable	0	The wallet is not retrievable from the proxy-router state — the private key is what the proxy-router holds	src/proxy/wallet.go	TRUE	walletapi/controller.go:27-30 only exposes GET /wallet (address only, line 53 WalletRes{Address}) and POST-only privateKey/mnemonic routes — no route returns key or mnemonic.	-	L3a-behavior	yes	TRUE	proxy-router/internal/walletapi/controller.go:26-30 registers only GET/POST/DELETE with no key-export route and GetWallet:42-53 returns WalletRes{Address} only; key lives in OS keychain	confirmed-r2						
B07-006	P1	docs/prosumers/c-node-setup.mdx	63	procedure~para	approve-diamond-mór	0	Approve the Diamond contract for some MOR allowance so opening sessions doesn't require interactive approval	src/proxy/wallet.go	TRUE	blockchainapi/controller.go:39 POST /blockchain/approve; SessionRouter.sol:104 safeTransferFrom requires this prior allowance for openSession to succeed without per-call approval.	-	L3a-behavior	no	TRUE	proxy-router/internal/blockchainapi/controller.go:39 POST /blockchain/approve?spender&amount; service.go:404-411 skips the per-open increaseAllowance to the Diamond when allowance >= 3x stake	confirmed-r2						
B07-007	P1	docs/prosumers/c-node-setup.mdx	81	compatibility	badger-state-forward-compatible	0	The on-disk Badger state in ./data/ is forward-compatible across patch and minor versions	src/storage/badger.go	UNVERIFIABLE-IN-REPO	BadgerDB used at ./data/badger/ (config.go:192) but no schema-version or migration-guarantee code found; forward-compatibility across releases isn't something the repo asserts or tests.	S3	L3a-behavior	yes									
B07-008	P1	docs/prosumers/gateway-for-everclaw.mdx	10	external-dependency	everclaw-skill	0	David's Morpheus skill for OpenClaw lets agents call Morpheus inference via a local HTTP endpoint	https://everclaw.xyz	UNVERIFIABLE-IN-REPO	External: Everclaw/OpenClaw skill (everclaw.xyz) has no code in this repo. Check the skill listing/changelog for 'David' authorship and local-endpoint call behavior.	S2	L4-external	yes									
B07-009	P1	docs/prosumers/gateway-for-everclaw.mdx	25	architecture~para	cnode-openai-compatible	0	The skill thinks it's calling a local OpenAI-compatible API. The C-Node handles wallets, sessions, routing	src/api/openai_compat.go	TRUE	proxy-router/internal/proxyapi/controller_http.go:90 POST /v1/chat/completions is OpenAI-shaped; wallet/session/routing all handled server-side by the same proxy-router process.	-	L3a-behavior	no									
B07-010	P1	docs/prosumers/gateway-for-everclaw.mdx	69	behavior~para	cnode-closes-stuck-session	0	Provider unreachable — C-Node closes the stuck session and returns the unused MOR	src/proxy/session.go	TRUE	proxy-router/internal/proxyapi/proxy_sender.go:684-690 handleFailover calls sessionService.CloseSession on provider request failure before reporting the error.	-	L3a-behavior	no									
B07-011	P1	docs/prosumers/gateway-for-everclaw.mdx	70	behavior~loc	cnode-session-expired-codes	0	Session expired mid-task — agent should detect 401/403/429 from the C-Node and re-open session	src/api/handlers.go	FALSE	controller_http.go:281-284 maps any Go error from adapter.Prompt (incl. proxy_sender.go:45 ErrSessionExpired) to HTTP 500, not 401/403/429 — contradicts the agent-retry guidance.	S1	L3a-behavior	no	FALSE	controller_http.go:281 — expired-session errors bubble as plain error -> HTTP 500; 401/403 only from system/auth.go:395-413	confirmed			FIXED: F9.3 HTTP 500	UNSUPPORTED	proxy_sender.go:32-50,controller_http.go:282-286 — session-expired is an internalGo error (ErrSessionExpired); C-Node HTTP layer returns 500 for it (not 401/403). 401/403 only emitted by auth middleware (auth.go:395,407,413); 429 propagates	
B07-012	P1	docs/prosumers/overview.mdx	9	architecture~para	prosumer-topology	0	Prosumer sits between casual consumer and full provider. You run C-Node and AI gateway so tools hit Morpheus	src/proxy/main.go	TRUE	Consistent with confirmed C-Node role (config.go:48,29,106) plus OpenAI-shaped gateway (controller_http.go:90) that other tools call — matches the described prosumer topology.	-	L3a-behavior	no									
B07-013	P1	docs/prosumers/overview.mdx	23	security~loc	cnode-agents-permission-gated	0	Agents can't drain wallet without your permission via API auth per-user whitelists	src/auth/apiauth.go	TRUE	system/auth.go:264 AddUser(username,password,perms []string); auth.go:391 CheckAuth(method) gates each route (e.g. 'approve','chat','get_wallet') by that user's granted perms.	-	L3a-behavior	no	TRUE	system/auth.go:369-389 per-user whitelist with :55 default deny, wired by CheckAuth on every spend route (blockchainapi/controller.go:39-41) plus allowance gate service.go:871,978	confirmed-r2						
B07-014	P1	docs/prosumers/overview.mdx	24	external-dependency	desktop-app-llama-demo	0	Desktop app's local llama.cpp demo for free smoke tests; switch to remote Morpheus models for production	ui-desktop/src	TRUE	ui-desktop/src/main/orchestrator/orchestrator.ts (TinyLlama .gguf + llama-server bundling/download flow) -- local demo model shipped in this repo.	-	L4-external	yes									
B07-015	P1	docs/prosumers/overview.mdx	25	architecture~loc	tee-routing	0	When an agent needs higher trust, route through a tee-tagged model	src/proxy/selector.go	TRUE	blockchainapi/service.go:1331,1359 IsTeeModel(model.Tags) is checked during session-opening/bid-selection flow, supporting routing to tee-tagged models.	-	L3a-behavior	no									
B07-016	P1	docs/prosumers/running-local-agents.mdx	9	architecture	cnode-openai-http-layer	0	The C-Node is intentionally a thin OpenAI-shaped HTTP layer over Morpheus	src/api/openai_compat.go	TRUE	controller_http.go:90 POST /v1/chat/completions binds gsc.OpenAICompletionRequestExtra (line 203) — a thin OpenAI-shaped layer over the rest of proxy-router.	-	L3a-behavior	yes									
B07-017	P1	docs/prosumers/running-local-agents.mdx	36	behavior~para	unused-stake-return-close	0	Unused stake returns in the close txn; used stipend day-locks in userStakesOnHold until next UTC day	smart-contracts/contracts/Diamond.sol	TRUE	Duplicate of B04-118/120: SessionRouter.sol:293-311 confirms unused-stake immediate return + used-stipend day-lock to userStakesOnHold.	-	L3a-behavior	no									
B07-018	P1	docs/prosumers/running-local-agents.mdx	36	requirement~loc	gross-daily-stake-planning	0	Used MOR is not reusable the same UTC day; plan agent float for gross daily stake	smart-contracts/contracts/Diamond.sol	TRUE	SessionRouter.sol:296-298 releaseAt_=startOfEndDay_+1 days — locked stipend cannot be withdrawn same UTC day, supporting the float-planning advice.	-	L3a-behavior	no	TRUE	SessionRouter.sol:293-315 _rewardUserAfterClose pushes OnHold with releaseAt = startOfTheDay(end)+1 days and transfers the rest; startOfTheDay:529-530 is UTC-aligned; withdrawUserStakes:435	confirmed-r2						
B07-019	P1	docs/prosumers/running-local-agents.mdx	40	behavior~loc	streaming-parameter	0	stream: false for full deterministic JSON; stream: true for token streaming (user-facing typing UX)	src/api/chat.go	TRUE	controller_http.go:230-234 branches Content-Type by body.Stream; 267-271 branches the actual write (SSE 'data:' framing vs single JSON write) on the same flag.	-	L3a-behavior	no									
B07-020	P1	docs/prosumers/running-local-agents.mdx	44	architecture	no-per-user-rate-limits	0	The proxy-router does not currently expose per-user rate limits	src/proxy/ratelimit.go	TRUE	No per-user/API rate-limit middleware found wired into any proxy-router HTTP route (walletapi/blockchainapi/proxyapi controllers); only backend-facing 'rate_limited' detection in modelhealth exists.	-	L3a-behavior	yes									
B07-021	P1	docs/prosumers/running-local-agents.mdx	50	behavior~loc	attestation-endpoint	0	Use GET /v1/models/attestation if agents target tee-tagged models to surface attestation state	src/api/attestation.go	TRUE	controller_http.go:92 GET /v1/models/attestation route (ModelsAttestation handler), doc-annotated at line 313.	-	L3a-behavior	no									
B07-022	P1	docs/providers/resale/container-pnode.mdx	9	architecture	resale-pnode-same-image	0	A resale P-Node is the same proxy-router image as a full provider	ghcr.io/morpheusais/morpheus-lumerin-node	TRUE	proxy-router/Dockerfile builds a single unified binary/image; glossary.mdx:23 'Same binary serves consumer and provider roles' — no separate resale build target exists.	-	L3a-behavior	yes	TRUE	.github/workflows/build.yml:229 IMAGE_NAME ghcr.io/morpheusais/morpheus-lumerin-node and :465-470 publishes the latest alias to the multi-arch manifest	confirmed-r2						
B07-023	P1	docs/providers/resale/container-pnode.mdx	20	security~loc	resale-cannot-attest-upstream	0	Model tee tag: Don't use — you can't attest the upstream	src/proxy/backend.go	TRUE	attestation/verifier.go:75-77 + backend_verifier.go:103-116: Phase 2 attestation requires the operator's own backend to expose TEE endpoints — a resale provider fronting a third-party API can't produce this.	-	L3a-behavior	no	TRUE	proxy-router/internal/attestation/backend_verifier.go:346 errors when no snapshot exists and proxy_receiver.go:424 and :491 hard-fail every tee-tagged prompt, so an unattestable upstream breaks it	confirmed-r2						
B07-024	P1	docs/providers/resale/container-pnode.mdx	77	architecture~loc	resale-8082-behind-tls	0	Resale providers should put proxy-router's :8082 behind reverse proxy with TLS for operator-facing API	deployment/nginx.conf	TRUE	proxy-router/internal/repositories/transport/http_server.go has no TLS handling (plain http.Server on :8082) — a reverse proxy is required to add TLS for operator-facing traffic.	-	L3a-behavior	no	TRUE	config.go:181 WEB_ADDRESS 0.0.0.0:8082; :178 3333 raw TCP, no TLS on that path	confirmed						
B07-025	P1	docs/providers/resale/container-pnode.mdx	77	architecture	resale-3333-plain-tcp	0	The :3333 TCP port stays plain for consumer traffic — it's an end-to-end TCP tunnel, not HTTPS	src/proxy/main.go	TRUE	proxy-router/internal/repositories/transport/tcp_server.go:39 net.Listen(\"tcp\", ...) — plain TCP, no tls.Listen anywhere in this file.	-	L3a-behavior	yes	TRUE	tcp_server.go:39 net.Listen tcp, no tls.Listen anywhere; proxy_sender.go dial plain	confirmed						
B07-026	P1	docs/providers/resale/overview.mdx	9	architecture~loc	resale-provider-definition	0	A resale provider runs Morpheus proxy-router but does not host the model. Proxy-router forwards prompts to upstream	src/proxy/backend.go	TRUE	Duplicate of B06-037: ai_engine.go:105 forwards to model.ApiURL; proxy-router itself never hosts model weights.	-	L3a-behavior	no	TRUE	proxy-router/models-config.json.example lists apiUrl+apiKey entries for api.openai.com / api.anthropic.com / api.hyperbolic.xyz; aiengine/factory.go:13-28 dispatches those adapters	confirmed-r2						
B07-027	P1	docs/providers/resale/overview.mdx	28	security~loc	resale-no-tee-attestation	0	You cannot offer TEE attestation guarantees because you do not control the backend	src/tee/attestation.go	TRUE	Same as B07-023: Phase 2 self-attestation (verifier.go:75-77) requires controlling the backend, which a resale provider by definition does not.	-	L3a-behavior	no	TRUE	TEE guarantees need backend-served evidence: backend_verifier.go:170-232 fetches the backend own /cpu and /gpu quotes and matches MRTD/RTMR0-2 to the SecretVM registry - impossible for a hosted API	confirmed-r2						
B07-028	P1	docs/providers/resale/overview.mdx	39	behavior~loc	resale-prompt-routing	0	Consumer prompts arrive on :3333, routed to proxy-router on :8082, which forwards to upstream apiUrl	src/proxy/router.go	FALSE	proxyctl.go:159-214 wires the :3333 TCP listener to its own MORRPCController/proxyReceiver chain, entirely separate from the :8082 gin HTTP router — consumer prompts never route through :8082.	S2	L3a-behavior	no									
B07-029	P1	docs/providers/resale/overview.mdx	44	security	resale-tos-violation-risk	0	Reselling someone else's API in violation of their TOS is your risk, not Morpheus's	docs/resale-tos-warning	UNVERIFIABLE-IN-REPO	Legal/liability statement about upstream TOS violations; not a repo-code fact ('docs/resale-tos-warning' proposed_check path doesn't exist).	S4	L3a-behavior	yes									
B07-030	P1	docs/providers/resale/overview.mdx	47	requirement~para	concurrentslots-upstream-support	0	Set concurrentSlots to value your upstream account supports; over-promising leads to dropped sessions	src/config/models-config.go	TRUE	Duplicate of B06-040: capacity_manager.go:55,109 admits sessions up to models-config.json's ConcurrentSlots regardless of true upstream capacity.	-	L3a-behavior	no	TRUE	config/models_config.go:47 ConcurrentSlots maps json concurrentSlots; capacity_manager.go:55 activeSessions < ConcurrentSlots; proxy_receiver.go:503 refuses the session open with "no capacity"	confirmed-r2						
B07-031	P1	docs/providers/resale/overview.mdx	48	architecture	resale-two-extra-hops	0	Resale adds two extra hops vs a colocated backend	src/proxy/router.go	TRUE	docs/providers/resale/overview.mdx's own mermaid diagram (ConsumerProxy->3333 TCP->YourProxy->https+apiKey->External) plus ai_engine.go apiUrl-forwarding show the two added network hops vs a colocated backend.	-	L3a-behavior	yes	UNVERIFIABLE-IN-REPO	code shows only one forward leg, P-Node to the models-config apiUrl (config/models_config.go:45, aiengine); network hop count and latency to a third-party upstream are external to the repo	reclassified-r2						
B07-032	P1	docs/providers/resale/registering-bid.mdx	28	economics~loc	price-per-second-floor	0	pricePerSecond >= upstream_$_per_second + your_margin + risk_buffer	smart-contracts/contracts/Bids.sol	UNVERIFIABLE-IN-REPO	A margin heuristic with no contract counterpart. The contract's only price constraint is the band bidMinPricePerSecond <= pricePerSecond <= bidMaxPricePerSecond (Marketplace.sol:80-84). Settling it needs cost data outside this repo.	S3	L5-economics	no									
B07-033	P1	docs/providers/resale/registering-bid.mdx	34	economics~loc	bid-price-per-second-minimum	0	bidPricePerSecondMin is 10000000000 wei (0.00000001 MOR/sec)	smart-contracts/contracts/Bids.sol	FALSE	1e10 wei matches no deployed config: config_base_mainnet.json:7 = 1e13 (0.00001 MOR/s), sepolia:7 = 5e15, enforced at Marketplace.sol:81. 1e10 exists only commented out at deploy/2_change_bid_price.migration.ts:14.	S2	L5-economics	no	FALSE	same 1e13-vs-1e10; also no setting named bidPricePerSecondMin	confirmed			FIXED: F2.2 floor 1e13			
B07-035	P1	docs/providers/resale/registering-bid.mdx	36	economics~loc	provider-stake-value	0	Provider stake (refundable): 0.2 MOR (or 10000 MOR for subnet)	smart-contracts/contracts/Diamond.sol	FALSE	config_base_mainnet.json:4 = 1e17 (0.1 MOR), not 0.2. No subnet stake tier exists anywhere: ProviderRegistry.sol:40-44 checks one providerMinimumStake for every provider, and DelegateFactory.sol / ProvidersDelegate.sol declare no minimum.	S2	L5-economics	no									
B07-037	P1	docs/providers/resale/registering-bid.mdx	39	requirement	cannot-post-below-floor	0	You cannot post below the floor	src/bidding/validate.go	FALSE	Marketplace.sol:81 reverts when pricePerSecond is below min OR above bidMaxPricePerSecond, and deploy/data/config_base_mainnet.json:8 pins that max, so "no upper limit" on the same line is wrong	S2	L3a-behavior	yes	FALSE	Marketplace.sol:81 reverts when pricePerSecond is below min OR above bidMaxPricePerSecond, and deploy/data/config_base_mainnet.json:8 pins that max, so "no upper limit" on the same line is wrong	defect-found-by-blind-r2			FIXED: F2.4 upper bound exists	FALSE	smart-contracts/contracts/diamond/facets/Marketplace.sol:81 — posting below floor is enforced (line reverts on `pricePerSecond_ < bidMinPricePerSecond`), but the claim "There is no upper limit" is contradicted: the same check reverts on `pr	
B07-038	P1	docs/providers/resale/registering-bid.mdx	39	behavior~loc	consumer-skip-high-price	0	Consumer rating algorithms will skip you if far above other providers serving the same model	src/bidding/selection.go	FALSE	Marketplace.sol:80-84 reverts MarketplaceBidPricePerSecondInvalid when pricePerSecond exceeds bidMaxPricePerSecond, an owner-set on-chain ceiling (setMinMaxBidPricePerSecond at :47)	S2	L3a-behavior	no	FALSE	Marketplace.sol:80-84 reverts MarketplaceBidPricePerSecondInvalid when pricePerSecond exceeds bidMaxPricePerSecond, an owner-set on-chain ceiling (setMinMaxBidPricePerSecond at :47)	defect-found-by-blind-r2			FIXED: F2.4 upper bound exists	FALSE	smart-contracts/contracts/diamond/facets/Marketplace.sol:81-83 — postModelBid reverts if price > bidMaxPricePerSecond (an on-chain upper limit exists), so "no upper limit" is false; floor and scoring (scorer_default.go:72-81, score/price so	
B07-040	P1	docs/providers/resale/registering-bid.mdx	59	architecture~loc	bids-immutable-on-chain	0	Bids are immutable on chain — to change pricing, delete the old bid and post a new one	smart-contracts/contracts/Bids.sol	TRUE	smart-contracts/.../IMarketplace.sol:47,53 only expose postModelBid (create) and deleteModelBid (delete) — no update/edit function exists for an existing bid's price.	-	L3a-behavior	no	TRUE	Marketplace.sol:103 is the only pricePerSecond write, no update fn; fee charged per post at :86; note :92-98 auto-deletes the prior active bid so the DELETE step is optional	confirmed-r2						
B07-041	P1	docs/providers/resale/reselling-venice.mdx	9	architecture~loc	resale-venice-diem	0	Venice subscription tiers including Diem include API access. Resell capacity: proxy-router forwards to Venice	src/proxy/backend.go	TRUE	proxy-router/internal/aiengine/ai_engine.go:64 ApiAdapterFactory forwards to modelConfig.ApiURL (e.g. venice.ai endpoint set in models-config)	-	L3b-behavior	no	UNVERIFIABLE-IN-REPO	no Venice reference in proxy-router, cli or ui-desktop source; whether Venice tiers incl. Diem grant API access is a third-party subscription fact settleable only off-repo	reclassified-r2						
B07-042	P1	docs/providers/resale/reselling-venice.mdx	14	requirement	resale-tos-confirmation	0	Resale terms vary by tier and over time — confirm yours allows reselling API access before going live	https://venice.ai	UNVERIFIABLE-IN-REPO	Venice's own resale ToS terms are a third-party policy, not present in this repo	S4	L3b-behavior	yes									
B07-043	P1	docs/providers/resale/reselling-venice.mdx	58	requirement	watch-venice-usage-limits	0	Watch Venice usage limits so a busy session cannot blow your Diem quota	https://venice.ai	UNVERIFIABLE-IN-REPO	Venice account usage-limit behavior is third-party, not present in this repo	S4	L3b-behavior	yes									
B07-044	P1	docs/providers/resale/reselling-venice.mdx	88	behavior	high-concurrency-upstream-429	0	Going too high causes upstream 429s	src/proxy/backend.go	UNVERIFIABLE-IN-REPO	Venice's upstream 429 response to concurrency is third-party behavior; repo only has proxy-router-side 429 handling (modelhealth/checker.go)	S4	L3b-behavior	yes									
B07-045	P1	docs/providers/resale/reselling-venice.mdx	90	security~para	resale-cannot-prove-venice-runtime	0	You cannot prove anything about Venice's runtime. Only use tee when you control backend	src/tee/attestation.go	TRUE	proxy-router/internal/proxyapi/proxy_receiver.go:121-133 isTeeModel() gates attestation on the 'tee' tag, consistent with 'only use tee when you control backend'	-	L3b-behavior	no	TRUE	a tee tag forces backend attestation a resold API cannot serve: cmd/main.go:355 startup AttestBackend and proxy_receiver.go:423-429 hard-fail prompts on backend-served :21434 /cpu+/gpu evidence	confirmed-r2						
B08-001	P1	docs/consumers/buy-bid.mdx	16	requirement	minimum-mor-stake	0	Lower-left of MorpheusUI shows your wallet address; the Wallet tab shows MOR and ETH balances. You need at least `5` MOR for a session and a small ETH balance for gas.	docs/consumers/buy-bid.mdx:16	FALSE	smart-contracts SessionStorage.sol:34 MIN_SESSION_DURATION=5min (time floor, not MOR); config_base_mainnet.json:7 min bid price allows a 5-min session for ~0.003 MOR, not 5 MOR	S2	L3b-behavior	yes									
B08-002	P1	docs/consumers/buy-bid.mdx	22	requirement	minimum-stake-amount	0	Click **Open Session**. Enter a stake (minimum `5` MOR). Confirm.	docs/consumers/buy-bid.mdx:22	FALSE	Same as B08-001: no fixed '5 MOR' contract floor exists; SessionRouter.sol:147 enforces MIN_SESSION_DURATION (time), stake required scales with chosen bid's pricePerSecond	S2	L3b-behavior	yes									
B08-003	P1	docs/consumers/buy-bid.mdx	30	behavior	auto-close-behavior	0	- **Natural expiration** — your consumer node submits `closeSession` ~1 minute after `endsAt` (if online).	docs/consumers/buy-bid.mdx:30	TRUE	proxy-router/internal/blockchainapi/session_expiry_handler.go:140-190 ticker every 1 min closes sessions past EndsAt if node online	-	L3b-behavior	yes	TRUE	blockchainapi/session_expiry_handler.go:141 one-minute ticker calls CloseSession at :185 for sessions whose EndsAt has passed; run by proxyctl.go:231	confirmed-r2						
B08-004	P1	docs/consumers/buy-bid.mdx	33	behavior~loc	day-lock-stipend	0	In both cases: **unused** stake returns in the close txn; the **used stipend** day-locks in `userStakesOnHold` until the next UTC day. After `releaseAt`, call `withdrawUserStakes` to claim the held...	docs/consumers/buy-bid.mdx:33	STALE	proxy-router/internal/blockchainapi/stake_claimer.go:12-90 + controller.go:93-95 now auto-claim held stake every 10min; doc still frames withdrawUserStakes as a manual step	S2	L3b-behavior	no									
B08-005	P1	docs/consumers/buy-bid.mdx	61	behavior	balance-drops-on-mine	0	- **Wallet balance drops by the staked amount** the instant the open transaction is mined. The MOR is now in the Inference Contract on Base for the duration of the session.	docs/consumers/buy-bid.mdx:61	TRUE	smart-contracts SessionRouter.sol:104 safeTransferFrom(user, contract, amount) on openSession mine	-	L3b-behavior	yes	TRUE	SessionRouter.sol:104 openSession does safeTransferFrom(user, diamond, amount) inside the open tx, so the wallet drops by the stake when it mines	confirmed-r2						
B08-006	P1	docs/consumers/buy-bid.mdx	62	behavior~loc	unused-stake-returns	0	- **On close (early or natural):** unused stake returns in the same txn; the used stipend day-locks with `releaseAt = startOfTheDay(min(closedAt, endsAt)) + 1 day`. After `releaseAt`, call `withdra...	docs/consumers/buy-bid.mdx:62	STALE	releaseAt formula matches SessionRouter.sol:293-297 exactly, but 'call withdrawUserStakes' omits stake_claimer.go's automatic 10-min sweep (controller.go:93-95)	S2	L3b-behavior	no	TRUE	SessionRouter.sol:296-298 releaseAt; :435 withdrawUserStakes; no withdraw route	disputed			FIXED: F6.1 auto-sweep			
B08-007	P1	docs/consumers/buy-bid.mdx	62	procedure~loc	withdraw-user-stakes	0	- **On close (early or natural):** unused stake returns in the same txn; the used stipend day-locks with `releaseAt = startOfTheDay(min(closedAt, endsAt)) + 1 day`. After `releaseAt`, call `withdra...	docs/consumers/buy-bid.mdx:62	STALE	'no HTTP route' is still literally true, but stake_claimer.go now auto-calls WithdrawUserStakes from proxy-router itself, making manual chain calls usually unnecessary	S2	L3b-behavior	no									
B08-008	P1	docs/consumers/buy-bid.mdx	64	architecture~loc	provider-pay-source	0	- **The provider is paid from a separate protocol funding account**, not from your stake in real time. If that funding account is empty or under-approved, every `closeSession` fails — yours include...	docs/consumers/buy-bid.mdx:64	AMBIGUOUS	smart-contracts/contracts/diamond/facets/SessionRouter.sol:394 pays the provider by safeTransfer from escrowed stake when isDirectPaymentFromUser, so fundingAccount is untouched and the close succeeds	-	L3b-behavior	no	FALSE	smart-contracts/contracts/diamond/facets/SessionRouter.sol:394 pays the provider by safeTransfer from escrowed stake when isDirectPaymentFromUser, so fundingAccount is untouched and the close succeeds	defect-found-by-blind-r2				TRUE	smart-contracts/contracts/diamond/facets/SessionRouter.sol:394-402 — default path (isDirectPaymentFromUser=false, req.go:12 default false) pays provider via safeTransferFrom(sessionsStorage.fundingAccount,...); a revert there reverts whole	DOWNGRADE: T3: default path DOES pay from fundingAccount (SessionRouter.sol:397-401); only isDirectPaymentFromUser draws from stake. Doc states the default correctly but omits the exception — incomplete, not false
B08-009	P1	docs/consumers/chat.mdx	9	behavior~loc	openai-compatible	0	Once a session is open, you talk to the proxy-router exactly like you would talk to OpenAI: same routes, same body schemas. The only difference is the `session_id` header and the BasicAuth header f...	docs/consumers/chat.mdx:9	TRUE	proxy-router/internal/proxyapi/controller_http.go:90 POST /v1/chat/completions, OpenAI-compatible route/schema	-	L3b-behavior	no									
B08-010	P1	docs/consumers/chat.mdx	15	requirement	basicauth-required	0	| `Authorization: Basic <base64(user:pass)>` | Yes | Auth to your local proxy-router. See [API auth](/reference/api-auth). |	docs/consumers/chat.mdx:15	TRUE	controller_http.go:90 CheckAuth('chat') enforces BasicAuth on /v1/chat/completions	-	L3b-behavior	yes	TRUE	proxyapi/controller_http.go:90 wraps POST /v1/chat/completions in CheckAuth("chat"); system/auth.go:393-396 returns 401 when the Authorization header is missing; no auth-disable knob in config	confirmed-r2						
B08-011	P1	docs/consumers/chat.mdx	16	requirement	session-id-required	0	| `session_id: 0x...` | Yes (for remote) | Which open Morpheus session to route through. Omit for the bundled local model. |	docs/consumers/chat.mdx:16	TRUE	controller_http.go:187 session_id header documented optional (false); required only to route to a remote provider, matches doc	-	L3b-behavior	yes	TRUE	aiengine/ai_engine.go:56-71 zero session_id routes to a local models-config model, non-zero builds RemoteModel; header bound at proxyapi/requests.go:37	confirmed-r2						
B08-012	P1	docs/consumers/chat.mdx	37	behavior	response-format	0	Streaming responses are SSE (`text/event-stream`); non-streaming returns `application/json`.	docs/consumers/chat.mdx:37	TRUE	controller_http.go:691 sets Content-Type text/event-stream for streaming responses	-	L3b-behavior	yes									
B08-013	P1	docs/consumers/install-from-source.mdx	41	requirement	git-required	0	`git` (https://git-scm.com), `go` 1.22+ (https://golang.org).	docs/consumers/install-from-source.mdx:41	STALE	proxy-router/go.mod:3 now requires go 1.25.0 (history 1.22 to 1.23 to 1.25); CI pins go-version 1.25.x (build.yml:161) and Dockerfile:2 uses golang:1.25, so 1.22 no longer builds it	S2	L3b-behavior	yes	STALE	proxy-router/go.mod:3 now requires go 1.25.0 (history 1.22 to 1.23 to 1.25); CI pins go-version 1.25.x (build.yml:161) and Dockerfile:2 uses golang:1.25, so 1.22 no longer builds it	defect-found-by-blind-r2			FIXED: F7.1 go 1.25	STALE	proxy-router/go.mod:3 — doc says `go` 1.22+ suffices, but the proxy-router module the guide builds now declares `go 1.25.0`; go 1.22–1.24 would fail to build. git requirement itself is fine (clone step).	
B08-014	P1	docs/consumers/install-from-source.mdx	41	requirement	go-version-requirement	0	`git` (https://git-scm.com), `go` 1.22+ (https://golang.org).	docs/consumers/install-from-source.mdx:41	STALE	proxy-router/go.mod:3 declares 'go 1.25.0'; doc says 'go 1.22+', an older floor than the code now requires	S2	L3b-behavior	yes									
B08-015	P1	docs/consumers/install-from-source.mdx	55	requirement	wallet-key-required	0	- `WALLET_PRIVATE_KEY=` — your wallet's private key.	docs/consumers/install-from-source.mdx:55	TRUE	proxy-router/internal/config/config.go:48 WALLET_PRIVATE_KEY env field	-	L3b-behavior	yes	TRUE	proxy-router/internal/config/config.go:48 WALLET_PRIVATE_KEY env is the signing key (else keychain); proxy-router/.env.example:6 ships the empty WALLET_PRIVATE_KEY= line the step tells you to fill	confirmed-r2						
B08-016	P1	docs/consumers/install-from-source.mdx	56	requirement	eth-node-url-required	0	- `ETH_NODE_ADDRESS=wss://...` — recommended: an Alchemy/Infura BASE WSS endpoint.	docs/consumers/install-from-source.mdx:56	TRUE	proxy-router/internal/config/config.go:29 ETH_NODE_ADDRESS env field	-	L3b-behavior	yes	AMBIGUOUS	config.go:29 ETH_NODE_ADDRESS is omitempty with a public-RPC fallback so it is not required, and env-proxy-router.mdx:81 says the default polling mode expects HTTPS, not the wss:// recommended here	reclassified-r2						
B08-017	P1	docs/consumers/install-from-source.mdx	61	procedure	proxy-router-build	1	./build.sh	docs/consumers/install-from-source.mdx:61	TRUE	proxy-router/build.sh exists and builds ./proxy-router as documented	-	L3b-behavior	yes	TRUE	proxy-router/build.sh:60 go build -o ./proxy-router, file is mode 755; no //go:build docker constraint exists in the tree so -tags docker is inert; doc runs both from proxy-router/	confirmed-r2						
B08-018	P1	docs/consumers/install-from-source.mdx	64	procedure	future-updates	0	On future updates: `git pull && ./build.sh && ./proxy-router`.	docs/consumers/install-from-source.mdx:64	TRUE	proxy-router/Makefile build target + build.sh produce ./proxy-router binary; git pull/build.sh/run is the standard update flow	-	L3b-behavior	yes	TRUE	proxy-router/build.sh:61 builds -o ./proxy-router in the proxy-router dir, so ./build.sh followed by ./proxy-router is the correct re-run after a git pull	confirmed-r2						
B08-019	P1	docs/consumers/install/docker.mdx	9	architecture~loc	exposed-ports	0	The proxy-router itself is published as a Docker image at `ghcr.io/morpheusais/morpheus-lumerin-node`. As a **consumer** you typically run it locally next to MorpheusUI or call its HTTP API directl...	docs/consumers/install/docker.mdx:9	TRUE	proxy-router/Dockerfile:45 EXPOSE 3333 8082; .github/workflows/build.yml:229 pushes to ghcr.io/morpheusais/morpheus-lumerin-node	-	L3b-behavior	no	TRUE	.github/workflows/build.yml:229 IMAGE_NAME ghcr.io/morpheusais/morpheus-lumerin-node; proxy-router/Dockerfile:45 EXPOSE 3333 8082	confirmed-r2						
B08-020	P1	docs/consumers/install/docker.mdx	51	external-dependency	container-image	1	ghcr.io/morpheusais/morpheus-lumerin-node:latest	docs/consumers/install/docker.mdx:51	TRUE	docs/consumers/install/docker.mdx:51 -- literal match; consistent with docs/providers/full/proxy-router-docker.mdx:71,96 (same image string).	-	L4-external	yes	TRUE	.github/workflows/build.yml:229 IMAGE_NAME is ghcr.io/morpheusais/morpheus-lumerin-node, built and pushed at :430-441 and aliased to the latest tag on main at :468-474	confirmed-r2						
B08-021	P1	docs/consumers/install/docker.mdx	53	requirement	port-3333-optional	0	The TCP `:3333` port is **not** required for consumers and can be omitted.	docs/consumers/install/docker.mdx:53	TRUE	proxy-router/Dockerfile:45 exposes both ports but consumer .env/run example only publishes 8082 (docker.mdx step 2), :3333 omission is a valid deployment choice	-	L3b-behavior	yes	TRUE	proxy-router/internal/proxyctl/proxyctl.go:159-214 — :3333 serves inbound MOR-RPC session traffic via ProxyReceiver (provider role); a consumer dials providers outbound, so the mapping is optional	confirmed-r2						
B08-022	P1	docs/consumers/install/docker.mdx	65	procedure	network-switch	0	Switch to BASE Sepolia by replacing the four blockchain values in the `.env`. See [Networks and tokens](/get-started/networks-and-tokens).	docs/consumers/install/docker.mdx:65	FALSE	docker.mdx:37 ETH_NODE_ADDRESS is a 5th value; changing only 4 hard-fails main.go:251-253	S3	L3b-behavior	yes	FALSE	docker.mdx:37 ETH_NODE_ADDRESS is a 5th value; changing only 4 hard-fails main.go:251-253	defect-found-by-blind			FIXED: F7.2 five env vars	TRUE	proxy-router/.env.example:21-25 — testnet swap is exactly four values (DIAMOND_CONTRACT_ADDRESS, MOR_TOKEN_ADDRESS, BLOCKSCOUT_API_URL, ETH_NODE_CHAIN_ID=84532), matching the four Sepolia items listed at docs/get-started/networks-and-tokens	UPHELD: T1: exactly 5 vars must change, so "four blockchain values" is wrong — but ETH_NODE_ADDRESS is NOT one of them, so my verdict was right and my stated reason was wrong
B08-023	P1	docs/consumers/install/linux.mdx	9	behavior~loc	auto-download-services	0	The Linux release is a single **AppImage**. On first launch, the app downloads and manages its own services — proxy-router, `llama.cpp` AI runtime with the `tinyllama` demo model, and an IPFS node....	docs/consumers/install/linux.mdx:9	STALE	ui-desktop/orchestrator.config.ts:44-49 bundled local model is now 'qwen2.5-1.5b-instruct' (Qwen2.5-1.5B-Instruct GGUF), not tinyllama; rest of claim (AppImage/services) TRUE	S3	L3b-behavior	no									
B08-024	P1	docs/consumers/install/linux.mdx	15	requirement~loc	linux-appimage-filename	0	Grab the **latest** AppImage from [Releases](https://github.com/MorpheusAIs/Morpheus-Lumerin-Node/releases). The asset is named like `linux-x86_64-morpheus-app-<version>.AppImage` (use `linux-arm64...	docs/consumers/install/linux.mdx:15	TRUE	.github/workflows/build.yml:3090-3091 artifact named linux-x86_64-morpheus-app-<version>.AppImage	-	L3b-behavior	no	AMBIGUOUS	build.yml:3090 confirms linux-x86_64-morpheus-app-<version>.AppImage, but asset names use vfull with NO suffix; only the release tag gets -test (build.yml:284 VTAG=v${VFULL}-${RNAME})	reclassified-r2						
B08-025	P1	docs/consumers/install/linux.mdx	15	requirement~loc	arm64-appimage-filename	0	Grab the **latest** AppImage from [Releases](https://github.com/MorpheusAIs/Morpheus-Lumerin-Node/releases). The asset is named like `linux-x86_64-morpheus-app-<version>.AppImage` (use `linux-arm64...	docs/consumers/install/linux.mdx:15	FALSE	build.yml:3090,3154 use vfull in asset name; -test exists only on the release tag. No AppImage ends in -test	S3	L3b-behavior	no	FALSE	build.yml:3090,3154 use vfull in asset name; -test exists only on the release tag. No AppImage ends in -test	defect-found-by-blind			FIXED: F7.3 no -test on asset	FALSE	.github/workflows/build.yml:3090-3091/3154-3155 — Linux assets are named `linux-x86_64-morpheus-app-<vfull>.AppImage` and `linux-arm64-morpheus-app-...` (vfull=X.Y.Z with no suffix per tag-gen at build.yml:280/283; `-test` appears only in t	
B08-026	P1	docs/consumers/install/linux.mdx	25	behavior~loc	docker-not-auto-installed	0	The first launch (and the first after each update) shows a **Starting services** screen: the app downloads the proxy-router, AI runtime, demo model, and IPFS node, then starts and probes each one. ...	docs/consumers/install/linux.mdx:25	STALE	detect-only TRUE, but Startup.tsx:8-13 says the Skip/Retry screen was REPLACED	S3	L3b-behavior	no	STALE	detect-only TRUE, but Startup.tsx:8-13 says the Skip/Retry screen was REPLACED	defect-found-by-blind			FIXED: F7.4 SetupWizard	TRUE	ui-desktop/src/main/orchestrator/process-factory.ts:34-43 (no command → ExternalProcess) + external-process.ts:4-7,35-48: containerRuntime probes only, never downloads/installs; docker used via DockerManager endpoints (controller_http.go:11	UPHELD: T6: the "Starting services" screen was replaced by SetupWizard "Setting up your AI assistant" (SetupWizard.tsx:2,293)
B08-027	P1	docs/consumers/install/linux.mdx	42	procedure	linux-cleanup	1	rm -rf ~/.config/morpheus-app	docs/consumers/install/linux.mdx:42	TRUE	No productName in ui-desktop/package.json -> Electron app.name='morpheus-app' -> Linux userData default ~/.config/morpheus-app	-	L3b-behavior	yes	TRUE	ui-desktop/package.json:2 name is morpheus-app with no productName key and no app.setName override, so Electron's Linux userData is ~/.config/morpheus-app	confirmed-r2						
B08-028	P1	docs/consumers/install/macos.mdx	25	requirement	node-version-requirement	0	| `node`| 20+    | https://nodejs.org |	docs/consumers/install/macos.mdx:25	TRUE	ui-desktop/package.json:13 engines.node '>=20'	-	L3b-behavior	yes	TRUE	ui-desktop/package.json:13 engines.node ">=20"; .github/workflows/build.yml:2990 pins node-version 20 for the UI builds	confirmed-r2						
B08-029	P1	docs/consumers/install/macos.mdx	26	requirement	make-requirement	0	| `make`| any    | https://www.gnu.org/software/make |	docs/consumers/install/macos.mdx:26	TRUE	proxy-router/Makefile and macos.mdx build steps ('make run') require make; trivially confirmed by Makefile's existence/use	-	L3b-behavior	yes	TRUE	the page's own flow needs make: llama.cpp make -j 8, then make run (proxy-router/Makefile:1) and make build (cli/Makefile:9) in steps B and D	confirmed-r2						
B08-030	P1	docs/consumers/install/macos.mdx	27	requirement	yarn-requirement	0	| `yarn`| any    | https://yarnpkg.com |	docs/consumers/install/macos.mdx:27	TRUE	ui-desktop/package.json:15 packageManager 'yarn@1.22.22'	-	L3b-behavior	yes	AMBIGUOUS	yarn IS required (macos.mdx Step C runs yarn install/yarn dev) but "any" version is contradicted by ui-desktop/package.json:15 packageManager yarn@1.22.22, yarn.lock v1, CI --frozen-lockfile	reclassified-r2						
B08-031	P1	docs/consumers/install/macos.mdx	38	procedure	make-build-command	1	make -j 8	docs/consumers/install/macos.mdx:38	UNVERIFIABLE-IN-REPO	llama.cpp is a third-party repo (git clone ggerganov/llama.cpp), not vendored here; its own 'make -j 8' build command is outside this repo	S4	L3b-behavior	yes									
B08-032	P1	docs/consumers/install/macos.mdx	91	procedure	proxy-router-build-macos	1	make run	docs/consumers/install/macos.mdx:91	TRUE	proxy-router/Makefile:1-2 'run: go run cmd/main.go' matches 'make run'	-	L3b-behavior	yes	TRUE	proxy-router/Makefile:1-2 defines run: go run cmd/main.go and proxy-router/build.sh exists; no go:build tags in the tree so the untagged go run matches the build	confirmed-r2						
B08-033	P1	docs/consumers/install/macos.mdx	114	procedure	yarn-ui-install	1	yarn install	docs/consumers/install/macos.mdx:114	TRUE	ui-desktop/package.json:15 packageManager yarn@1.22.22; .gitignore bans package-lock.json, confirming yarn (not npm) is the install tool	-	L3b-behavior	yes	TRUE	ui-desktop/package.json:15 "packageManager": "yarn@1.22.22" with ui-desktop/yarn.lock present and no package-lock.json; scripts.dev:27 is electron-vite dev, so yarn install then yarn dev is correct	confirmed-r2						
B08-034	P1	docs/consumers/install/macos.mdx	140	architecture~loc	userdata-path-macos	0	- Packaged-app data lives under Electron's `userData` directory — typically `~/Library/Application Support/MorpheusUI` for the `.app`, or `~/Library/Application Support/morpheus-app` when the packa...	docs/consumers/install/macos.mdx:140	FALSE	Built app.asar's package.json has no 'productName' field (only name:'morpheus-app'); electron.d.ts:1264-1273 says productName is preferred over name only if present -> packaged .app also uses 'morpheus-app', not 'MorpheusUI'	S3	L3b-behavior	no									
B08-035	P1	docs/consumers/install/windows.mdx	15	requirement~loc	windows-exe-filename	0	Get the **latest** portable executable from [Releases](https://github.com/MorpheusAIs/Morpheus-Lumerin-Node/releases) — the asset is named like `win-x64-morpheus-app-<version>.exe`. Mainnet builds ...	docs/consumers/install/windows.mdx:15	AMBIGUOUS	build.yml:316 vfull is bare X.Y.Z and :3305-3306 name the asset win-x64-morpheus-app-<vfull>.exe on every branch; the -test suffix lands on the release tag only (VTAG=v${VFULL}-${RNAME}, :285)	-	L3b-behavior	no	FALSE	build.yml:316 vfull is bare X.Y.Z and :3305-3306 name the asset win-x64-morpheus-app-<vfull>.exe on every branch; the -test suffix lands on the release tag only (VTAG=v${VFULL}-${RNAME}, :285)	defect-found-by-blind-r2				TRUE	.github/workflows/build.yml:266-283,3295-3306 + ui-desktop/electron.builder.config.ts:24 — tag gen: main VFULL=X.Y.Z (no suffix), test branch VTAG=vX.Y.Z-test but vfull stays numeric; Build step line 3298 sed-injects vfull into package.json	SPLIT: two clauses on one line: the asset-name pattern is correct (Kimi), the -test-suffix claim is not (mine). Neither verdict covers the whole line.
B08-036	P1	docs/consumers/install/windows.mdx	21	behavior~loc	proxy-router-starts-first	0	The first launch (and the first after each update) shows a **Starting services** screen: the app downloads the proxy-router first, then optional AI runtime / demo model / IPFS, and starts the **Pro...	docs/consumers/install/windows.mdx:21	STALE	ui-desktop/src/renderer/src/components/Startup.tsx:9 and setup/SetupWizard.tsx:2 — the "Starting services" list with Skip/Retry was replaced by the phase wizard ("Try again" / "Continue anyway")	S2	L3b-behavior	no	STALE	ui-desktop/src/renderer/src/components/Startup.tsx:9 and setup/SetupWizard.tsx:2 — the "Starting services" list with Skip/Retry was replaced by the phase wizard ("Try again" / "Continue anyway")	defect-found-by-blind-r2			FIXED: F7.4 SetupWizard	TRUE	ui-desktop/src/main/orchestrator/orchestrator.ts:169-190 — downloads proxy-router first then optional AI runtime/model/IPFS, starts proxy-router before optional services; orchestrator.ts:601-603,684-703 only proxy-router gates readiness so	UPHELD: tie-break T6 settled the 'Starting services' clause: replaced by SetupWizard. Kimi judged the download-ordering clause on the same line, which is true — two clauses, one row.
B08-037	P1	docs/consumers/install/windows.mdx	21	compatibility~loc	avx2-requirement	0	The first launch (and the first after each update) shows a **Starting services** screen: the app downloads the proxy-router first, then optional AI runtime / demo model / IPFS, and starts the **Pro...	docs/consumers/install/windows.mdx:21	UNVERIFIABLE-IN-REPO	No AVX2 reference anywhere in ui-desktop/src; this is a llama.cpp/CPU hardware requirement not asserted in-repo	S4	L3b-behavior	no									
B08-038	P1	docs/consumers/install/windows.mdx	38	procedure	windows-cleanup	1	rmdir /s /q %APPDATA%\morpheus-app	docs/consumers/install/windows.mdx:38	TRUE	No productName override -> Electron default Windows userData %APPDATA%\morpheus-app, matching the doc's own cleanup path	-	L3b-behavior	yes	TRUE	ui-desktop/package.json:2 name is morpheus-app with no productName in that file, so Electron userData is %APPDATA%\morpheus-app; orchestrator.ts:815 puts service state under app.getPath('userData')	confirmed-r2						
B08-039	P1	docs/consumers/quickstart.mdx	10	behavior	auto-download-services-qs	0	The consumer release is a **single desktop app** per OS. On first launch, the app downloads and manages the services it needs:	docs/consumers/quickstart.mdx:10	TRUE	orchestrator.ts:169-190 confirms single app auto-downloads/manages proxy-router (required) plus optional services on first launch	-	L3b-behavior	yes	TRUE	ui-desktop/src/main/orchestrator/orchestrator.ts:170-190 downloads then manages proxy-router/AI/model/IPFS on launch; .github/workflows/build.yml:3026-3305 ship one app artifact per OS	confirmed-r2						
B08-040	P1	docs/consumers/quickstart.mdx	26	requirement	macos-arm64-filename	0	| macOS (Apple Silicon) | `mac-arm64-morpheus-app-<version>.dmg` |	docs/consumers/quickstart.mdx:26	TRUE	.github/workflows/build.yml:3026-3027 artifact mac-arm64-morpheus-app-<version>.dmg	-	L3b-behavior	yes	TRUE	.github/workflows/build.yml:3026 uploads ./ui-desktop/dist/mac-arm64-morpheus-app-<vfull>.dmg, matching electron.builder.config.ts:47 artifactName ${os}-${arch}-${name}-${version}.${ext}	confirmed-r2						
B08-041	P1	docs/consumers/quickstart.mdx	27	requirement	macos-intel-filename	0	| macOS (Intel) | `mac-x64-morpheus-app-<version>.dmg` |	docs/consumers/quickstart.mdx:27	TRUE	.github/workflows/build.yml:3219-3220 artifact mac-x64-morpheus-app-<version>.dmg	-	L3b-behavior	yes	TRUE	build.yml:3219 dmg path; electron.builder.config.ts:24 artifactName	confirmed						
B08-042	P1	docs/consumers/quickstart.mdx	28	requirement	linux-x64-filename	0	| Linux (x64) | `linux-x86_64-morpheus-app-<version>.AppImage` |	docs/consumers/quickstart.mdx:28	TRUE	.github/workflows/build.yml:3090-3091 artifact linux-x86_64-morpheus-app-<version>.AppImage	-	L3b-behavior	yes	TRUE	ui-desktop/electron.builder.config.ts:54 artifactName ${os}-${arch}-${name}-${version}; builder-util/out/arch.js:62 maps x64 to x86_64 for AppImage; build.yml:3090 ships that exact filename	confirmed-r2						
B08-043	P1	docs/consumers/quickstart.mdx	29	requirement	linux-arm64-filename	0	| Linux (ARM64) | `linux-arm64-morpheus-app-<version>.AppImage` |	docs/consumers/quickstart.mdx:29	TRUE	.github/workflows/build.yml:3154-3155 artifact linux-arm64-morpheus-app-<version>.AppImage	-	L3b-behavior	yes	TRUE	build.yml:3154 uploads ui-desktop/dist/linux-arm64-morpheus-app-VFULL.AppImage from yarn build:linux-arm64; electron.builder.config.ts:54 artifactName is os-arch-name-version, name=morpheus-app	confirmed-r2						
B08-044	P1	docs/consumers/quickstart.mdx	30	requirement	windows-x64-filename	0	| Windows (x64) | `win-x64-morpheus-app-<version>.exe` (portable) |	docs/consumers/quickstart.mdx:30	TRUE	.github/workflows/build.yml:3305-3306 artifact win-x64-morpheus-app-<version>.exe	-	L3b-behavior	yes	TRUE	.github/workflows/build.yml:3305 publishes win-x64-morpheus-app-<version>.exe; ui-desktop/electron.builder.config.ts:21 win target is 'portable' with artifactName os-arch-name-version	confirmed-r2						
B08-045	P1	docs/consumers/quickstart.mdx	35	procedure	macos-dmg-install	0	Open the `.dmg` and drag **MorpheusUI** into **Applications**. The build is not notarized, so clear the quarantine flag once before the first launch:	docs/consumers/quickstart.mdx:35	TRUE	ui-desktop/electron.builder.config.ts:44-45 'notarize: false' with comment confirming a signed-but-UNNOTARIZED DMG, refused by Gatekeeper elsewhere	-	L3b-behavior	yes	TRUE	ui-desktop/electron.builder.config.ts:5 productName MorpheusUI, :37 dmg target, :46 notarize:false; CI mac job build.yml:3022 runs yarn build:mac-arm64 so the released DMG is unnotarized	confirmed-r2						
B08-046	P1	docs/consumers/quickstart.mdx	37	procedure	macos-quarantine-clear	1	xattr -c /Applications/MorpheusUI.app	docs/consumers/quickstart.mdx:37	TRUE	Same evidence as B08-045: unnotarized build requires clearing the quarantine flag via xattr -c	-	L3b-behavior	yes	TRUE	ui-desktop/electron.builder.config.ts:5 productName MorpheusUI yields MorpheusUI.app; :45 notarize false and build.yml:3021 runs yarn build:mac-arm64 with no notarytool step	confirmed-r2						
B08-047	P1	docs/consumers/quickstart.mdx	56	behavior~loc	proxy-router-download-first	0	- **Downloading** — the app fetches the proxy-router first (required), then best-effort downloads for the `llama.cpp` AI runtime, the `tinyllama` demo model, and an IPFS node, skipping anything alr...	docs/consumers/quickstart.mdx:56	STALE	ui-desktop/orchestrator.config.ts:44-49 bundled demo model is qwen2.5-1.5b-instruct, not tinyllama; download-order/best-effort behavior itself is TRUE (orchestrator.ts:169-190)	S3	L3b-behavior	no									
B08-048	P1	docs/consumers/quickstart.mdx	57	behavior~loc	proxy-router-required-startup	0	- **Startup** — **Proxy Router** starts first (required for onboarding and marketplace use). IPFS, AI Runtime, and Container Runtime are optional and started afterward; a failure there does not blo...	docs/consumers/quickstart.mdx:57	TRUE	orchestrator.ts:169-190 Proxy Router required/first, IPFS/AI/Container Runtime optional and non-blocking on failure	-	L3b-behavior	no	TRUE	orchestrator.ts:169-190 awaits downloadProxyRouter then startProxyRouter first; ipfs, aiRuntime, containerRuntime run via startOptionalService:432-452 which swallows their failures	confirmed-r2						
B08-049	P1	docs/consumers/quickstart.mdx	59	behavior~loc	docker-not-installed	0	**Container Runtime** (Docker) is only *detected*, never installed — it is needed solely for containerized agent features. Local AI Runtime is only for the free `tinyllama` demo; remote Morpheus mo...	docs/consumers/quickstart.mdx:59	STALE	containerRuntime detect-only part TRUE (orchestrator.ts:423-429), but 'tinyllama demo' naming is stale — bundled model is qwen2.5-1.5b-instruct (orchestrator.config.ts:44-49)	S3	L3b-behavior	no									
B08-050	P1	docs/consumers/quickstart.mdx	80	requirement	minimum-stake-5	0	Click **Change Model**, select a remote provider model, click **Change**, then **Open Session**. Stake at least `5` MOR (contract minimum). Chat away.	docs/consumers/quickstart.mdx:80	FALSE	Same as B08-001: SessionStorage.sol:34 floor is 5-min duration, not a fixed 5 MOR; required stake scales with the chosen bid's pricePerSecond, can be far above or below 5 MOR	S2	L3b-behavior	yes									
B08-051	P1	docs/consumers/quickstart.mdx	83	procedure	manual-session-close	0	- Manually close all remote sessions: in the Chat window, click the time icon next to the model line, then the **X** next to each open session.	docs/consumers/quickstart.mdx:83	FALSE	ChatHistory.tsx:386-393 each open session has a text Close button plus a confirm panel in the drawer Sessions tab, not an X; IconX at :125 only cancels a title edit	S2	L3b-behavior	yes	FALSE	ChatHistory.tsx:386-393 each open session has a text Close button plus a confirm panel in the drawer Sessions tab, not an X; IconX at :125 only cancels a title edit	defect-found-by-blind-r2			FIXED: F7.5 Close button	FALSE	ui-desktop/src/renderer/src/components/chat/Chat.tsx:2760 & ChatHistory.tsx:378-393 — the header icon is IconHistory ("Chat history"), and the Sessions tab per-session control renders the text "Close" (CloseBtn), not an "X"; no time-icon or	
B08-052	P1	docs/consumers/quickstart.mdx	102	procedure	macos-cleanup	1	rm -rf ~/Library/Application\ Support/MorpheusUI	docs/consumers/quickstart.mdx:102	TRUE	Harmless rm of a path that is part of the doc's own defensive two-path cleanup snippet; the accompanying morpheus-app line (also in the doc) is the one that actually matches app.name	-	L3b-behavior	yes	TRUE	ui-desktop/electron.builder.config.ts:5 productName MorpheusUI and ui-desktop/package.json name morpheus-app — both userData folder names the page lists	confirmed-r2						
B08-053	P1	docs/consumers/quickstart.mdx	111	procedure	linux-cleanup-morpheus	1	rm -rf ~/.config/morpheus-app	docs/consumers/quickstart.mdx:111	TRUE	No productName override -> Linux userData default ~/.config/morpheus-app, matching this cleanup command	-	L3b-behavior	yes	TRUE	ui-desktop/package.json:2 "name": "morpheus-app" and no productName key, so Electron app.getName drives userData; orchestrator.ts:815 uses app.getPath('userData') = ~/.config/morpheus-app	confirmed-r2						
B08-054	P1	docs/consumers/troubleshooting.mdx	16	behavior	top-level-address-only	0	- [Why is my MOR locked in the contract?](/ai/why-locked-in-contract)	docs/consumers/troubleshooting.mdx:16	TRUE	Linked page docs/ai/why-locked-in-contract.mdx exists; row's token/verbatim mismatch (a plain nav link, not a tier-1-address claim) but link resolves	S4	L3b-behavior	yes	TRUE	docs/ai/why-locked-in-contract.mdx exists so the marked link target resolves; the packet's top-level-address token belongs to line 20, not to this bullet	confirmed-r2						
B08-055	P1	docs/consumers/troubleshooting.mdx	20	requirement	tier1-wallet-recovery	0	You probably recovered a **derived** address from your mnemonic. MorpheusUI only resolves the top-level address from a mnemonic. Use a tier-1 wallet, or import the private key directly.	docs/consumers/troubleshooting.mdx:20	FALSE	ImportFlow.jsx:113 select one of 10 derived accounts; handlers.ts:1014-1021 derives 0..9	S3	L3b-behavior	yes	FALSE	ImportFlow.jsx:113 select one of 10 derived accounts; handlers.ts:1014-1021 derives 0..9	defect-found-by-blind			FIXED: F5.2 derived accounts	FALSE	ui-desktop/src/renderer/src/components/onboarding/ImportFlow.jsx:113,213 — ImportFlow lets users pick 1 of 10 mnemonic-derived addresses (onSuggestAddress handlers.ts:1014-1022) and stores derivationPath (handlers.ts:853); private key impor	
B08-056	P1	docs/consumers/troubleshooting.mdx	25	behavior	stake-claimable-after-1-day	0	- The provider may be down. Close the session; unused stake returns immediately, and the used stipend in `userStakesOnHold` becomes claimable via `withdrawUserStakes` after ~1 UTC day:	docs/consumers/troubleshooting.mdx:25	STALE	Same as B08-004: stake_claimer.go + controller.go:93-95 auto-sweep matured stake; doc's 'becomes claimable via withdrawUserStakes' omits this now-automatic recovery	S2	L3b-behavior	yes									
B08-057	P1	docs/consumers/troubleshooting.mdx	27	procedure	close-session-api	1	curl -X POST 'http://localhost:8082/blockchain/sessions/<sessionId>/close' \	docs/consumers/troubleshooting.mdx:27	TRUE	proxy-router/internal/blockchainapi/controller.go:77 POST /blockchain/sessions/:id/close route exists exactly as shown	-	L3b-behavior	yes	TRUE	proxy-router/internal/blockchainapi/controller.go:77 registers POST /blockchain/sessions/:id/close behind CheckAuth basic-auth; config.go:181 defaults web address to 0.0.0.0:8082	confirmed-r2						
B08-058	P1	docs/consumers/troubleshooting.mdx	34	behavior~loc	tinyllama-demo-only	0	The local `tinyllama` demo (downloaded by the desktop app on first launch) is a **demonstration model only**. It will hallucinate, miscount, and contradict itself. Don't compare it to a real Morphe...	docs/consumers/troubleshooting.mdx:34	STALE	ui-desktop/orchestrator.config.ts:44-49: bundled demo is qwen2.5-1.5b-instruct, switched away from TinyLlama specifically for being incoherent; 'tinyllama' naming and its quality complaint are stale	S2	L3b-behavior	no									
B08-059	P1	docs/consumers/troubleshooting.mdx	40	procedure	xattr-quarantine-fix	1	- macOS: ensure `xattr -c` removed the quarantine flag from the app.	docs/consumers/troubleshooting.mdx:40	TRUE	electron.builder.config.ts:44-45 notarize:false confirms macOS quarantine-flag fix is required	-	L3b-behavior	yes	TRUE	ui-desktop/electron.builder.config.ts:44-46 builds are signed but unnotarized so Gatekeeper refuses them; CI build.yml:3021 has no signing creds; xattr -c documented at quickstart.mdx:37	confirmed-r2						
B08-060	P1	docs/consumers/troubleshooting.mdx	50	procedure	xattr-standalone-binary	0	If you run a standalone `proxy-router` binary, clear it there too: `xattr -c proxy-router`.	docs/consumers/troubleshooting.mdx:50	TRUE	No codesign/notarize step for the proxy-router binary anywhere in .github/workflows/build.yml, so a downloaded standalone binary also carries the quarantine flag	-	L3b-behavior	yes	TRUE	proxy-router/build.sh:60 builds -o ./proxy-router; docs/providers/full/quickstart.mdx:52 renames the downloaded mac artifact to proxy-router then runs xattr -c on it, so the name matches	confirmed-r2						
B09-001	P1	docs/concepts/rewards-and-economics.mdx	9	economics	two-reward-systems	0	The most common conceptual mix-up in support is treating "Morpheus rewards" as one thing. There are **two distinct, independent reward systems** with different mechanics, different contracts, and diff	SessionRouter	TRUE	Established by exhaustion in-repo: provider stake is read only at SessionRouter.sol:383 (claim limiter) and ProviderRegistry.sol:104 (withdrawable bond); no Capital-Contract call path exists anywhere under smart-contracts/contracts/.	-	L5-economics	yes	TRUE	smart-contracts/contracts/ holds only the marketplace Diamond (no capital/emissions contract); SessionRouter.sol:374-405 pays per session with no coupling to any staking program	confirmed-r2						
B09-002	P1	docs/concepts/rewards-and-economics.mdx	26	economics	session-payout-formula	0	**How it's earned:** for every consumer session that closes against your bid, the contract pays you `pricePerSecond × duration` (capped by your proportional stake limit, see below). Payment happens **	SessionRouter	TRUE	SessionRouter.sol:264 pays (sessionEnd_ - openedAt) * bid.pricePerSecond - withdrawn, with sessionEnd_ = min(closedAt, endsAt) at :257, capped at :383-385 by stake - limitPeriodEarned; invoked from closeSession at :230.	-	L5-economics	yes	TRUE	SessionRouter.sol:264 reward = (sessionEnd-openedAt)*pricePerSecond; :374-405 stake cap, fundingAccount transferFrom vs direct-payment safeTransfer (from escrow taken at open, not a live pull)	confirmed-r2						
B09-003	P1	docs/concepts/rewards-and-economics.mdx	26	economics	funding-account-payout	0	**How it's earned:** for every consumer session that closes against your bid, the contract pays you `pricePerSecond × duration` (capped by your proportional stake limit, see below). Payment happens **	SessionRouter	TRUE	SessionRouter.sol:394-402 - isDirectPaymentFromUser routes safeTransfer to the provider out of escrow, else safeTransferFrom(fundingAccount, provider). Per-second rate is identical: both take amount_ from the same :264 formula.	-	L5-economics	yes	TRUE	SessionRouter.sol:230 closeSession calls _rewardProviderAfterClose; :264 rewards are duration x pricePerSecond; :374-401 caps at stake and pays from fundingAccount unless isDirectPaymentFromUser	confirmed-r2						
B09-004	P1	docs/concepts/rewards-and-economics.mdx	30	economics	reward-limiter-period	0	**Cap:** `PROVIDER_REWARD_LIMITER_PERIOD` (currently 1 day) caps how much a provider can earn per period proportional to their staked amount. Beyond the cap, sessions still bill the consumer but the p	SessionRouter	FALSE	ProviderStorage.sol:21 - PROVIDER_REWARD_LIMITER_PERIOD = 365 days, not 1 day, so a capped provider waits up to a year. Also the cap EQUALS the full stake (SessionRouter.sol:383), not merely 'proportional to' it.	S1	L5-economics	yes	FALSE	ProviderStorage.sol:21 PROVIDER_REWARD_LIMITER_PERIOD = 365 days, used SessionRouter.sol:379	confirmed			FIXED: F4.1 365 days	FALSE	smart-contracts/contracts/diamond/storages/ProviderStorage.sol:21 — constant is `365 days`, not 1 day; limiter本身存在于 `SessionRouter.sol::_claimForProvider` (SessionRouter.sol:374-391, cap = provider.stake - limitPeriodEarned per period)，但"1	
B09-005	P1	docs/concepts/rewards-and-economics.mdx	38	economics	staker-rewards	0	**Who earns:** any MOR holder who locks MOR in the Capital Contract / stake-for-liquidity program.	CapitalContract	UNVERIFIABLE-IN-REPO	The Capital Contract is not in this repo; smart-contracts/contracts/ contains no stake-for-liquidity code. Settles only by reading the Ethereum L1 Distribution/Capital contract referenced in the SessionRouter.sol:56-60 comment.	S4	L5-economics	yes									
B09-006	P1	docs/concepts/rewards-and-economics.mdx	40	economics	locked-mor-emissions	0	**How it's earned:** locked MOR earns emission-style rewards over time. The reward formula is governed by the Capital Contract, **not by this repo's Compute Node contracts**.	CapitalContract	UNVERIFIABLE-IN-REPO	In-repo half checks out (no emission formula for locked MOR; LinearDistributionIntervalDecrease at SessionRouter.sol:488 only mirrors L1 pools for the stipend). The emissions claim itself needs the L1 Capital contract source to settle.	S4	L5-economics	yes									
B09-007	P1	docs/concepts/rewards-and-economics.mdx	46	economics	no-node-required	0	**No node required.** This system is a pure DeFi staking flow. You don't run software; you just lock tokens.	N/A	UNVERIFIABLE-IN-REPO	Capital Contract behaviour is outside this repo; nothing under smart-contracts/contracts/ implements a node-free staking flow. Settles by reading the L1 Distribution/Capital contract source.	S4	L5-economics	yes									
B09-008	P1	docs/concepts/rewards-and-economics.mdx	65	economics	provider-stake-refundable	0	- The on-chain provider stake (the `0.2` MOR or `10000` MOR refundable bond) **is part of System 1**, not System 2 — depositing it does not enrol you in stake-for-liquidity.	ProviderRegistry	AMBIGUOUS	System-1 claim TRUE: stake is read only at SessionRouter.sol:383 and ProviderRegistry.sol:104. But 0.2 is sepolia-only (config_base_mainnet.json:4 = 0.1), no 10000 subnet tier exists, and refunds are capped at stake - limitPeriodEarned.	S2	L5-economics	yes									
B09-009	P1	docs/concepts/rewards-and-economics.mdx	71	economics	stake-no-emissions	0	**No.** The "proportional to your stake" wording in System 1 means the **per-period earnings cap**, not a separate staking reward. Your provider stake is a refundable bond that lets you participate; i	ProviderRegistry	AMBIGUOUS	Cap claim TRUE and stronger than stated - SessionRouter.sol:383 caps at the FULL stake, not 'proportional'. No emissions path exists in-repo. But 'refundable bond' omits ProviderRegistry.sol:99-105's stake - limitPeriodEarned claw-back.	S2	L5-economics	yes	TRUE	SessionRouter.sol:383 cap = stake - limitPeriodEarned; ProviderRegistry.sol:99-105 refund	disputed				TRUE	smart-contracts/contracts/diamond/facets/SessionRouter.sol:374-402 — `_claimForProvider` caps payout at `provider.stake - limitPeriodEarned` per `PROVIDER_REWARD_LIMITER_PERIOD` (ProviderStorage.sol:21); stake is refunded via `providerDereg	
B09-010	P1	docs/concepts/sessions-stake-close-recover.mdx	52	economics	endsAt-calc	0	`openSession` does `transferFrom(you, Diamond, amount)`. The whole stake moves out of your wallet into the Inference Contract for the duration of the session. Scheduled `endsAt` comes from stake →	SessionRouter	TRUE	SessionRouter.sol:104 safeTransferFrom(user_, address(this), amount_); :168-176 getSessionEnd = openedAt + min(stakeToStipend(amount)/pricePerSecond, maxSessionDuration), with maxSessionDuration = 7 days (1_full_protocol.migration.ts:111).	-	L5-economics	yes	TRUE	smart-contracts/contracts/diamond/facets/SessionRouter.sol:104 safeTransferFrom(user_, address(this), amount_); :168-174 getSessionEnd = stakeToStipend/pricePerSecond capped by maxSessionDuration	confirmed-r2						
B09-011	P1	docs/concepts/sessions-stake-close-recover.mdx	60	economics	sessionEnd-formula	0	Refund math does **not** treat "late" vs "early" as a special case that skips the lock. It anchors to when the session stopped consuming compute: `sessionEnd = min(closedAt, endsAt)`.	SessionRouter	TRUE	SessionRouter.sol:296 - sessionEnd_ = uint128(session.closedAt.min(session.endsAt)); the lock gate at :305 is a timestamp test, not an early/late branch. Both late-close cases are covered by SessionRouter.test.ts:598 and :617.	-	L5-economics	yes	TRUE	SessionRouter.sol:296 sessionEnd_ = closedAt.min(endsAt) drives startOfTheDay+1day release for the user refund; :257 uses the same anchor for provider rewards	confirmed-r2						
B09-012	P1	docs/concepts/sessions-stake-close-recover.mdx	66	economics	used-stipend-daylock	0	- **Used stipend** (session time × `pricePerSecond`, converted back to stake) is pushed to `userStakesOnHold` with `releaseAt = startOfTheDay(sessionEnd) + 1 day`, **if you close before that times	SessionRouter	AMBIGUOUS	Formula and releaseAt are right (SessionRouter.sol:297-311), but the locked slice is not whole-session time: :306 userDuration_ = sessionEnd_ - max(openedAt, startOfEndDay_) - only the final UTC day's usage locks.	S3	L5-economics	yes									
B09-013	P1	docs/concepts/sessions-stake-close-recover.mdx	91	economics	auto-close-daylock	0	- Letting sessions expire naturally does **not** free the used stake for immediate reuse — the node auto-close still day-locks it.	SessionRouter	TRUE	SessionRouter.sol:305 locks whenever block.timestamp < startOfTheDay(min(closedAt,endsAt)) + 1 day, which a ~1-minute auto-close satisfies. SessionRouter.test.ts:617-634 shows hold_ > 0 for a close at endsAt+100.	-	L5-economics	yes	TRUE	SessionRouter.sol:296-312 anchors releaseAt to startOfTheDay(min(closedAt,endsAt)) + 1 day, so a natural-expiry close on the same UTC day still pushes the used slice to userStakesOnHold	confirmed-r2						
B09-014	P1	docs/concepts/sessions-stake-close-recover.mdx	100	economics	payment-not-from-stake	0	3. **`_rewardProviderAfterClose`** — pays the provider for time actually used. For typical staked sessions, the payment comes from the protocol's separate **`fundingAccount` via `transferFrom`**, **no	SessionRouter	TRUE	SessionRouter.sol:397-401 - the non-direct-pay path does safeTransferFrom(fundingAccount, bid.provider, amount_). The user's stake is settled separately in _rewardUserAfterClose (:293-316) and is never touched by that step.	-	L5-economics	yes	TRUE	SessionRouter.sol:290 _rewardProviderAfterClose calls _claimForProvider, which at :393-399 uses safeTransferFrom(fundingAccount, provider, amount) whenever isDirectPaymentFromUser is false	confirmed-r2						
B09-015	P1	docs/concepts/sessions-stake-close-recover.mdx	145	economics	consumer-minimum	0	- **Consumer session open**: `5` MOR minimum.	SessionRouter	FALSE	No MOR session floor exists. SessionStorage.sol:34 MIN_SESSION_DURATION = 5 minutes is the only floor (SessionRouter.sol:147); required MOR is stipend-derived at :169. Clients compute it: proxy-router service.go:1561, marketplace.ts:230.	S2	L5-economics	yes	FALSE	no MOR-denominated consumer minimum; MIN_SESSION_DURATION 5 minutes is the only 5	confirmed			FIXED: F3.1 no MOR floor			
B09-016	P1	docs/concepts/sessions-stake-close-recover.mdx	146	economics	bid-floor	0	- **Bid price floor**: `10000000000` wei/sec (`0.00000001` MOR/sec).	Marketplace	FALSE	1e10 wei matches no deployed config: config_base_mainnet.json:7 = 1e13 (0.00001 MOR/s), sepolia:7 = 5e15, enforced at Marketplace.sol:81. 1e10 appears only commented out at deploy/2_change_bid_price.migration.ts:14.	S2	L5-economics	yes									
B09-017	P1	docs/concepts/sessions-stake-close-recover.mdx	147	economics	provider-stake-min	0	- **Provider stake**: `0.2` MOR (or `10000` MOR for a subnet provider).	ProviderRegistry	FALSE	config_base_mainnet.json:4 providerMinStake = 1e17 (0.1 MOR), not 0.2 (sepolia value). No subnet tier exists: ProviderRegistry.sol:41 checks one providerMinimumStake and DelegateFactory.sol / ProvidersDelegate.sol declare no stake minimum.	S2	L5-economics	yes									
B09-018	P1	docs/concepts/tokens-and-fees.mdx	9	economics	mor-payment-unit	0	Two tokens, one chain. **MOR** is the unit of payment inside the Morpheus marketplace; **ETH on BASE** pays the underlying gas to the BASE Layer-2 network.	SessionRouter	TRUE	One ERC-20 (BidsStorage.token, set Marketplace.sol:35) carries every value flow - ProviderRegistry.sol:34, ModelRegistry.sol:52, Marketplace.sol:86, SessionRouter.sol:104 and :395/:397. Chain is BASE 8453 (proxy-router/.env.example:18).	-	L5-economics	yes	TRUE	SessionRouter.sol:104 all session value moves in the MOR ERC-20 (bidsStorage.token); Dockerfile.tee:12,16 and docs env pin ETH_NODE_CHAIN_ID=8453 so gas is ETH on BASE	confirmed-r2						
B09-019	P1	docs/concepts/tokens-and-fees.mdx	16	economics	mor-uses	0	| Used for | Provider stake, model stake, bid fees, consumer session stake, settlement | All BASE transaction gas |	SessionRouter	TRUE	All five uses are the same token: ProviderRegistry.sol:34 provider stake, ModelRegistry.sol:52 model stake, Marketplace.sol:86 bid fee, SessionRouter.sol:104 session stake, :395/:397 settlement. Gas is native ETH on BASE.	-	L5-economics	yes	TRUE	ProviderRegistry.sol:34 provider stake, ModelRegistry.sol:52 model stake, Marketplace.sol:87 bidFee, SessionRouter.sol:104 session stake, SessionRouter.sol:397 settlement - all one bids token	confirmed-r2						
B09-020	P1	docs/concepts/tokens-and-fees.mdx	26	economics	session-total-min	0	Total = `pricePerSecond * sessionDuration` (minimum `5` MOR). Paid in MOR, escrowed in the Inference Contract on `openSession`. On close, **unused** stake returns immediately; the **used stipend**	SessionRouter	FALSE	Doc describes pool mode but gives the direct-pay formula. Pool escrow = stipendToStake (SessionRouter.sol:408-414): cost * totalMORSupply * 100 / computeBalance, ~317x price*duration. No 5 MOR floor exists in any contract.	S1	L5-economics	yes	FALSE	SessionStorage.sol:34 MIN_SESSION_DURATION=5 minutes enforced SessionRouter.sol:146-148 — duration floor, no MOR floor	confirmed			FIXED: F3.2 pool escrow formula	UNSUPPORTED	smart-contracts deploy configs (config_base_mainnet.json:4-5) only define providerMinStake/modelMinStake; the sole session floor is MIN_SESSION_DURATION (SessionStorage.sol:34). Refund/lock/fundingAccount semantics in SessionRouter.sol:104,	
B09-021	P1	docs/concepts/tokens-and-fees.mdx	26	economics	stake-return-and-lock	0	Total = `pricePerSecond * sessionDuration` (minimum `5` MOR). Paid in MOR, escrowed in the Inference Contract on `openSession`. On close, **unused** stake returns immediately; the **used stipend**	SessionRouter	FALSE	no 5-MOR floor; SessionStorage.sol:34 MIN_SESSION_DURATION 5 minutes is the only minimum	S3	L5-economics	yes	FALSE	no 5-MOR floor; SessionStorage.sol:34 MIN_SESSION_DURATION 5 minutes is the only minimum	defect-found-by-blind			FIXED: F3.2 no 5 MOR floor			
B09-022	P1	docs/concepts/tokens-and-fees.mdx	30	economics	provider-bond-min	0	Refundable bond posted when registering a provider. Minimum `0.2` MOR for a normal provider, `10000` MOR for a subnet provider. Returned (minus penalties) on provider deregistration.	ProviderRegistry	FALSE	config_base_mainnet.json:4 = 0.1 MOR, not 0.2, and no 10000 subnet tier exists (ProviderRegistry.sol:41 checks one minimum). 'Returned' is capped too: ProviderRegistry.sol:104 returns only stake - limitPeriodEarned.	S2	L5-economics	yes									
B09-023	P1	docs/concepts/tokens-and-fees.mdx	34	economics	model-stake-min	0	Refundable bond posted when registering a model. Minimum `0.1` MOR.	Marketplace	TRUE	config_base_mainnet.json:5 and config_base_sepolia.json:5 both set modelMinStake = 1e17 (0.1 MOR) via 1_full_protocol.migration.ts:116; enforced at ModelRegistry.sol:46 and refunded in full at :87-95.	-	L5-economics	yes	TRUE	smart-contracts/deploy/data/config_base_mainnet.json:5 modelMinStake 1e17 wei = 0.1 MOR; ModelRegistry.sol:87-95 transfers model.stake back on deregister, so it is refundable	confirmed-r2						
B09-024	P1	docs/concepts/tokens-and-fees.mdx	38	economics	bid-fee	0	Non-refundable fee paid when posting a bid. `0.3` MOR.	Marketplace	FALSE	Non-refundable is right (Marketplace.sol:86-87 into feeBalance, owner-only withdraw at :128). Value wrong: config_base_mainnet.json:6 marketplaceBidFee = 1e17 (0.1 MOR); 0.3 MOR is config_base_sepolia.json:6.	S3	L5-economics	yes									
B09-025	P1	docs/concepts/tokens-and-fees.mdx	50	economics	provider-setup-cost	0	+ model stake (0.1)	ProviderRegistry	FALSE	The block totals ~0.6 MOR; on mainnet it is 0.3 - config_base_mainnet.json:4-6 gives 0.1 provider + 0.1 model + 0.1 bid fee. Only the quoted 0.1 model-stake term matches (ModelRegistry.sol:46).	S3	L5-economics	yes									
B09-026	P1	docs/concepts/tokens-and-fees.mdx	62	economics	session-escrow-min	0	(minimum 5 MOR escrowed at open)	SessionRouter	FALSE	Pool-mode escrow is stipendToStake(price*duration) = cost * totalMORSupply * 100 / computeBalance (SessionRouter.sol:408-414), ~317x larger than price*duration; proxy-router service.go:1561 uses supply*cost/budget. No 5 MOR floor exists.	S1	L5-economics	yes	FALSE	SessionStorage.sol:34 + SessionRouter.sol:146-148 — only open-time floor is 5 minutes duration; openSession :83-119 no minimum on amount_	confirmed			FIXED: F3.3 stipend-derived	FALSE	smart-contracts/contracts/diamond/storages/SessionStorage.sol:34 + smart-contracts/contracts/diamond/facets/SessionRouter.sol:147 — contract enforces only MIN_SESSION_DURATION=300s (stake = pricePerSecond × duration, UI floor 305s → e.g. 0.	
B09-027	P1	docs/concepts/tokens-and-fees.mdx	71	economics	compute-node-payouts	0	1. **Compute Node session payouts** (this repo): providers earn MOR per second of sessions they serve. Paid inside `closeSession`. Tied to your provider stake's per-period limiter, but the stake itsel	SessionRouter	TRUE	SessionRouter.sol:230/290 pays inside closeSession; :383 ties the payout ceiling to provider.stake via the limiter; the stake itself earns nothing (no emission path in-repo; its only other use is the ProviderRegistry.sol:104 withdrawal).	-	L5-economics	yes	TRUE	SessionRouter.sol:264 pays (sessionEnd-openedAt)*pricePerSecond via _claimForProvider reached from closeSession:230; :383 caps at stake-limitPeriodEarned; ProviderRegistry.sol:99 refunds stake	confirmed-r2						
B09-028	P1	docs/concepts/tokens-and-fees.mdx	74	economics	stake-not-capital	0	Your provider stake **is not** enrolled in the Capital Contract. See [Rewards and economics](/concepts/rewards-and-economics) for the side-by-side breakdown.	ProviderRegistry	TRUE	Provider stake never leaves the Diamond except via ProviderRegistry.sol:86 (deregister refund); its only other read is the SessionRouter.sol:383 limiter. No external staking contract is called anywhere under smart-contracts/contracts/.	-	L5-economics	yes	TRUE	ProviderRegistry.sol:34 moves provider stake into the diamond itself and :86 returns it on withdraw; no capital or emission contract exists anywhere under smart-contracts/contracts	confirmed-r2						
B09-029	P1	docs/concepts/architecture.mdx	18	architecture	router-ports	0	Listens on `:3333` (TCP, public) for consumer connections; `:8082` (HTTP, private/admin) for the API and Swagger. Uses [`models-config.json`](/reference/models-config) to map on-chain `modelId` →	proxy-router	TRUE	proxy-router/internal/config/config.go:178,181 defaults Proxy.Address=0.0.0.0:3333, Web.Address=0.0.0.0:8082	-	L3b-behavior	yes									
B09-030	P1	docs/concepts/architecture.mdx	21	architecture	diamond-register-match	0	The **Diamond marketplace contract** plus the MOR ERC-20 token. The contracts **register** providers and models, **match** consumers with providers, and **secure** connections via verifiable on-ch	SessionRouter	TRUE	smart-contracts Marketplace.go/ModelRegistry.go bindings expose provider/model registration, bid posting/matching, matching the described contract role	-	L3b-behavior	yes									
B09-031	P1	docs/concepts/architecture.mdx	76	architecture	p2p-never-middleman	0	Once a session is established, **prompts and responses flow peer-to-peer between consumer and provider** — they never traverse a Morpheus-operated server. The blockchain only sees session open / close	proxy-router	TRUE	proxy-router/internal/proxyapi/proxy_sender.go:571,822 net.Dialer opens a direct TCP connection to the provider endpoint (no relay server)	-	L3b-behavior	yes									
B09-032	P1	docs/concepts/local-vs-onchain-models.mdx	26	behavior	local-model-label	0	Look at the model selector at the top of the **Chat** screen. If it says **"Local Model"** you are talking to the bundled `llama.cpp` server on `localhost:8080`. If it says a real model name like `LMR	proxy-router	FALSE	ui-desktop/env.schema.ts:43 SERVICE_AI_API_PORT default is 3434, not 8080; the bundled local llama.cpp/AI runtime listens on 3434 by default	S2	L3b-behavior	yes									
B09-033	P1	docs/concepts/local-vs-onchain-models.mdx	30	behavior	session-id-routing	0	If you are sending prompts to `/v1/chat/completions` **without** a `session_id` header, you are routed to the local backend. **With** a `session_id` header, you are routed to the provider that opened	proxy-router	TRUE	proxy-router/internal/proxyapi/controller_http.go: session_id header optional; local backend used when absent, remote session used when present	-	L3b-behavior	yes									
B09-034	P1	docs/concepts/local-vs-onchain-models.mdx	41	behavior	tinyllama-demo	0	It exists **only to prove the stack works end-to-end without spending money**. The bundled `tinyllama` is a 1B-parameter demonstration model — it will hallucinate, fail simple tasks, and produce incon	proxy-router	STALE	ui-desktop/orchestrator.config.ts:44-49: bundled model is Qwen2.5-1.5B-Instruct (1.5B, not 1B) named tinyllama; comment states it replaced an incoherent TinyLlama-1.1B	S2	L3b-behavior	yes									
B09-035	P1	docs/concepts/tee-overview.mdx	9	architecture	tee-two-hop	0	TEE (Trusted Execution Environment) verification on Morpheus is a **two-hop chain**, with each hop attested separately. The on-chain `tee` tag on a model triggers both hops:	proxy-router	TRUE	Architecture matches verifier.go (Phase1, C-Node/consumer-side) + backend_verifier.go (Phase2, P-Node/provider-side), both gated by IsTeeModel's on-chain 'tee' tag (model_tags.go, service.go).	-	L7-tee	yes	TRUE	blockchainapi/service.go:1331 IsTeeModel(model.Tags) sets session IsTee; hop1 proxy_sender.go:753 verifyTEEAttestation, hop2 proxy_receiver.go:423 backendVerifier both gate on that flag	confirmed-r2						
B09-036	P1	docs/concepts/tee-overview.mdx	17	behavior	tee-compat	0	- A v6.0.0+ consumer paired with a v7.0.0+ provider gets the full chain transparently — **no consumer-side upgrade is needed** to benefit from Phase 2.	proxy-router	TRUE	git tags v6.0.0 and v7.0.0 both exist; Phase 2 (backend_verifier.go/proxy_receiver.go) is entirely P-Node-side code with no new consumer-facing protocol, so no consumer upgrade is needed.	-	L7-tee	yes	TRUE	Phase 2 is provider-local: cmd/main.go:346-366 startup attestation and proxy_receiver.go:423 per-prompt FastVerifyBackend; consumer path proxy_sender.go:753 runs only Phase 1, so it needs no change	confirmed-r2						
B09-037	P1	docs/concepts/tee-overview.mdx	44	architecture	tee-not-quality	0	- It does **not** prove the *quality* of the model's output. TEE attests the *software*, not the *answer*.	N/A	TRUE	Confirmed by full read of proxy-router/internal/attestation/*.go: no function anywhere scores or verifies output/answer quality; attestation only ever checks quotes/hashes/registers, never response content.	-	L7-tee	yes	TRUE	backend_verifier.go:157-300 AttestBackend checks only quote validity, TLS binding, RTMR3 replay, CPU-GPU nonce and NRAS; FastVerifyBackend:340 compares quote hash and TLS fp, never output	confirmed-r2						
B09-038	P1	docs/concepts/what-is-morpheus.mdx	46	behavior	p2p-peer-to-peer	0	Once a session is open, prompts and responses go **directly** between consumer and provider — no Morpheus-operated server in the data path. The blockchain only sees session open / close / settle,	proxy-router	TRUE	Same evidence as B09-031: proxy_sender.go dials the provider directly, no Morpheus-operated relay in the data path	-	L3b-behavior	yes									
B09-039	P1	docs/concepts/what-is-morpheus.mdx	49	economics	session-time-price	0	Pricing is **per-second of session time**, not per-token. Consumers stake MOR for a fixed duration; the MOR is escrowed on open. On close, unused stake returns immediately and the used stipend day	SessionRouter	TRUE	Pricing is per-second: BidStorage Bid.pricePerSecond, used at SessionRouter.sol:169 and :264. Escrow at :104; :314-315 returns unused stake at once; :311 day-locks the used stipend to startOfTheDay(sessionEnd) + 1 day.	-	L5-economics	yes	TRUE	SessionRouter.sol:103 escrows stake on open, :169 duration = stipend/pricePerSecond, :293-308 refunds unused and pushes used stipend to OnHold until startOfTheDay+1 day (:529)	confirmed-r2						
B09-040	P1	docs/concepts/what-is-morpheus.mdx	61	architecture	denominated-session-time	0	- **Not token-priced.** Pricing is denominated in **session time** (`pricePerSecond`), not tokens. Long contexts and short contexts cost the same per second.	SessionRouter	TRUE	smart-contracts Marketplace.go bindings: bids carry pricePerSecond, not a token-count field; pricing is time-denominated	-	L3b-behavior	yes									
B10-001	P1	docs/ai/myths.mdx	39	economics~loc	bid-floor-wei-min	0	No. The contract floor is bidPricePerSecondMin = 10000000000 wei (0.00000001 MOR/sec). Posting below that fails on chain.	Compute.sol or MarketPlace.sol	FALSE	'Fails on chain' is right (Marketplace.sol:80-84 reverts below bidMinPricePerSecond) but the number is not deployed: config_base_mainnet.json:7 = 1e13 wei, sepolia:7 = 5e15. 1e10 is only commented out at 2_change_bid_price.migration.ts:14.	S2	L5-economics	no									
B10-002	P1	docs/ai/myths.mdx	31	behavior~loc	phase2-inside-pnode	0	No. Phase 2 runs inside the v7+ provider's P-Node. Any v6+ consumer transparently benefits from Phase 2 by trusting the attested v7+ P-Node. Forward compatible. See [TEE overview](/concepts/tee-ove...		TRUE	proxy-router/internal/attestation/backend_verifier.go:103-113 implements the Phase-2 backend attestation endpoint inside the provider's own P-Node code path	-	L3b-behavior	no	TRUE	main.go:363 AttestBackend provider-side; no consumer path calls BackendVerifier	confirmed						
B10-003	P1	docs/ai/myths.mdx	19	behavior~loc	escrow-on-open	0	No. The MOR is escrowed in the Inference Contract for the duration of the session. On close, unused stake returns to your wallet inside the same closeSession transaction; the used stipend day-locks...		STALE	Escrow/day-lock formula matches SessionRouter.sol:293-315, but '(claim via withdrawUserStakes)' omits stake_claimer.go's automatic sweep (controller.go:93-95)	S2	L3b-behavior	no									
B10-004	P1	docs/ai/myths.mdx	105	behavior	base-l2	0	No, BASE. Morpheus settles on BASE, a Coinbase L2. Gas is paid in ETH on BASE (a separate balance from L1 ETH).		TRUE	proxy-router/internal/config/config.go + docker.mdx env show ETH_NODE_CHAIN_ID=8453 (BASE mainnet); gas paid in ETH on BASE per the same config	-	L3b-behavior	yes	TRUE	proxy-router/internal/repositories/ethclient/public.go:17 public RPC map keyed 8453 (BASE mainnet) and :10 84532; ui-desktop/.env.example:9 explorer basescan.org; no ETH-mainnet chain supported	confirmed-r2						
B10-005	P1	docs/ai/myths.mdx	83	behavior~loc	no-slashing	0	No. There is no traditional slashing in the Compute Node contracts. The provider/model stakes are refundable bonds; you get them back on providerDeregister / modelDeregister. The closest thing to a...		TRUE	smart-contracts SessionRouter.sol:279-291 dispute branch of _rewardProviderAfterClose + :358 claimForProvider(); ProviderRegistry/ModelRegistry deregister refund stake, no slashing path found	-	L3b-behavior	no	AMBIGUOUS	No slash logic exists and the dispute hold is real (SessionRouter.sol:266-290) but ProviderRegistry.sol:99-105 refunds only stake minus limitPeriodEarned inside the 365-day period	reclassified-r2						
B10-006	P1	docs/ai/session-states-open-close-recover.mdx	89	economics~loc	consumer-min-5mor	0	- Consumer session-open stake floor: 5 MOR.	Compute.sol	FALSE	No MOR session floor exists. SessionStorage.sol:34 MIN_SESSION_DURATION = 5 minutes is the only floor, checked at SessionRouter.sol:147; required MOR is stipend-derived (:169) and varies with pricePerSecond and the pool schedule.	S2	L5-economics	no									
B10-007	P1	docs/ai/session-states-open-close-recover.mdx	90	economics	provider-min-02mor	0	- Provider stake (refundable): 0.2 MOR (or 10000 MOR for subnet).	Compute.sol	FALSE	config_base_mainnet.json:4 providerMinStake = 1e17 (0.1 MOR), not 0.2. No subnet tier exists: ProviderRegistry.sol:40-44 checks a single providerMinimumStake, and DelegateFactory.sol / ProvidersDelegate.sol declare no stake minimum.	S2	L5-economics	yes	FALSE	config_base_mainnet.json:4 providerMinStake 0.1 MOR; 10000 subnet tier absent	confirmed			FIXED: F4.3 0.1 mainnet, no tier			
B10-008	P1	docs/ai/session-states-open-close-recover.mdx	91	economics~loc	bid-floor-wei-sec	0	- Bid price floor: 10000000000 wei/sec (0.00000001 MOR/sec).	Compute.sol	FALSE	1e10 wei matches no deployed config: config_base_mainnet.json:7 = 1e13 (0.00001 MOR/s), config_base_sepolia.json:7 = 5e15, enforced at Marketplace.sol:81. 1e10 is only a commented-out line at deploy/2_change_bid_price.migration.ts:14.	S2	L5-economics	no	FALSE	config_base_mainnet.json:7 is 1e13, sepolia 5e15; doc 1e10 is 1000x low	confirmed			FIXED: F2.3 floor 1e13			
B10-009	P1	docs/ai/session-states-open-close-recover.mdx	20	behavior	unused-same-txn	1	Closed --> [*]: unused stake safeTransferred in the same txn		TRUE	smart-contracts SessionRouter.sol:315 safeTransfer(session.user, ...) executes inside the same close-session function/txn	-	L3b-behavior	yes	TRUE	SessionRouter.sol:315 safeTransfer(session.user, userAmountToWithdraw_) inside _rewardUserAfterClose (:293), which closeSession calls at :229 — same transaction	confirmed-r2						
B10-010	P1	docs/ai/where-is-my-mor.mdx	9	behavior~loc	three-places	0	The vast majority of "my MOR is gone" reports are not lost MOR. Your MOR can only be in three on-chain places:		AMBIGUOUS	True for a consumer, false for the page's provider audience: providerRegister (ProviderRegistry.sol:34) and modelRegister (ModelRegistry.sol:52) also hold MOR in the Diamond, and bid fees sit in owner-only Marketplace.sol:87 feeBalance.	S2	L5-economics	no									
B10-011	P1	docs/ai/where-is-my-mor.mdx	13	behavior~loc	used-stipend-lock	0	3. userStakesOnHold queue — day-lock of the used stipend after close; releaseAt = startOfTheDay(min(closedAt, endsAt)) + 1 day.		TRUE	SessionRouter.sol:296-298 - sessionEnd_ = closedAt.min(endsAt); releaseAt_ = startOfTheDay(sessionEnd_) + 1 days; pushed to userStakesOnHold at :311. Exact match to the doc's formula.	-	L5-economics	no	TRUE	SessionRouter.sol:295-297 releaseAt = startOfTheDay(sessionEnd)+1 days; :529-530 UTC floor	confirmed						
B10-012	P1	docs/ai/why-locked-in-contract.mdx	32	economics~loc	provider-stakes-variants	0	If you registered as a provider, your provider stake (0.2 MOR for normal, 10000 MOR for subnet) is held in the contract for as long as the provider record is active.	Compute.sol	FALSE	config_base_mainnet.json:4 = 0.1 MOR, not 0.2, and no 10000 subnet tier exists. Also incomplete: deregistering returns only stake - limitPeriodEarned inside the 365-day period (ProviderRegistry.sol:99-105), not the whole bond.	S2	L5-economics	no									
B10-013	P1	docs/ai/why-locked-in-contract.mdx	38	economics	model-stake-01mor	0	Each registered model carries a 0.1 MOR refundable stake.	Compute.sol	TRUE	config_base_mainnet.json:5 and config_base_sepolia.json:5 both = 1e17; enforced at ModelRegistry.sol:46 and modelDeregister:87-95 returns model.stake in full with no limiter, so 'refundable' is exact for the model stake.	-	L5-economics	yes	TRUE	smart-contracts/deploy/data/config_base_mainnet.json:5 modelMinStake 1e17 = 0.1 MOR; ModelRegistry.sol:87-95 returns the full stake to the owner on modelDeregister	confirmed-r2						
B10-014	P1	docs/get-started/networks-and-tokens.mdx	59	economics	networks-provider-stake	0	| Provider stake | 0.2 MOR |	Compute.sol	FALSE	Table claims the values are 'enforced by the Diamond contract', but config_base_mainnet.json:4 providerMinStake = 1e17 (0.1 MOR), applied at 1_full_protocol.migration.ts:115. 0.2 MOR is the BASE Sepolia value (config_base_sepolia.json:4).	S3	L5-economics	yes									
B10-015	P1	docs/get-started/networks-and-tokens.mdx	60	economics	networks-subnet-stake	0	| Subnet provider stake | 10000 MOR |	Compute.sol	FALSE	No subnet stake tier exists in the contracts. ProviderRegistry.sol:41 checks a single providerMinimumStake for every provider; DelegateFactory.sol and ProvidersDelegate.sol (the 'subnet' path) declare no stake minimum at all.	S2	L5-economics	yes									
B10-016	P1	docs/get-started/networks-and-tokens.mdx	61	economics	networks-model-stake	0	| Model stake | 0.1 MOR |	Compute.sol	TRUE	config_base_mainnet.json:5 modelMinStake = 1e17 (0.1 MOR), set via modelSetMinStake at 1_full_protocol.migration.ts:116 and enforced at ModelRegistry.sol:46. Sepolia:5 carries the same value.	-	L5-economics	yes	TRUE	smart-contracts/deploy/data/config_base_mainnet.json:5 and config_arbitrum_sepolia.json:5 both set modelMinStake 1e17 wei = 0.1 MOR, applied via 1_full_protocol.migration.ts:116	confirmed-r2						
B10-017	P1	docs/get-started/networks-and-tokens.mdx	62	economics	networks-bid-fee	0	| Marketplace bid fee | 0.3 MOR |	MarketPlace.sol	FALSE	config_base_mainnet.json:6 marketplaceBidFee = 1e17 (0.1 MOR), set at 1_full_protocol.migration.ts:117 and charged at Marketplace.sol:86. 0.3 MOR is the BASE Sepolia value (config_base_sepolia.json:6).	S3	L5-economics	yes									
B10-018	P1	docs/get-started/networks-and-tokens.mdx	63	economics	networks-session-min	0	| Consumer session open | 5 MOR |	Compute.sol	FALSE	No 5 MOR minimum exists in any contract. SessionStorage.sol:34 MIN_SESSION_DURATION = 5 minutes is the only open-side floor (SessionRouter.sol:147); the MOR amount is stipend-derived at :169 and varies with price and emissions.	S2	L5-economics	yes									
B10-019	P1	docs/get-started/networks-and-tokens.mdx	64	economics	networks-bid-floor	0	| Bid price floor | 0.00000001 MOR / second |	Compute.sol	FALSE	config_base_mainnet.json:7 marketplaceMinBidPricePerSecond = 1e13 wei = 0.00001 MOR/s (sepolia:7 = 5e15 = 0.005 MOR/s), enforced at Marketplace.sol:81. The doc's 0.00000001 MOR/s is 1000x low and matches no deployment.	S2	L5-economics	yes									
B10-020	P1	docs/get-started/networks-and-tokens.mdx	43	behavior	mnemonic-no-derived	0	Use a top-level (non-derived) ERC-20 wallet. The MorpheusUI's mnemonic recover flow does not support secondary/derived addresses.		FALSE	derived addresses supported end-to-end ImportFlow -> handlers.ts:851-854 -> keychainwallet.go:163-172	S3	L5-economics	yes	FALSE	derived addresses supported end-to-end ImportFlow -> handlers.ts:851-854 -> keychainwallet.go:163-172	defect-found-by-blind			FIXED: F5.3 derived accounts	FALSE	ui-desktop/src/renderer/src/components/onboarding/ImportFlow.jsx:113 (plus handlers.ts:1014-1022, withOnboardingState.jsx:161/205, keychainwallet.go:163-176) — the mnemonic import flow derives 10 addresses and lets the user pick any derivat	
B10-021	P1	docs/get-started/introduction.mdx	59	behavior	provider-port-3333	0	2. The consumer proxy-router opens a TCP connection to the provider proxy-router (port 3333 by default) and forwards prompts.		TRUE	proxy-router/internal/config/config.go:178 default Proxy.Address 0.0.0.0:3333 + proxy_sender.go dials provider's :3333 directly	-	L3b-behavior	yes	TRUE	config.go:178 PROXY_ADDRESS 0.0.0.0:3333; tcp_server.go:39 net.Listen tcp	confirmed						
B10-022	P1	docs/get-started/quickstart-consumer.mdx	57	economics~loc	quickstart-min-5mor	0	Click Chat → Change Model, pick a remote model, click Open Session, stake at least 5 MOR, and prompt away. To close early, expand the session line and click the X next to it.	Compute.sol	FALSE	No 5 MOR floor exists: SessionStorage.sol:34 MIN_SESSION_DURATION = 5 minutes, checked at SessionRouter.sol:147. The UI's own minimum is price*305*supply/budget (marketplace.ts:217,230); the '5' in the flow is 5 MINUTES (Chat.tsx:739).	S2	L5-economics	no	FALSE	Chat.tsx:2763-2764 header button is "New chat"; close is a Close button + confirm, not an X	confirmed			FIXED: F3.4 no 5 MOR floor + Close button			
B10-023	P1	docs/inference-api/overview.mdx	10	external-dependency~loc	api-gateway-alias	0	The Morpheus Inference API (also called the API Gateway) is a separate hosted product built on top of the Morpheus Inference Marketplace. It gives you OpenAI-compatible inference behind a simple ba...		UNVERIFIABLE-IN-REPO	docs/inference-api/overview.mdx describes the hosted apidocs.mor.org gateway, not local proxy-router — out of repo scope per task's critical distinction	S4	L2-api	no									
B10-024	P1	docs/inference-api/overview.mdx	10	external-dependency~loc	api-no-wallet	0	The Morpheus Inference API (also called the API Gateway) is a separate hosted product built on top of the Morpheus Inference Marketplace. It gives you OpenAI-compatible inference behind a simple ba...		UNVERIFIABLE-IN-REPO	docs/inference-api/overview.mdx describes the hosted apidocs.mor.org gateway, not local proxy-router — out of repo scope per task's critical distinction	S4	L2-api	no									
B10-025	P1	docs/inference-api/overview.mdx	71	external-dependency~loc	api-bootstrap-set	0	- Not the whole marketplace. The list of models exposed through apidocs.mor.org / app.mor.org is the bootstrap set the gateway curated when the system launched — not every model on the marketplace....		UNVERIFIABLE-IN-REPO	docs/inference-api/overview.mdx describes the hosted apidocs.mor.org gateway's bootstrap model set — out of repo scope per task's critical distinction	S4	L2-api	no									
B10-026	P1	docs/inference-api/overview.mdx	75	economics~loc	session-time-pricing	0	The hosted API runs on a credits/billing model — see [apidocs.mor.org](https://apidocs.mor.org) for current terms. The underlying marketplace itself is priced per session-time (pricePerSecond), not...		TRUE	Marketplace half verified: Bid.pricePerSecond is the only price field and duration comes from SessionRouter.sol:169; no token-metered path exists on chain. Hosted-gateway billing is outside this repo, as the sentence itself says.	-	L5-economics	no	TRUE	Marketplace.sol:103 stores bid.pricePerSecond and SessionRouter.sol:276 bills duration * pricePerSecond, no token metering on chain; the hosted-API credits clause needs apidocs.mor.org	confirmed-r2						
B10-027	P1	docs/index.mdx	9	architecture~loc	decentral-p2p	0	The Morpheus Lumerin Node is the open-source software that lets a desktop chat experience talk to distributed, decentralized LLMs on the Morpheus network. This documentation is the canonical, human...		TRUE	General architecture description (open-source node software, distributed providers) matches the codebase's own component split (proxy-router/ui-desktop/smart-contracts)	-	L3b-behavior	no									
B10-028	P1	docs/ai/myths.mdx	71	behavior~loc	delegation-rights	0	Partially right at the contract level, partially wrong as a setup story. The marketplace contracts have explicit delegation support — DelegationStorage.sol defines four rule sets (PROVIDER, MODEL, ...		TRUE	smart-contracts DelegationStorage.sol:17-20 defines exactly PROVIDER/MODEL/MARKETPLACE/SESSION rule sets; proxy-router has no real delegation-flow wiring (only incidental grep hits)	-	L3b-behavior	no	TRUE	DelegationStorage.sol:17-20 defines the four rule constants; :27-36 isRightsDelegated calls IDelegateRegistry.checkDelegateForContract; :40-44 _validateDelegatee gates every facet entrypoint	confirmed-r2						
B10-029	P1	docs/ai/session-states-open-close-recover.mdx	41	behavior~loc	daylock-applies-early-same	0	- Used stipend day-lock — if closeSession lands before releaseAt, the used portion (duration × pricePerSecond → stake) goes to userStakesOnHold. Applies to early close and same-day natural/late close.		TRUE	smart-contracts SessionRouter.sol:295-297 releaseAt_ = startOfTheDay(min(closedAt,endsAt)) + 1 days, matches exactly, applies on every close before that timestamp	-	L3b-behavior	no	TRUE	SessionRouter.sol:296-311 releaseAt = startOfTheDay(min(closedAt,endsAt)) + 1 day and pushes userStakesOnHold whenever block.timestamp < releaseAt, i.e. early or same-day natural/late close	confirmed-r2						
B10-030	P1	docs/ai/where-is-my-mor.mdx	12	behavior~loc	bucket-1-active	0	2. Active session — openSession moved your stake into the Inference Contract; closedAt == 0.		TRUE	SessionRouter.sol:104 safeTransferFrom(user_, address(this), amount_) at open; session.closedAt stays 0 until closeSession sets it at :225. Both halves exact.	-	L5-economics	no	TRUE	SessionRouter.sol:104 safeTransferFrom(user, address(this), amount) in openSession, :107 session.stake = amount; closedAt is only written at :225 on close, so an open session has closedAt == 0	confirmed-r2						
B10-031	P1	docs/get-started/quickstart-consumer.mdx	24	behavior~loc	not-notarized	0	Open the .dmg and drag MorpheusUI into Applications. The build is not notarized, so clear the quarantine flag before the first launch:		TRUE	Same evidence as B08-045: electron.builder.config.ts notarize:false confirms unnotarized DMG needing xattr -c	-	L3b-behavior	no	TRUE	ui-desktop/electron.builder.config.ts:46 notarize:false; .github/workflows/build.yml:3021 builds the released DMG with plain yarn build:mac-arm64, no signing or notary credentials	confirmed-r2						
B10-032	P1	docs/inference-api/overview.mdx	88	external-dependency~loc	api-same-marketplace	0	The Inference API is built on the same Morpheus marketplace this repo's proxy-router talks to. If you want to self-host that gateway behavior (your own wallet, your own MOR, no third-party billing,...		UNVERIFIABLE-IN-REPO	docs/inference-api/overview.mdx claim about hosted gateway vs self-host — out of repo scope per task's critical distinction (repo shows proxy-router side only)	S4	L2-api	no									
B10-033	P1	docs/get-started/networks-and-tokens.mdx	21	behavior	base-chainid-8453	0	| Chain ID | 8453 |		TRUE	proxy-router/.env.example:18 ETH_NODE_CHAIN_ID=8453 is the shipped mainnet default, and proxy-router/internal/repositories/ethclient/public.go:17 registers 8453 as the BASE mainnet public endpoint.	-	L5-economics	yes	TRUE	ui-desktop/.env.example:5 CHAIN_ID=8453 with 84532 commented at :17; proxy-router/.env.example:18 ETH_NODE_CHAIN_ID=8453; proxy-router/Dockerfile.tee:12 ARG ETH_NODE_CHAIN_ID=8453	confirmed-r2						
B10-034	P1	docs/get-started/networks-and-tokens.mdx	33	behavior	sep-chainid-84532	0	| Chain ID | 84532 |		TRUE	proxy-router/.env.example:25 (testnet block) ETH_NODE_CHAIN_ID=84532 and proxy-router/internal/repositories/ethclient/public.go:10 registers 84532 as BASE Sepolia.	-	L5-economics	yes	TRUE	.github/workflows/test.env:3 CHAIN_ID=84532 for the test/Sepolia branch versus main.env:3 CHAIN_ID=8453; ui-desktop/.env.example:17 testnet block repeats 84532	confirmed-r2						
B11-001	P1	docs/ecosystem/attribution.mdx	9	procedure~para	mirror-content-policy	0	We mirror conceptual content; we do not snapshot live data	EXTERNAL — no in-repo artifact can settle this	UNVERIFIABLE-IN-REPO	Editorial policy statement; no repo artifact enforces/evidences it -- .github/workflows/docs.yml only runs Mintlify link-check + OpenAPI lint, no live-data scan.	S2	L4-external	no									
B11-002	P1	docs/ecosystem/attribution.mdx	14	procedure	mirror-review-cadence	0	All mirrored pages are reviewed at least once per release	EXTERNAL — no in-repo artifact can settle this	UNVERIFIABLE-IN-REPO	Per-release review cadence is a human process claim; repo has no docs-review log or CI gate (.github/workflows/docs.yml) that checks this happened.	S2	L4-external	yes									
B11-003	P1	docs/ecosystem/attribution.mdx	15	procedure	source-drift-policy	0	If a source_url changes substantially, we either update the mirror	EXTERNAL — no in-repo artifact can settle this	UNVERIFIABLE-IN-REPO	Source-drift response is a forward commitment; repo has no changelog tracking source_url diffs vs mirror-content updates to check against.	S2	L4-external	yes									
B11-004	P1	docs/ecosystem/active-status.mdx	37	architecture~para	model-active-definition	0	A model "active" means (at least one bid posted) AND (provider healthcheck passes)	/concepts/architecture	AMBIGUOUS	active-status.mdx is a registered mirror (attribution.mdx Sources table) of active.mor.org; this bid+healthcheck join logic is that external indexer's own code, absent from proxy-router/internal.	S3	L4-external	no									
B11-005	P1	docs/ecosystem/active-status.mdx	37	architecture~loc	unhealthy-model-not-listed	0	A model on chain with no healthy provider won't show up in active_models.json	/concepts/architecture	AMBIGUOUS	Same mirror page/topic as B11-004 -- active_models.json filtering is active.mor.org's own logic, not implemented in this repo; no inline as-of date given.	S3	L4-external	no									
B11-006	P1	docs/ecosystem/active-status.mdx	39	architecture	price-per-second-units	0	pricePerSecond values are MOR wei per second	/concepts/tokens-and-fees	TRUE	proxy-router/docs/swagger.yaml:714-715 (pricePerSecond: type integer) + proxy-router/internal/rating/interface.go:18 (*big.Int) -- consistent with wei-scale units.	-	L4-external	yes									
B11-007	P1	docs/ecosystem/active-status.mdx	40	external-dependency	snapshot-refresh-cron	0	Snapshots refresh on a short cron (on the order of minutes)	EXTERNAL — no in-repo artifact can settle this	AMBIGUOUS	active-status.mdx is a registered mirror of active.mor.org; snapshot-cron cadence is that external service's own infra schedule, not present anywhere in this repo.	S3	L4-external	yes									
B11-008	P1	docs/ecosystem/app-mor-org.mdx	16	external-dependency~loc	app-hosted-chat-service	0	app.mor.org is the hosted Morpheus Chat App — a browser chat UI	EXTERNAL — no in-repo artifact can settle this	AMBIGUOUS	app-mor-org.mdx is a registered mirror (attribution.mdx Sources) of app.mor.org; app.mor.org's own identity/UI is external with no code in this repo, no as-of date.	S3	L4-external	no									
B11-009	P1	docs/ecosystem/app-mor-org.mdx	16	external-dependency~loc	app-inference-gateway	0	app.mor.org powered by the hosted Morpheus Inference API Gateway	EXTERNAL — no in-repo artifact can settle this	AMBIGUOUS	Inference API Gateway is itself a separate hosted product (docs/inference-api/overview.mdx:10: 'a separate hosted product'); relation to app.mor.org is external, mirror page, no date.	S3	L4-external	no									
B11-010	P1	docs/ecosystem/app-mor-org.mdx	24	architecture~para	morpheusui-local-demo	0	Local model | Yes (local tinyllama demo, downloaded on first launch)	/concepts/what-is-morpheus	TRUE	ui-desktop/src/main/orchestrator/orchestrator.ts (TinyLlama .gguf model, first-launch download) confirms MorpheusUI's local model demo.	-	L4-external	no									
B11-011	P1	docs/ecosystem/app-mor-org.mdx	25	architecture~loc	morpheusui-onchain	0	MorpheusUI backed by direct on-chain sessions through proxy-router	/concepts/sessions-stake-close-recover	TRUE	proxy-router/docs/swagger.yaml:1521,1702 (session endpoints) + ui-desktop/src/renderer/src/utils/marketplace.ts, client/index.ts (call proxy-router) confirm on-chain session flow.	-	L4-external	no									
B11-012	P1	docs/ecosystem/everclaw.mdx	16	external-dependency~loc	everclaw-openclaw-skill	0	Everclaw includes Morpheus skill for OpenClaw letting agents use inference	EXTERNAL — no in-repo artifact can settle this	AMBIGUOUS	everclaw.mdx is a registered mirror (attribution.mdx Sources) of everclaw.xyz; the skill's existence/features are external with no code in this repo, no as-of date.	S3	L4-external	no									
B11-013	P1	docs/ecosystem/everclaw.mdx	16	external-dependency	everclaw-local-endpoint	0	Agents use Morpheus inference through a local HTTP endpoint	EXTERNAL — no in-repo artifact can settle this	TRUE	proxy-router/.env.example:34 (WEB_ADDRESS=0.0.0.0:8082) + swagger.yaml chat/session endpoints served there -- local HTTP endpoint is this repo's own API surface.	-	L4-external	yes									
B11-014	P1	docs/ecosystem/everclaw.mdx	22	architecture	everclaw-endpoint-port	1	Local["http://127.0.0.1:8082"]	/prosumers/gateway-for-everclaw	TRUE	proxy-router/.env.example:34 (WEB_ADDRESS=0.0.0.0:8082) matches everclaw.mdx:22 mermaid node http://127.0.0.1:8082 exactly.	-	L4-external	yes									
B11-015	P1	docs/ecosystem/myprovider.mdx	16	behavior	myprovider-basic-auth	0	It connects to your proxy-router with HTTP Basic Auth	/providers/full/myprovider-gui	TRUE	proxy-router/docs/swagger.yaml:1212 (securitySchemes BasicAuth used across authenticated routes) confirms proxy-router's own auth mechanism matches the claim.	-	L4-external	yes									
B11-016	P1	docs/ecosystem/myprovider.mdx	29	external-dependency	venice-diem-resale	0	Venice Diem resale | Monetize Venice API access without hosting GPUs	EXTERNAL — no in-repo artifact can settle this	AMBIGUOUS	myprovider.mdx is a registered mirror (attribution.mdx Sources) of myprovider.mor.org; this onboarding-wizard path is that external dashboard's own feature, no code artifact, no date.	S3	L4-external	yes									
B11-017	P1	docs/ecosystem/myprovider.mdx	45	requirement~loc	myprovider-https	0	Hosted myprovider.mor.org requires an HTTPS proxy-router URL	/providers/full/myprovider-gui	AMBIGUOUS	myprovider.mdx is a registered mirror of myprovider.mor.org; the HTTPS-only constraint is that external app's own browser/hosting behavior, not proxy-router code, no date.	S3	L4-external	no									
B11-018	P1	docs/ecosystem/myprovider.mdx	45	compatibility	http-only-workaround	0	HTTP-only nodes: desktop app or local npm run dev	/providers/full/myprovider-gui	AMBIGUOUS	Compound claim on the myprovider.mdx mirror page: MorpheusUI-over-HTTP is repo-confirmable (docker.mdx:69 PROXY_WEB_URL=http://localhost:8082) but 'npm run dev' is MyProvider's own separate repo, unverifiable here.	S3	L4-external	yes									
B11-019	P1	docs/ecosystem/nodeneo.mdx	16	external-dependency	nodeneo-consumer-app	0	NodeNeo is a cross-platform consumer-side experience for Morpheus	EXTERNAL — no in-repo artifact can settle this	AMBIGUOUS	nodeneo.mdx is a registered mirror (attribution.mdx Sources) of nodeneo.io; NodeNeo's own platform/identity is external with no code in this repo, no as-of date.	S3	L4-external	yes									
B11-020	P1	docs/ecosystem/nodeneo.mdx	20	architecture~loc	nodeneo-uses-cnode	0	NodeNeo speaks to Morpheus C-Node — same proxy-router code as this site	/concepts/architecture	TRUE	docs/consumers/install/docker.mdx:14 ('the two flows share the same image') + docs/prosumers/c-node-setup.mdx:8 confirm the C-Node is this repo's own proxy-router binary/image.	-	L4-external	no									
B12-001	P1	.claude/skills/frontend-verify/SKILL.md	3	tooling	phase-d-visual-verification	0	Run the Phase-D visual verification stack on the desktop client before committing any visual change	.claude/skills/frontend-verify/SKILL.md	TRUE	The stack exists and is wired: tools/ui-verify/run.js (Electron launch, sentinel, identity, audit, shots, evidence file) plus .claude/settings.json PreToolUse/Bash -> visual-gate.sh blocking visual commits	-	L6-repo	yes									
B12-002	P1	.claude/skills/frontend-verify/SKILL.md	16	tooling	build-current-code-ui-desktop	0	Build current code if the renderer changed since last build: `cd ui-desktop && npm run build`	ui-desktop/package.json	TRUE	ui-desktop/package.json "build": "npm run typecheck && electron-vite build"; run.js:89 requires out/main/index.* and node_modules/.bin/electron, i.e. it launches the build not the source	-	L6-repo	yes									
B12-003	P1	.claude/skills/frontend-verify/SKILL.md	19	tooling~para	run-ui-verify-instrument	1	cd tools/ui-verify && node run.js --routes '#/chat,#/models' --expect '#/chat=textarea;#/models=[data-testid=models-container]'	tools/ui-verify/run.js	TRUE	run.js:16-21 accepts --routes/--expect/--hue/--label/--click; Router.tsx:302,304 define /chat and /models under HashRouter; Models.tsx:114 data-testid=models-container; chat textarea via react-textarea-autosize (Chat.styles.tsx:2)	-	L6-repo	no									
B12-004	P1	.claude/skills/frontend-verify/SKILL.md	27	tooling~para	electron-real-app-launch-audit	0	It launches the REAL Electron app (real IPC), fails loudly on empty shells (sentinel) and wrong screens (identity), runs computed-style audit	tools/ui-verify/run.js	TRUE	run.js:113 _electron.launch of the real app; :160 fails on empty shell (min-els/min-text sentinel); :170 IDENTITY FAIL on a missing route marker; :213 audit rules contrast/hard-corner/palette-leftover/dead-scroll plus behave.js probes	-	L6-repo	no									
B12-005	P1	.claude/skills/frontend-verify/SKILL.md	28	tooling	electron-vite-rebuild-behavior	0	electron-vite rebuilds main/preload but does NOT restart Electron	tools/ui-verify/liveness.sh	UNVERIFIABLE-IN-REPO	Asserted as the tool's rationale at tools/ui-verify/liveness.sh:2-5; electron-vite's dev-restart behaviour is third-party runtime behaviour with no in-tree artifact confirming it	S4	L6-repo	yes									
B12-006	P1	.claude/skills/frontend-verify/SKILL.md	28	tooling	liveness-fresh-citation-requirement	0	cite the `LIVENESS: FRESH` line	tools/ui-verify/liveness.sh	TRUE	liveness.sh:39 prints "LIVENESS: FRESH - every matching process started after the newest build artifact." and exits 0; claim-gate.sh EVIDENCE regex accepts `LIVENESS: (FRESH|STALE|NO-)`	-	L6-repo	yes									
B12-007	P1	.claude/skills/frontend-verify/SKILL.md	28	tooling	stop-hook-claim-gate-blocks	0	The Stop-hook claim gate blocks behavior-change claims that cite no observation	.git/hooks/pre-commit	TRUE	.claude/settings.json Stop hook -> .claude/hooks/claim-gate.sh; it exits 2 when the CLAIMS regex matches and the EVIDENCE regex does not; --selftest asserts naked=2 / evidenced=0 / neutral=0	-	L6-repo	yes									
B12-008	P1	.claude/skills/frontend-verify/SKILL.md	30	tooling	audit-limitations-hover-checked	0	the audit and static shots cannot see hover/checked/focus	tools/ui-verify/run.js	TRUE	tools/ui-verify/audit.js contains no :hover/:focus/checked handling; behave.js:22-43 only reasons about hover geometry statically (pointer-events + parent box). Only the run.js --click 'hover ' lane drives real hovers	-	L6-repo	yes	TRUE	tools/ui-verify/audit.js has zero hover/checked/focus handling; run.js:273 default state only	confirmed						
B12-009	P1	.claude/skills/frontend-verify/SKILL.md	33	tooling	visual-gate-evidence-requirement	0	the visual gate checks the evidence file exists for the exact staged state; the git pre-commit hook runs typecheck+build	.git/hooks/pre-commit	FALSE	First half holds (visual-gate.sh keys verify/<branch>-<8char>.md to the staged diff), but the second is false: no .git/hooks/pre-commit (only *.sample), core.hooksPath unset, no husky, no pre-commit script	S2	L6-repo	yes									
B12-010	P1	.claude/skills/frontend-verify/SKILL.md	39	procedure	kill-orphan-dev-servers	1	Before spawning any dev server, kill orphans: `lsof -ti:5173 | xargs kill`	.claude/skills/frontend-verify/SKILL.md	UNVERIFIABLE-IN-REPO	Normative. Port 5173 is Vite's default and is configured nowhere — electron.vite.config.ts sets no server.port and no repo file mentions 5173	S4	L6-repo	yes									
B12-011	P1	agents/readme.md	10	behavior	agent-user-request-sent	0	An agent user request will be sent to the proxy-router	agents/agent-user-request.js	TRUE	agents/agent-user-request.js:4-5 POSTs to `${proxyRouterUrl}/auth/users/request`	-	L3b-behavior	yes									
B12-012	P1	agents/readme.md	11	procedure	approve-agent-user-creation	0	Approve the agent user creation using an admin user in the proxy-router	http://localhost:8082/swagger/index.html	TRUE	proxy-router/internal/authapi/controller_http.go:36 POST /auth/users/confirm route (admin-gated via CheckAuth('agent_requests'))	-	L3b-behavior	yes	TRUE	authapi/controller_http.go:36 POST /auth/users/confirm is gated by CheckAuth agent_requests; system/auth.go:246 seeds the admin user with wildcard perms; swagger on :8082 per config.go:181	confirmed-r2						
B12-013	P1	proxy-router/readme.md	6	requirement	proxy-store-chat-context-env	0	Controls whether the proxy-router stores chat contexts locally	proxy-router	TRUE	proxy-router/internal/config/config.go:63 PROXY_STORE_CHAT_CONTEXT env field, desc 'store chat context in the proxy storage'	-	L3b-behavior	yes	TRUE	config.go:63 env PROXY_STORE_CHAT_CONTEXT desc "store chat context in the proxy storage"; main.go passes it to NewProxyController which drives aiengine NewHistory local chat storage	confirmed-r2						
B12-014	P1	proxy-router/readme.md	10	behavior	proxy-saves-chat-sessions	0	The proxy saves chat sessions to local files	proxy-router code	TRUE	proxy-router/internal/chatstorage/file_chat_storage.go implements local file-backed chat storage	-	L3b-behavior	yes									
B12-015	P1	proxy-router/readme.md	12	behavior	chat-histories-maintained	0	Chat histories are maintained, allowing for persistent conversations	proxy-router code	TRUE	Same file_chat_storage.go + genericchatstorage interfaces persist and retrieve chat history for the /v1/chats routes	-	L3b-behavior	yes									
B12-016	P1	proxy-router/readme.md	35	requirement	restart-proxy-router-env-change	0	Ensure the proxy-router is restarted after changing the environment variable	proxy-router launcher	TRUE	proxy-router/cmd/main.go:63 config.LoadConfig runs once at startup; no fsnotify/hot-reload of env vars found anywhere in proxy-router/internal/config	-	L3b-behavior	yes	TRUE	proxy-router/cmd/main.go:382 dereferences cfg.Proxy.StoreChatContext once at construction; config.go:63 binds the env at load only, no runtime reload path exists	confirmed-r2						
B12-017	P1	proxy-router/readme.md	54	requirement	idle-timeout-duration	0	Timeout is 15 minutes	proxy-router/models-config.json	TRUE	proxy-router/internal/proxyapi/capacity_manager.go:73 IDLE_TIMEOUT := 15 * 60 // 15 min	-	L3b-behavior	yes	TRUE	proxy-router/internal/proxyapi/capacity_manager.go:73 IDLE_TIMEOUT := 15 * 60 inside IdleTimeoutCapacityManager.HasCapacity, the idle_timeout policy from CreateCapacityManager:117	confirmed-r2						
B12-018	P1	docs/RELEASE_CHECKLIST.md	29	tooling	swagger-auto-regenerated	0	auto-regenerated by the CI/CD build pipeline via `swag init`	proxy-router/docs/swagger.yaml	FALSE	No CI job runs `swag init` or `make swagger`: grep over .github/workflows finds none; the only invocation is the manual target proxy-router/Makefile:41. build.yml:135 comment treats swagger under proxy-router as a hand-committed change	S3	L6-repo	yes									
B12-019	P1	docs/RELEASE_CHECKLIST.md	44	requirement	docs-mint-dev-boots	1	`cd docs && mint dev` boots without errors	docs directory	UNVERIFIABLE-IN-REPO	docs/package.json scripts.dev = "mint dev" exists, but booting it needs the mint CLI plus network; not runnable from the tree offline	S4	L6-repo	yes									
B12-020	P1	docs/RELEASE_CHECKLIST.md	45	requirement	docs-mint-broken-links	1	`mint broken-links` returns clean (or all flagged links are intentional external links)	docs directory	UNVERIFIABLE-IN-REPO	docs/package.json scripts.validate = "mint broken-links" and docs.yml:54 runs `npx mint broken-links`, but downgrades findings to `::warning::`. Whether it returns clean is not checkable offline	S4	L6-repo	yes									
B12-021	P1	docs/RELEASE_CHECKLIST.md	46	tooling~loc	docs-ci-last-verified-check	0	No pages have `last_verified` older than two minor releases (docs CI workflow raises warnings)	.github/workflows/docs.yml	STALE	.github/workflows/docs.yml:78-111 does raise `::warning::`, but it compares last_verified against the SINGLE latest `v*` release tag (line 88), not "two minor releases" — the doc misstates the gate's threshold	S3	L6-repo	no									
B12-022	P1	ui-desktop/README.md	13	procedure	ui-desktop-install	1	$ yarn	ui-desktop/package.json	TRUE	ui-desktop/package.json packageManager yarn@1.22.22; plain 'yarn' installs deps as documented	-	L3b-behavior	yes	TRUE	ui-desktop/package.json packageManager yarn@1.22.22 with ui-desktop/yarn.lock and no package-lock; CI .github/workflows/build.yml:3008 uses yarn install --frozen-lockfile	confirmed-r2						
B12-023	P1	ui-desktop/README.md	18	procedure	ui-desktop-dev-start	1	$ yarn dev	ui-desktop/package.json	TRUE	ui-desktop/package.json:27 'dev': 'electron-vite --inspect --sourcemap dev'	-	L3b-behavior	yes	TRUE	ui-desktop/package.json:27 defines dev = electron-vite --inspect --sourcemap dev and :15 pins packageManager yarn@1.22.22, so yarn dev is the documented dev command	confirmed-r2						
B12-024	P1	ui-desktop/README.md	24	procedure	ui-desktop-build-windows	1	$ yarn build:win	ui-desktop/package.json	TRUE	ui-desktop/package.json:32 'build:win': electron-builder --win portable	-	L3b-behavior	yes	TRUE	ui-desktop/package.json:32 build:win = electron-vite build then electron-builder --win portable; packageManager yarn@1.22.22 at :15	confirmed-r2						
B12-025	P1	ui-desktop/README.md	27	procedure	ui-desktop-build-macos	1	$ yarn build:mac	ui-desktop/package.json	TRUE	ui-desktop/package.json:35 'build:mac': electron-builder --mac	-	L3b-behavior	yes	TRUE	ui-desktop/package.json:35 defines "build:mac": electron-vite build && electron-builder --mac; :15 packageManager yarn@1.22.22	confirmed-r2						
B12-026	P1	ui-desktop/README.md	30	procedure	ui-desktop-build-linux	1	$ yarn build:linux	ui-desktop/package.json	TRUE	ui-desktop/package.json:38 'build:linux': electron-builder --linux AppImage	-	L3b-behavior	yes	TRUE	ui-desktop/package.json:38 build:linux = electron-vite build then electron-builder --linux AppImage	confirmed-r2						
B12-027	P1	ui-desktop/tools/ui-verify/README.md	4	architecture	ui-verify-mounts-real-components	0	the isolation cases mount *real* app components and the logic checks import the app's utils	ui-desktop/tools/ui-verify/isolate	TRUE	isolate/cases/_mount.jsx imports the app's real theme + ThemeProvider and mounts real components (sendform.jsx imports SendForm from src/renderer/.../SendForm.jsx); logic-checks.mjs:17-80 imports the app's own utils directly	-	L6-repo	yes									
B12-028	P1	ui-desktop/tools/ui-verify/README.md	7	requirement	ui-verify-app-deps-installed	0	it also needs the app's own dependencies installed	ui-desktop/tools/ui-verify/README.md	TRUE	The cases resolve react / react-dom / styled-components from ui-desktop/node_modules (_mount.jsx:1-5); the kit's own package.json devDeps are only vite, vite-node, playwright and @vitejs/plugin-react	-	L6-repo	yes	TRUE	ui-desktop/tools/ui-verify/isolate/cases/terms.jsx:3-4 imports real src/renderer components and logic-checks.mjs:2-95 imports app utils from ../../src, so app node_modules are required	confirmed-r2						
B12-029	P1	ui-desktop/tools/ui-verify/README.md	13	procedure	ui-verify-prereq-npm-install	0	Install the app's deps (the cases mount real components): (cd ui-desktop && npm install)	ui-desktop/package.json	FALSE	`npm install` in ui-desktop contradicts package.json "packageManager": "yarn@1.22.22", the yarn.lock-only tree, and .gitignore's explicit ban on ui-desktop/package-lock.json (with a comment saying npm resolves a different tree)	S2	L6-repo	yes	TRUE	logic-checks.mjs:2-54 imports src/main and src/renderer; vite.config.mjs:16 aliases @renderer	disputed			FIXED: F8.2 yarn install	FALSE	ui-desktop/package.json:15 + root README.md:157-159 — app pins yarn@1.22.22 with committed yarn.lock; repo docs warn `npm install` resolves an untested tree, so prescribing it contradicts the project's own install path.	
B12-030	P1	ui-desktop/tools/ui-verify/README.md	18	tooling	ui-verify-logic-checks	1	npm run logic      # node-runnable assertions over the exported utils	ui-desktop/tools/ui-verify/package.json	TRUE	ui-desktop/tools/ui-verify/package.json "logic": "vite-node logic-checks.mjs"; logic-checks.mjs imports the exported app utils and runs ~523 ok() assertions	-	L6-repo	yes									
B12-031	P1	ui-desktop/tools/ui-verify/README.md	19	tooling	ui-verify-frozen-check	1	npm run frozen     # colour literals that would survive a theme swap	ui-desktop/tools/ui-verify/package.json	TRUE	package.json "frozen": "node frozen-values.mjs"; the script reports colour-valued declarations that never mention theme and exits 1 when any is reachable from the entry	-	L6-repo	yes									
B12-032	P1	ui-desktop/tools/ui-verify/README.md	20	tooling	ui-verify-isolate-check	1	npm run isolate    # isolation-render + Playwright drive of key components	ui-desktop/tools/ui-verify/package.json	TRUE	package.json "isolate": "node run.mjs"; run.mjs:4-6 boots a Vite server + chromium and drives 45 named cases (grep -cE "drive\(page, '" = 45)	-	L6-repo	yes									
B12-033	P1	ui-desktop/tools/ui-verify/README.md	21	tooling	ui-verify-all-checks	1	npm run verify     # all three	ui-desktop/tools/ui-verify/package.json	TRUE	package.json "verify": "vite-node logic-checks.mjs && node frozen-values.mjs && node run.mjs" — exactly the three scripts, chained on success	-	L6-repo	yes									
B12-034	P1	ui-desktop/tools/ui-verify/README.md	29	tooling	morToWei-precision-safe	0	precision-safe wei conversion: rejects bad input and >18 decimals, keeps integer precision above 2^53	utils/marketplace.ts	TRUE	utils/marketplace.ts:183-194: regex-rejects non-numeric/empty input, throws when fraction.length > 18, and computes with BigInt (`BigInt(whole)*ONE + BigInt(padded)`) so precision survives above 2^53	-	L6-repo	yes									
B12-035	P1	ui-desktop/tools/ui-verify/README.md	31	tooling	formatMor-null-and-scaling	0	returns `null` on non-finite, `< 0.000001` below the shown precision, magnitude-scaled formatting	utils/coinValue.tsx	TRUE	utils/coinValue.tsx:26-36: null when !Number.isFinite, '0' at zero, '< 0.000001' below threshold, then toFixed(6) / toFixed(2) / Math.round().toLocaleString() by magnitude	-	L6-repo	yes	TRUE	coinValue.tsx:28-35 magnitude tiers; asserted logic-checks.mjs:140-146	confirmed						
B12-036	P1	ui-desktop/tools/ui-verify/README.md	42	architecture	theme-swap-invariant	0	A swap works only if every colour-valued declaration derives from `props.theme`	ui-desktop/tools/ui-verify/frozen-values.mjs	TRUE	frozen-values.mjs:3-7 states the invariant and the detector enforces it: COLOR_PROPS on the property, COLOR_VALUE on the value, then `if (/theme/.test(value)) return;` — anything else is a finding	-	L6-repo	yes	TRUE	ThemeVariantContext.tsx:79-90 swaps ThemeProvider; only props.theme reads follow	confirmed						
B12-037	P1	ui-desktop/tools/ui-verify/README.md	49	architecture	frozen-value-queries-invariant	0	It queries the invariant — *a colour-valued declaration that never mentions `theme`*	ui-desktop/tools/ui-verify/frozen-values.mjs	TRUE	frozen-values.mjs matches on the invariant (colour-valued property + colour literal + no `theme` in the value), not on a literal list; EXEMPT only clears transparent/inherit/currentColor/none/unset/initial/revert	-	L6-repo	yes									
B12-038	P1	ui-desktop/tools/ui-verify/README.md	55	tooling	frozen-value-detection-coverage	0	it can surface a spelling nobody thought of	ui-desktop/tools/ui-verify/frozen-values.mjs	STALE	frozen-values.mjs:38 ENTRY = main.tsx; was App.tsx at c3234a5f:34 — root differs materially	S3	L6-repo	yes	STALE	frozen-values.mjs:38 ENTRY = main.tsx; was App.tsx at c3234a5f:34 — root differs materially	defect-found-by-blind			FIXED: F8.3 main.tsx entry	TRUE	ui-desktop/tools/ui-verify/frozen-values.mjs:42-83,182 — builds `reachable` set by walking imports from ENTRY (main.tsx→App.tsx) via `resolveSpec` (dirname-based, so the two same-named Filter.jsx resolve distinctly); splits findings into li	UPHELD: Kimi's own evidence gives ENTRY = main.tsx; the doc says reachability from App.tsx, and main.tsx reaches components App.tsx does not (RootErrorBoundary). Stale stands.
B12-039	P1	ui-desktop/tools/ui-verify/README.md	66	tooling	isolate-destructive-handler-audit	0	Playwright and asserts behaviour — including that destructive handlers fire **0×**	ui-desktop/tools/ui-verify/isolate	TRUE	run.mjs:65-66 asserts onSubmit fired 0x before confirm; :126-127 logout 0x on the first press; same pattern at :406, :626, :648, :1050, :1146, :1202, :1290	-	L6-repo	yes	TRUE	run.mjs:66,127 assert onSubmit/logout never fire; _mount.jsx:11-15 mounts one real component	confirmed						
B12-040	P1	ui-desktop/tools/ui-verify/TESTING.md	6	tooling~loc	verification-four-layers	0	Four layers: an automated kit, adversarial code review, an on-chain money-logic trace, and live manual testing	ui-desktop/tools/ui-verify	FALSE	no hook: .git/hooks only *.sample, core.hooksPath empty; grep typecheck build.yml = 0 hits	S3	L6-repo	no	FALSE	no hook: .git/hooks only *.sample, core.hooksPath empty; grep typecheck build.yml = 0 hits	defect-found-by-blind			FIXED: F8.4 documented as manual + TODO	UNSUPPORTED	ui-desktop/package.json:23-28 defines `typecheck` and `build` (`npm run typecheck && electron-vite build`), but no commit-level gate exists in-repo: .git/hooks has only *.sample files, grep finds no hooksPath config, CI (.github/workflows/b	
B12-042	P1	ui-desktop/tools/ui-verify/TESTING.md	28	tooling	logic-checks-30-assertions	0	30 assertions over the exported substrate utils	ui-desktop/tools/ui-verify/logic-checks.mjs	STALE	logic-checks.mjs is 2759 lines with ~523 ok() assertion calls (grep -cE "(^|[^a-zA-Z.])ok\(" = 524 incl. the one inside the throws helper), not 30	S3	L6-repo	yes									
B12-043	P1	ui-desktop/tools/ui-verify/TESTING.md	32	tooling~loc	morToWei-weiToMor-roundtrip	0	precision-safe: rejects `> 18` fraction digits, survives integers `> 2^53`, round-trips MOR↔wei exactly	utils/marketplace.ts	TRUE	marketplace.ts:189-191 throws above 18 fraction digits, :193 BigInt math survives 2^53, :196-203 weiToMor inverts it; logic-checks.mjs:135 asserts weiToMor(morToWei('123.456')) === '123.456'	-	L6-repo	no									
B12-044	P1	ui-desktop/tools/ui-verify/TESTING.md	35	tooling	formatMor-scaling-precision	0	returns `null` on non-finite input, `'< 0.000001'` below threshold, magnitude-scaled precision otherwise	utils/coinValue.tsx	TRUE	coinValue.tsx:26-36 matches the description exactly; logic-checks.mjs:140-146 asserts NaN/Infinity -> null, tiny -> '< 0.000001', and the magnitude branches	-	L6-repo	yes									
B12-045	P1	ui-desktop/tools/ui-verify/TESTING.md	39	tooling	buildModelsWithBids-behavior	0	skips local models, drops bids with no matching provider, attaches `ProviderData`	store/queries.ts	TRUE	store/queries.ts:211-225: `if (m.isLocal) continue`, `.filter((b) => b.ProviderData)` drops unmatched-provider bids, and each bid gets ProviderData + Model; asserted logic-checks.mjs:186-190	-	L6-repo	yes									
B12-046	P1	ui-desktop/tools/ui-verify/TESTING.md	46	tooling	isolate-cases-mount-real	0	Each mounts ONE real component in the app's own `ThemeProvider` with mock props	ui-desktop/tools/ui-verify/isolate	STALE	The doc scopes "Each" to 3 cases (TESTING.md:44). isolate/cases now holds 25 files driven as 45 run.mjs cases, and theme-swap.jsx mounts a synthetic Probe/Swatch harness, not one real product component	S3	L6-repo	yes									
B12-047	P1	ui-desktop/tools/ui-verify/TESTING.md	48	tooling	isolate-destructive-never-premature	0	asserts behaviour **and** that destructive handlers never fired prematurely	ui-desktop/tools/ui-verify/isolate	TRUE	run.mjs:66 asserts onSubmit fired 0x before the explicit confirm; :127 and :135 assert logout stayed 0x on the first press and through the cancel path	-	L6-repo	yes									
B12-048	P1	ui-desktop/tools/ui-verify/TESTING.md	66	behavior	client-guards-mirror-chain	0	contracts, so the client-side guards mirror the chain	ui-desktop/src/renderer	TRUE	marketplace.ts:156 eth_calls maxSessionDuration on the Diamond; KeepAliveProvider.tsx:56 MIN_REQUEST_SECONDS=305 sits above SessionStorage.sol:34 MIN_SESSION_DURATION = 5 minutes	-	L6-repo	yes									
B12-049	P1	ui-desktop/tools/ui-verify/TESTING.md	72	architecture	active-session-stake-is-wei	0	`activeSession.Stake` is the on-chain stake in wei (`session.go`)	session.go	TRUE	proxy-router/internal/blockchainapi/structs/session.go:15 `Stake *big.Int` with swaggertype:"integer" — the raw on-chain integer, i.e. wei	-	L6-repo	yes									
B12-050	P1	ui-desktop/tools/ui-verify/TESTING.md	76	architecture~loc	min-request-seconds-clears-min-duration	0	`MIN_REQUEST_SECONDS = 360` clears `MIN_SESSION_DURATION = 300s` after the contract's integer division	SessionRouter.sol	FALSE	KeepAliveProvider.tsx:56 (and Chat.tsx:739) set MIN_REQUEST_SECONDS = 5*60+5 = 305, not 360. MIN_SESSION_DURATION = 5 minutes at SessionStorage.sol:34; SessionTooShort reverts at SessionRouter.sol:148	S2	L6-repo	no									
M001-0596a2ae	P2	.ai-docs/TEE_Attestation_Architecture.md	63	symbol-unwired	PinnedHTTPClient	0			FALSE	defined proxy-router/internal/attestation/backend_verifier.go:418; 0 non-test callers (3 test refs) — doc asserts it is in use	S2	mechanized+scout-confirmed	no			mechanized	FALSE	defined proxy-router/internal/attestation/backend_verifier.go:418; 0 non-test callers (3 test refs) — doc asserts it is in use	FIXED: DONE -> NOT WIRED			
M002-a8a91718	P2	.ai-docs/TEE_Attestation_Architecture.md	801	symbol-unwired	PinnedHTTPClient	0			FALSE	defined proxy-router/internal/attestation/backend_verifier.go:418; 0 non-test callers (3 test refs) — doc asserts it is in use	S2	mechanized+scout-confirmed	no			mechanized	FALSE	defined proxy-router/internal/attestation/backend_verifier.go:418; 0 non-test callers (3 test refs) — doc asserts it is in use	FIXED: corrected: pinning not in effect on the inference connection			
M003-456b2dbf	P2	.ai-docs/TEE_Attestation_Architecture.md	872	symbol-unwired	PinnedHTTPClient	0			FALSE	defined proxy-router/internal/attestation/backend_verifier.go:418; 0 non-test callers (3 test refs) — doc asserts it is in use	S2	mechanized+scout-confirmed	no			mechanized	FALSE	defined proxy-router/internal/attestation/backend_verifier.go:418; 0 non-test callers (3 test refs) — doc asserts it is in use	FIXED: DONE -> NOT WIRED			
M004-d749ac18	P2	.ai-docs/TEE_CICD_Supply_Chain_Hardening.md	344	symbol-unwired	PinnedHTTPClient	0			FALSE	defined proxy-router/internal/attestation/backend_verifier.go:418; 0 non-test callers (3 test refs) — doc asserts it is in use	S2	mechanized+scout-confirmed	no			mechanized	FALSE	defined proxy-router/internal/attestation/backend_verifier.go:418; 0 non-test callers (3 test refs) — doc asserts it is in use	FIXED: Done -> Not wired			
